step_index,original_time_index,v,CA_feed_measured,CB_feed_measured,CC_feed_measured,T_feed_measured,F_A_feed,F_B_feed,F_C_feed,F_feed,z_A,z_B,z_C,P_cooler,T_cooler_out,beta_cooler,UA_required,Q_cooler,x_A_cooler,x_B_cooler,x_C_cooler,y_A_cooler,y_B_cooler,y_C_cooler,P_flash,T_flash_true,beta_flash,phase_state,K_A_flash,K_B_flash,K_C_flash,F_vap_true,F_vap_measured,F_liq_true,F_liq_measured,y_A_true,y_B_true,y_C_true,y_A_measured,y_B_measured,y_C_measured,x_A_true,x_B_true,x_C_true,x_A_measured,x_B_measured,x_C_measured,T_vap_true,T_vap_measured,T_liq_true,T_liq_measured
0,0.0,0.000804,103.47829807896233,13.276611539376002,11.904336403748772,1349.404067535241,0.08319655165548571,0.010674395677658306,0.009571086468614013,0.10344203380175804,0.8042818629700198,0.10319205148378367,0.0925260855461965,2.0,421.22015832178914,0.35000000000582077,14.484104303045154,8113.616139928086,0.8848262066268524,0.022439133563415693,0.09273465980973193,0.6546995104677639,0.25316175618973985,0.09213873334249637,2.0,421.22015832178914,0.0,liquid,0.075,6.0,0.175,0.0,9.14151239263294e-16,0.10344203380175804,0.1038652758503901,0.08670997561879866,0.8900143773150069,0.023275647066194612,0.0871053343707008,0.8886542413432846,0.024240424286014545,0.8042818629700198,0.10319205148378367,0.0925260855461965,0.8051912597494589,0.10258618009718651,0.09222256015335459,421.22015832178914,421.2454787728187,421.22015832178914,421.07135264739594
1,1.0,0.000804,84.83070923241533,18.211916589170105,16.477046422139622,1309.4670382220177,0.06820389022286193,0.014642380937692765,0.013247545323400257,0.09609381648395496,0.7097635697948381,0.15237589132634402,0.13786053887881783,2.0,411.95782058549173,0.35000000000582077,12.998899906856407,7042.409696251403,0.8205574579403958,0.03462254465833443,0.14481999740126977,0.5040034918143335,0.3710606779911446,0.1249358301945219,2.0,411.95782058549173,0.0,liquid,0.075,6.0,0.175,0.0,0.0,0.09609381648395496,0.0963518817080853,0.05368249151783924,0.9219878665808805,0.024329641901280237,0.05402531207451411,0.9207916422780333,0.02518304564745258,0.7097635697948381,0.15237589132634402,0.13786053887881783,0.7097040186914279,0.1522301384719407,0.13806584283663134,411.95782058549173,412.04734242571436,411.95782058549173,412.06638152578915
2,2.0,0.000804,75.73936636045529,20.64600002256181,20.611180897927763,1293.3377284434036,0.06089445055380606,0.016599384018139696,0.016571389441933922,0.09406522401387968,0.6473641156142982,0.17646674626204467,0.17616913812365717,2.0,406.53686286965313,0.35000000000582077,12.470348480560748,6641.117388282402,0.7688177573465991,0.041172543628489745,0.19000969902491102,0.421807352401467,0.42772740829100026,0.15046523930753278,2.0,406.53686286965313,0.030573176394682378,two-phase,0.075,6.0,0.175,0.002875872686381656,0.002882347292671103,0.09118935132749802,0.09099252452019943,0.049965337826552124,0.9184073309205368,0.03162733125291112,0.05134400640854871,0.9162137790289101,0.03244221456254115,0.666204504353844,0.1530678884867138,0.18072760715944214,0.666174110882906,0.1525326610748576,0.18129322804223633,406.53686286965313,406.5641949953068,406.53686286965313,406.40609617981465
3,3.0,0.000804,69.54285580290728,23.69063549858245,22.86212492225594,1284.8472552942412,0.05591245606553746,0.01904727094086029,0.018381148437493777,0.09334087544389152,0.5990136239845661,0.20406141307630937,0.19692496293912454,2.0,400.32511475467305,0.35000000000582077,12.285009464416369,6431.99899669157,0.732210786177078,0.049113280589963795,0.21867593323295811,0.3516474656316782,0.49182223054556007,0.15653030382276173,2.0,400.32511475467305,0.06744847373920493,two-phase,0.075,6.0,0.175,0.006295699586171715,0.006313464124858971,0.08704517585771981,0.08665281882504608,0.04791545956456391,0.9155920474887604,0.036492492946675524,0.04757036279092358,0.9142608421814752,0.03816879502760118,0.6388727942583885,0.15259867459679538,0.2085285311448161,0.6388770413340896,0.15127516369150362,0.20984779497440667,400.32511475467305,400.5489979213145,400.32511475467305,400.4048091236759
4,4.0,0.000804,63.4587012267003,25.62112510549466,26.221908243169093,1281.0068615549328,0.051020795786267045,0.020599384584817707,0.02108241422750795,0.0927025945985927,0.5503707421263653,0.22220936397750427,0.2274198938961305,2.0,395.47822540487346,0.35000000000582077,12.084831121313984,6249.353806324139,0.687049138782525,0.054823594662771064,0.25812726655470397,0.2965394340552551,0.533068649842071,0.17039191610267387,2.0,395.47822540487346,0.09245212320820428,two-phase,0.075,6.0,0.175,0.008570551697549306,0.00852038735370502,0.0841320429010434,0.08338380729894337,0.04513791995396531,0.9117774008056698,0.04308467924036487,0.04530226145719087,0.9115387288124219,0.04315900973038722,0.6018389327546758,0.15196290014315064,0.24619816710217354,0.6032691825623276,0.15079046756426287,0.2459403498734096,395.47822540487346,395.6212041501205,395.47822540487346,395.4081213224747
5,5.0,0.000804,60.69184643615397,28.536758027121245,27.50323086394465,1279.8076634075226,0.0487962445346678,0.02294355345380548,0.022112597614611502,0.09385239560308478,0.5199254022351661,0.24446422817843727,0.23561036958639653,2.0,389.89148396454596,0.35000000000582077,12.279883819005294,6258.647976769057,0.6639067869742178,0.06210085382987997,0.2739923591959021,0.25253140200977064,0.5831390662489188,0.16432953174131062,2.0,389.89148396454596,0.12230954153346829,two-phase,0.075,6.0,0.175,0.011479043478030995,0.011434200152504573,0.08237335212505378,0.08223904348449382,0.04396888304909284,0.910171856555786,0.04585926039512118,0.04334507064409636,0.9094003356901941,0.04725459366570943,0.5862517740128681,0.15169530943242374,0.2620529165547082,0.5859589130882406,0.15193629738324602,0.2621047895285134,389.89148396454596,389.8607311880742,389.89148396454596,390.0516411023355
6,6.0,0.000804,57.3043813774873,29.73203077222669,29.86261827390101,1279.774606044463,0.04607272262749979,0.02390455274087026,0.024009545092216412,0.09398682046058646,0.4902040775687318,0.25433941294880463,0.2554565094824636,2.0,386.80401447103577,0.35000000000582077,12.246293414279421,6193.854553675071,0.6333755357365579,0.06567904994471145,0.3009454143187307,0.22431422668998302,0.6047086585220937,0.17097711478792338,2.0,386.80401447103577,0.1362933888740372,two-phase,0.075,6.0,0.175,0.012809782270069025,0.012814695093258697,0.08117703819051743,0.08176648455617576,0.04206900331857305,0.9075625796693083,0.050368417012118756,0.042682781869617895,0.9070951671598189,0.050222050970563266,0.5609200442610685,0.1512604299485057,0.2878195257904258,0.560234328965093,0.15178560813095637,0.28798006290395056,386.80401447103577,386.7722117276551,386.80401447103577,386.8789695249284
7,7.0,0.000804,52.80758876629144,31.01680020095262,31.75105486312118,1280.1244466586415,0.04245730136809832,0.024937507361565907,0.02552784810994943,0.09292265683961365,0.4569101101078122,0.26836842821453694,0.27472146167765094,2.0,382.47695270058364,0.35000000000582077,12.093160471508941,6047.5150053464895,0.5996725453703976,0.07094003540016824,0.32938741922943415,0.1917798731956709,0.6350211577212813,0.17319896908304783,2.0,382.47695270058364,0.15593349994742312,two-phase,0.075,6.0,0.175,0.014489755105414311,0.01447600827226343,0.07843290173419934,0.07853522944018772,0.040044168564155276,0.9047816907248571,0.05517414071098761,0.04183616758468473,0.9047777858069633,0.053386046608352035,0.5339222475012476,0.15079694844826186,0.3152808040504906,0.5335223025752378,0.15100412770577173,0.3154735697189903,382.47695270058364,382.5239223725322,382.47695270058364,382.37614791349625
8,8.0,0.000804,51.02666908188232,33.27899011705805,32.68090563060529,1281.1661852551576,0.041025441941833385,0.026756308054114674,0.02627544812700665,0.09405719812295471,0.43617546302201726,0.284468478628695,0.27935605834928773,2.0,377.7609510255095,0.35000000000582077,12.335329000622366,6087.185633609443,0.5816544272957644,0.07717201773303696,0.3411735549711986,0.16600024366092378,0.6694476202857377,0.16455213605333857,2.0,377.7609510255095,0.1777982572966721,two-phase,0.075,6.0,0.175,0.016723205912469164,0.016722363004819628,0.07733399221048555,0.07720417033405388,0.03915227562363305,0.9035567733884668,0.05729095098790011,0.04094274538640501,0.9019793211677629,0.0570779334458321,0.5220303416478217,0.15059279556456592,0.32737686278761247,0.5223526872852459,0.15093057716594685,0.3267167355488073,377.7609510255095,377.6771491074669,377.7609510255095,377.66924277028846
9,9.0,0.000804,49.25517641453805,33.69273139799618,34.102697218344645,1282.2019672799645,0.039601161837288595,0.027088956043988928,0.027418568563549094,0.09410868644482662,0.42080240765559607,0.2878475629332097,0.29135002941119426,2.0,376.39097644504204,0.35000000000582077,12.311582248184017,6055.279514933434,0.5636352554094387,0.07868681689203891,0.35767792769852236,0.15554140468836625,0.6762889484321021,0.16816964687953168,2.0,376.39097644504204,0.18296278387424536,two-phase,0.075,6.0,0.175,0.017218387258693936,0.017174323136613018,0.07689029918613267,0.07699757965549475,0.037989554652451844,0.9019599033732589,0.06005054197428915,0.03761178237589304,0.9028897113698867,0.05949850625422022,0.5065273953320722,0.15032665055213348,0.3431459541157942,0.506018493971559,0.150160301057801,0.34382120497064,376.39097644504204,376.5076052756953,376.39097644504204,376.4515289655645
10,10.0,0.000804,48.05392086770616,34.04938913396148,34.55633490639793,1283.8174883024494,0.038635352377635754,0.027375708863705033,0.027783293264743936,0.09379435450608473,0.4119155420503412,0.2918694734652616,0.2962149844843972,2.0,375.0327934650097,0.35000000000582077,12.286206807661063,6022.619973220917,0.554097803564574,0.08039550051910492,0.36550669591632096,0.14786277067084788,0.6846068517877668,0.16753037754138525,2.0,375.0327934650097,0.18864826459321193,two-phase,0.075,6.0,0.175,0.017694142206213393,0.01774082278468263,0.07610021229987134,0.07574384451370893,0.037424170030340424,0.9011834094747063,0.06139242049495329,0.03849792781982645,0.899984015420573,0.06151805675960054,0.49898893371289466,0.1501972349049327,0.3508138313821726,0.4997317826502408,0.15026626570928978,0.35000195164046954,375.0327934650097,375.0689535171941,375.0327934650097,375.0065556519387
11,11.0,0.000804,46.22480220158914,35.12792592474378,36.77526945637421,1284.1275539431008,0.03716474097007767,0.028242852443493997,0.029567316642924866,0.09497491005649653,0.39131114678571377,0.29737172087547675,0.3113171323388096,2.0,372.8727303744147,0.35000000000582077,12.410365237517635,6046.035486790785,0.5298732701902801,0.08291536123415803,0.38721136857556193,0.13398148903799506,0.6956478173466105,0.1703706936153944,2.0,372.8727303744147,0.19690643597277813,two-phase,0.075,6.0,0.175,0.018701171046059895,0.018744807906128,0.07627373901043663,0.07620570511673232,0.035884235083869946,0.8990684773698175,0.06504728754631257,0.03599317409760016,0.8979809928217787,0.06602583308062118,0.47845646778868156,0.14984474622947702,0.3716987859818414,0.47896277471317183,0.1493234210981848,0.3717138041886433,372.8727303744147,372.89837626550053,372.8727303744147,372.85579612371254
12,12.0,0.000804,44.1475204683222,36.76662738264656,37.97400715020051,1285.650439506442,0.03549460645653105,0.029560368415647836,0.030531101748761207,0.0955860766209401,0.3713365765318505,0.3092539150118442,0.3194095084563052,2.0,368.8494274693375,0.35000000000582077,12.56957157321878,6049.046121766882,0.5087397239522047,0.0882335909617979,0.40302668508599754,0.11615930275492314,0.7197202310987871,0.16412046614628978,2.0,368.8494274693375,0.2135111296956893,two-phase,0.075,6.0,0.175,0.020408691202515636,0.020412734002864877,0.07517738541842446,0.07519982078741252,0.0347042575919319,0.8974479074090862,0.06784783499898187,0.03390240813349125,0.8975068581091593,0.06859073375734949,0.4627234345249263,0.14957465122380367,0.38770191425127004,0.4631380383050697,0.14883321320207465,0.3880287484928557,368.8494274693375,368.9181228361146,368.8494274693375,368.9766513555147
13,13.0,0.000804,42.75564532355693,37.31281117704983,37.396324539416106,1286.1079754016964,0.03437553884013977,0.029999500186348064,0.03006664492969055,0.09444168395617838,0.3639869324660736,0.3176510512060336,0.31836201632789274,2.0,366.11741277497947,0.35000000000582077,12.517279168698963,5968.8928536977355,0.5024184417969568,0.09207526923655561,0.4055062889664875,0.10689984371219091,0.7365775034294069,0.15652265285840236,2.0,366.11741277497947,0.22489176745875739,two-phase,0.075,6.0,0.175,0.021239157226686328,0.02131098218636791,0.07320252672949205,0.07318361837369299,0.03446954255658892,0.8971255520195639,0.06840490542384721,0.03504753639223891,0.8962442119296185,0.0687082516781425,0.4595939007813278,0.14952092534531577,0.3908851738733565,0.45995094462457137,0.14846272869134144,0.3915863266840873,366.11741277497947,366.2896957633164,366.11741277497947,366.04254388764247
14,14.0,0.000804,41.259527901907326,37.18014026959642,38.7079399380985,1287.2016030836494,0.033172660433133494,0.029892832776755522,0.031121183710231193,0.09418667692012021,0.3522011978537819,0.31737856939265047,0.3304202327535676,2.0,365.81449510384994,0.35000000000582077,12.42136464356742,5922.309494499585,0.48654336353024497,0.09215888822902682,0.42129774824072813,0.1027086044581108,0.7356436915478409,0.16164770399404838,2.0,365.81449510384994,0.2252449195657391,two-phase,0.075,6.0,0.175,0.021215070467036735,0.02124482519795636,0.07297160645308348,0.07314472563236145,0.03336719709414856,0.895611601146753,0.07102120175909842,0.0330327372422777,0.8960215145426832,0.070945748215039,0.444895961224234,0.1492686001806977,0.40583543859506815,0.44557752042160986,0.14936482499571455,0.4050576545826756,365.81449510384994,365.8315906390687,365.81449510384994,365.8236244810675
15,15.0,0.000804,40.26860401755368,37.53719177874062,38.450440140645306,1287.8529119177992,0.03237595763011316,0.03017990219010746,0.030914153873078828,0.09347001369329945,0.34637801312779826,0.32288325418605296,0.33073873268614873,2.0,363.94138405817614,0.35000000000582077,12.391491138347082,5870.919906396652,0.4808493943397393,0.09479136239555908,0.42435924326470165,0.09664544802342744,0.7464824817910003,0.15687207018557228,2.0,363.94138405817614,0.23279281638679095,two-phase,0.075,6.0,0.175,0.021759147735375094,0.02170305532043178,0.07171086595792435,0.0717850103807893,0.033107500050135436,0.8952549357014068,0.07163756424845776,0.032580584912149727,0.8938510847749959,0.07356833031285442,0.44143333402686713,0.14920915595870546,0.40935751001442744,0.44095082088814275,0.14879860818367913,0.4102505709281781,363.94138405817614,363.930080021089,363.94138405817614,364.03684683754136
16,16.0,0.000804,39.06106286151762,38.07630976889004,38.5575742060087,1288.3709542744402,0.031405094540660164,0.030613353054187595,0.031000289661630997,0.09301873725647876,0.3376211660890161,0.3291095316611103,0.3332693022498736,2.0,361.70328839141723,0.35000000000582077,12.396862127673622,5827.967028573675,0.47134331319641126,0.09790476226646962,0.43075192453711914,0.08928003575015263,0.7584898176737778,0.15223014657606965,2.0,361.70328839141723,0.24147927141166292,two-phase,0.075,6.0,0.175,0.022462096900327397,0.022486945647859795,0.07055664035615136,0.07069810487165228,0.03260437129317053,0.8945639434197172,0.07283168528711222,0.030959620784608646,0.8976798384457313,0.07136054076966011,0.43472495060644717,0.14909399058052986,0.41618105881302303,0.4345340481999067,0.14979512253891933,0.415670829261174,361.70328839141723,361.8541603537495,361.70328839141723,361.7842001402558
17,17.0,0.000804,39.70750992692384,39.42138556675897,39.80724065866202,1288.6456319437732,0.03192483798124677,0.031694793995674216,0.032005021489564266,0.09562465346648524,0.33385572468961533,0.3314500272336431,0.33469424807674164,2.0,360.8328046542705,0.35000000000582077,12.768633672540775,5984.533163600449,0.46708059359181353,0.0991124621009004,0.4338069443072861,0.08643811101761857,0.7629340767597509,0.15062781222263052,2.0,360.8328046542705,0.24478030335740186,two-phase,0.075,6.0,0.175,0.023407031683972686,0.02333969789771624,0.07221762178251255,0.07206848395514143,0.03236799941406776,0.8942393124964566,0.07339268808947563,0.032344732100594235,0.8961597974331016,0.0714954704663042,0.43157332551240263,0.1490398854131404,0.4193867890744571,0.43035761128225786,0.1487997482134904,0.42084264050425174,360.8328046542705,360.9295596958696,360.8328046542705,360.8168433875184
18,18.0,0.000804,39.69526552827327,39.03559644491226,40.47228154031994,1290.2152292596031,0.03191499348473171,0.03138461954170946,0.03253971435841723,0.0958393273848584,0.3330051906204628,0.32747119995614554,0.3395236094233917,2.0,362.0691982693626,0.35000000000582077,12.726255410585145,5997.069938375291,0.4644780694961875,0.09720629602352192,0.43831563448029065,0.088841272711684,0.7551060215395566,0.15605270574875946,2.0,362.0691982693626,0.23963012450258248,two-phase,0.075,6.0,0.175,0.02296598995347738,0.023026513395860735,0.07287333743138101,0.0730696178470056,0.03208793174480208,0.8938546702059549,0.074057398049243,0.03254499510577795,0.8953460906436005,0.0721089142506216,0.42783908992713765,0.14897577836642062,0.42318513170644184,0.4263575122406685,0.15041101122493764,0.4232314765343938,362.0691982693626,362.0371002853242,362.0691982693626,362.0403076812773
19,19.0,0.000804,37.89101948702638,38.71735668970391,41.32233678874233,1289.8630533498224,0.030464379667569208,0.031128754778521946,0.03322315877814883,0.09481629322423998,0.3212989944198844,0.32830596641130677,0.3503950391688088,2.0,361.42022568918674,0.35000000000582077,12.5398681509266,5896.6661532170165,0.4488689861182318,0.09782996051489638,0.4533010533668719,0.0843832955546276,0.7563328344990351,0.15928386994633736,2.0,361.42022568918674,0.24146991086308844,two-phase,0.075,6.0,0.175,0.022895281873225686,0.022891852669811263,0.0719210113510143,0.07227247572911474,0.03102777898031956,0.8923986664006789,0.07657355461900162,0.03174782607436747,0.89048127894465,0.0777708949809824,0.4137037197145047,0.14873311105847875,0.43756316922701666,0.41371183426408925,0.1487065820824997,0.43758158365341115,361.42022568918674,361.42074433405264,361.42022568918674,361.2463441429346
20,20.0,0.000804,37.92463327824879,38.832372666772045,40.93858864247046,1290.711093630989,0.03049140515571203,0.031221227624084726,0.03291462526854625,0.09462725804834302,0.3222264470575131,0.3299390499948173,0.3478345029476695,2.0,360.9318710785856,0.35000000000582077,12.553941592623325,5894.287852809364,0.45070215324488,0.09860247468616448,0.45069537206895555,0.08362870699876028,0.7595641184188705,0.15680717458236915,2.0,360.9318710785856,0.2435519598366227,two-phase,0.075,6.0,0.175,0.02304665415163977,0.023033872774764923,0.07158060389670325,0.07137227223124301,0.031194698809010556,0.8926279125214017,0.07617738866958773,0.03149906198260284,0.8911294906911315,0.07737144732626569,0.4159293174396416,0.1487713187486193,0.435299363811739,0.4154250576495667,0.1500987015465099,0.4344762408039235,360.9318710785856,360.95140917017943,360.9318710785856,360.82624657931905
21,21.0,0.000804,37.67299383305162,40.18395330577052,40.54429371711876,1290.9234422829556,0.030289087041773504,0.032307898457839504,0.032597612148563486,0.0951945976481765,0.31818073493746946,0.33938794066071015,0.3424313244018203,2.0,357.7283654437225,0.35000000000582077,12.790680771862723,5932.516258908623,0.448420319720402,0.10339161825768742,0.4481880620219105,0.07630722034397301,0.7776668251173454,0.1460259545386817,2.0,357.7283654437225,0.25619798016850837,two-phase,0.075,6.0,0.175,0.02438866364041666,0.02433884275555279,0.07080593400775985,0.07061737164770734,0.03127526547765703,0.8927385620184026,0.07598617250394041,0.03289598833934384,0.8921997783538983,0.07490423330675791,0.41700353967665205,0.1487897603273227,0.4342066999960254,0.41795704929209815,0.14808207100264456,0.4339608797052575,357.7283654437225,357.764546738183,357.7283654437225,357.76020136638
22,22.0,0.000804,37.42586258323575,40.86441233478413,40.16893972088519,1290.0302206087724,0.030090393516921544,0.03285498751716644,0.032295827535591695,0.09524120856967967,0.31593880389397866,0.34496609199503503,0.33909510411098637,2.0,355.7858693197496,0.35000000000582077,12.895658390652038,5932.847911038613,0.447206809947555,0.10633418295911151,0.44645900709333347,0.07215536408365376,0.7881396373411748,0.1397049985751715,2.0,355.7858693197496,0.2636512264434714,two-phase,0.075,6.0,0.175,0.0251104614473545,0.025202557178812215,0.07013074712232517,0.07041178578282649,0.031338052592348696,0.8928247932598599,0.07583715414779146,0.03157630243759263,0.8943095390181685,0.0741141585442389,0.4178407012312737,0.1488041322099616,0.43335516655876466,0.4164238617981063,0.1491356437103121,0.4344404944915817,355.7858693197496,355.6502093346557,355.7858693197496,355.7720811008554
23,23.0,0.000804,37.144049531048566,40.1084583189189,40.65330633376842,1291.6311874691812,0.029863815822963047,0.032247200488410795,0.03268525829234981,0.09479627460372365,0.315031534180036,0.34017371065702307,0.34479475516294095,2.0,357.3634129282898,0.35000000000582077,12.739030161503468,5902.593266205398,0.44435163152777063,0.10385948669360584,0.45178888177862353,0.07486563910873043,0.7790429837263512,0.1460913771649183,2.0,357.3634129282898,0.25743919258820824,two-phase,0.075,6.0,0.175,0.02440427639435269,0.02439296285377824,0.07039199820937096,0.07035159095266452,0.0310123825918652,0.8923775211687688,0.07661009623936593,0.03137562184179981,0.8916347469090828,0.0769896312491173,0.4134984345870126,0.14872958687182397,0.43777197854116356,0.41399606049619636,0.14873927903590117,0.43726466046790247,357.3634129282898,357.20916446750965,357.3634129282898,357.3709056361464
24,24.0,0.000804,37.24788061540595,40.77530376487779,41.173830024559,1291.0173150572798,0.029947296014786382,0.03278334422696175,0.03310375933974544,0.09583439958149356,0.31249004684711834,0.3420832641528073,0.3454266890000744,2.0,356.64231423296985,0.35000000000582077,12.900727318458845,5959.263905187359,0.441484451391349,0.10489900823961962,0.4536165403690312,0.07292900983958127,0.7825683108428855,0.14450267931753336,2.0,356.64231423296985,0.260113224881934,two-phase,0.075,6.0,0.175,0.024927794729766157,0.02489576292568237,0.07090660485172741,0.0712052254779164,0.030862390816745824,0.8921715238630878,0.07696608532016631,0.032284693693297895,0.8909439767307459,0.07677132957595614,0.4114985442109406,0.1486952539727233,0.4398062018163361,0.4123971432690865,0.1475058831258935,0.44009697360502,356.64231423296985,356.5535752307696,356.64231423296985,356.74623959393324
25,25.0,0.000804,36.401615338131954,40.26877305322893,42.19142766602247,1291.2052861774932,0.02926689873185809,0.032376093534796056,0.03392190784348207,0.09556490011013621,0.3062515494509878,0.3387864529496018,0.35496199759941044,2.0,357.5328341654114,0.35000000000582077,12.763232109954334,5918.844342119769,0.4318009725692172,0.10333019497094784,0.46486883245983507,0.07308833509194627,0.7760623606178979,0.15084930429015578,2.0,357.5328341654114,0.25621206444338895,two-phase,0.075,6.0,0.175,0.024484880345544247,0.02445901450199618,0.07108001976459197,0.07098565342314847,0.0301032117973382,0.8911288745649683,0.07876791363769353,0.03052717025899624,0.8915597430493492,0.07791308669165475,0.4013761572834063,0.14852147908881946,0.4501023636277741,0.39986154227228676,0.14919076499741252,0.4509476927303006,357.5328341654114,357.4363603211102,357.5328341654114,357.41410185450513
26,26.0,0.000804,36.69552058945334,40.35625102500413,42.052745148337344,1291.5522551873378,0.029503198553920484,0.03244642582410332,0.03381040709926322,0.09576003147728702,0.3080951217201536,0.338830567654932,0.35307431062491446,2.0,357.579126156832,0.35000000000582077,12.802169273588193,5938.450194305933,0.4343544745151505,0.10331478480298964,0.46233074068186003,0.07361346653249991,0.7762170215171266,0.15016951195037342,2.0,357.579126156832,0.25614578524255194,two-phase,0.075,6.0,0.175,0.024528528457601177,0.02456769874061944,0.07123150301968585,0.07154243826976557,0.030281993836450322,0.891374412143897,0.07834359401965257,0.03149640678517681,0.8912783372540977,0.0772252559607255,0.40375991783725607,0.14856240203057589,0.44767768013216797,0.4027333596246968,0.14983401338941105,0.4474326269858921,357.579126156832,357.5147437554347,357.579126156832,357.55550812660874
27,27.0,0.000804,36.97656299690959,40.57865329659479,41.08883365603541,1290.5256094405436,0.029729156649515313,0.03262523725046221,0.033035422259452475,0.09538981615942999,0.3116596492840223,0.34202012923406777,0.34632022148191005,2.0,356.6359456094217,0.35000000000582077,12.832576331942267,5926.542964886967,0.44031755076680956,0.10488369404731764,0.45479875518587276,0.07272354653356866,0.7824163660033887,0.14486008746304257,2.0,356.6359456094217,0.2600870855676476,two-phase,0.075,6.0,0.175,0.02480965927773984,0.024836858905905673,0.07058015688169014,0.07060799775042369,0.030779398425548193,0.8920575429059778,0.077163058668474,0.03170868576342135,0.8908829507931285,0.07740836344345009,0.4103919790162735,0.14867625715424382,0.44093176382948274,0.41009995910888414,0.14905768557461962,0.4408423553164963,356.6359456094217,356.6994166736307,356.6359456094217,356.6548167057628
28,28.0,0.000804,36.16797281460693,41.198705909166,41.14794460686981,1291.4329652428107,0.02907905014294397,0.03312375955096947,0.033082947463923325,0.09528575715783677,0.3051773004728899,0.347625506046002,0.347197193481108,2.0,354.52317101748406,0.35000000000582077,12.90562926161688,5913.050985993236,0.433162226255359,0.1079816886014094,0.4588560851432316,0.06749100973734086,0.7926783098654535,0.1398306803972055,2.0,354.52317101748406,0.2678805550967809,two-phase,0.075,6.0,0.175,0.025525201520258375,0.025556806769513284,0.0697605556375784,0.06981459819616828,0.03042804899136235,0.8915750028995861,0.07799694810905151,0.030840856373682425,0.8911993239568257,0.07795981966949192,0.40570731986906294,0.1485958338108223,0.4456968463201147,0.4065071709017983,0.14843926062506158,0.44505356847314015,354.52317101748406,354.5062781018516,354.52317101748406,354.4527550237266
29,29.0,0.000804,36.01479260906485,40.07493523397231,40.72416927393978,1291.767940229463,0.028955893257688138,0.03222024792811374,0.03274223209624758,0.09391837328204947,0.3083091438427038,0.34306650341304373,0.3486243527442524,2.0,356.1739455610383,0.35000000000582077,12.643550349813497,5832.375649416643,0.4360328287719976,0.10549968218030337,0.45846748904769885,0.07110801469146073,0.7842620285536842,0.14462995675485504,2.0,356.1739455610383,0.26168759920983575,two-phase,0.075,6.0,0.175,0.024577273625872708,0.0246090388428968,0.06934109965617676,0.06966659746100004,0.030507978452184534,0.8916847772847212,0.07780724426309425,0.0318435069380846,0.8899084590686698,0.0782480339932457,0.40677304605470527,0.14861412955679848,0.4446128243884962,0.4057029087690143,0.149441785019711,0.44485530621127467,356.1739455610383,356.1935850215393,356.1739455610383,356.317093272431
30,30.0,0.000804,35.28346246581701,41.00636310334652,41.57358809609155,1292.3012779431724,0.028367903822516877,0.0329691159350906,0.03342516482925761,0.09476218458686508,0.2993589050969276,0.34791426642205575,0.3527268284810167,2.0,354.23167654418603,0.35000000000582077,12.812683677564737,5867.064872196151,0.42516908912790974,0.10826415166512442,0.46656675920696594,0.06571142047122222,0.792978765250144,0.14130981427863373,2.0,354.23167654418603,0.26866716172662564,two-phase,0.075,6.0,0.175,0.025459487171967634,0.025623062920831344,0.06930269741489745,0.06922748240510157,0.029876819044072144,0.8908179488922775,0.07930523206365032,0.02899151027454242,0.8913763899835968,0.07963209974186075,0.398357587233406,0.14846965814092739,0.45317275462566675,0.39767903999044724,0.14844738335413096,0.4538735766554217,354.23167654418603,354.1092462031818,354.23167654418603,354.32253522434735
31,31.0,0.000804,35.57992462628102,40.72602711824508,41.26908856183124,1292.36650792883,0.028606259399529942,0.03274372580306904,0.03318034720371232,0.09453033240631131,0.3026146070932471,0.3463832715866226,0.3510021213201302,2.0,354.86272543452253,0.35000000000582077,12.766880470142423,5860.7461918376775,0.42921054684088666,0.10737297581334775,0.46341647734576563,0.06750786185091093,0.7902595351593691,0.14223260298972,2.0,354.86272543452253,0.2664307587838266,two-phase,0.075,6.0,0.175,0.025185788191100875,0.025155080543539838,0.06934454421521044,0.06914875916683211,0.030118836048433958,0.8911503327701027,0.07873083118146332,0.030884890330659436,0.8910729125690647,0.07804219710027582,0.4015844806451652,0.14852505546145414,0.44989046389338055,0.4014635052934332,0.1477580930102932,0.45077840169627365,354.86272543452253,354.81656121423043,354.86272543452253,354.8917387672314
32,32.0,0.000804,34.1874531593648,40.44208071926992,41.85198535700895,1292.1101696620842,0.0274867123401293,0.03251543289829301,0.0336489962270352,0.09365114146545751,0.29350109256562085,0.34719740079501404,0.35930150663936505,2.0,354.2837155663981,0.35000000000582077,12.61392813847918,5778.232984308993,0.4168030917958657,0.10800669233170904,0.47519021587242527,0.06451166542692324,0.7914087165064009,0.14407961806667588,2.0,354.2837155663981,0.2681372155493591,two-phase,0.075,6.0,0.175,0.025111356305566903,0.02507276697651295,0.0685397851598906,0.06844755167654457,0.029273098542012373,0.8899888048528134,0.0807380966051742,0.030522855771261608,0.890622152377917,0.07885499185082134,0.3903079805347166,0.14833146746579756,0.46136055199948584,0.3906965551404511,0.1483738687522571,0.46092957610729185,354.2837155663981,354.34244133257255,354.2837155663981,354.46313874433093
33,33.0,0.000804,36.69128804974569,40.50929882398243,40.794895040461554,1292.5818675561538,0.029499795591995535,0.03256947625448187,0.03279909561253109,0.0948683674590085,0.3109550251799373,0.3433122876132,0.34573268720686257,2.0,356.17889501305604,0.35000000000582077,12.79512863886944,5903.898198490337,0.4397699919154929,0.10557209450844678,0.4546579135760605,0.0717272298169777,0.7848297890877867,0.14344298109523565,2.0,356.17889501305604,0.2618283718766179,two-phase,0.075,6.0,0.175,0.024839230194384915,0.02477858973001633,0.07002913726462359,0.0701241669335807,0.030775082370480093,0.8920516152841695,0.07717330234535026,0.03175285693913182,0.8898120073024806,0.07843513575838769,0.41033443163236855,0.1486752692234369,0.4409902991441945,0.4103510184514177,0.14935935782536083,0.4402896237232214,356.17889501305604,356.2383902588737,356.17889501305604,356.029005485095
34,34.0,0.000804,34.45806871859516,40.44816742982693,41.3469029284754,1291.2807810891748,0.027704287249750506,0.032520326613580855,0.03324290995449422,0.09346752381782558,0.2964054905717627,0.34793183006500883,0.3556626793632285,2.0,354.12806347962976,0.35000000000582077,12.616966447801337,5773.049798108634,0.4210675241618818,0.108338278657968,0.47059419718015033,0.06489028533609287,0.7928912826720829,0.14221843199182424,2.0,354.12806347962976,0.26889783117803745,two-phase,0.075,6.0,0.175,0.025133214440194857,0.02517965906894987,0.06833430937763073,0.06801332418308308,0.02959046202456613,0.8904246688819373,0.07998486909349665,0.029464445563523654,0.8894767688127699,0.0810587856237063,0.39453949367619556,0.14840411148608312,0.45705639483772137,0.3951296734143076,0.1489206938767476,0.45594963270894473,354.12806347962976,354.05560609681095,354.12806347962976,354.1272908515192
35,35.0,0.001459,44.53732518257471,39.77659348530055,41.881988392802825,1291.597820915243,0.06497995744137651,0.05803404989505351,0.06110582106509932,0.18411982840152935,0.35292210516114497,0.31519717565938954,0.3318807191794654,2.0,366.4943366871918,0.35000000000582077,24.26161558860685,11617.725276912694,0.48665287608648566,0.09116372296961386,0.4221834009439005,0.1045649591604092,0.7312593020774487,0.16417573876214217,2.0,366.4943366871918,0.22235088879824616,two-phase,0.075,6.0,0.175,0.040939207490460615,0.04107786518328866,0.14318062091106873,0.14345444135003171,0.03332281324357314,0.8955506447965665,0.07112654195986028,0.03249312817379939,0.8964284992236625,0.07107837260253806,0.44430417657734256,0.1492584407982074,0.40643738262445,0.44565095558806345,0.14811735110971275,0.40623169330222386,366.4943366871918,366.5105029258297,366.4943366871918,366.5309703840852
36,36.0,0.001459,46.59553920238252,38.56249535478953,39.53330306292885,1286.0371974316022,0.0679828916962761,0.05626268072263793,0.057679089168813195,0.18192466158772722,0.3736870587141017,0.30926362721585765,0.3170493140700407,2.0,368.92263421639507,0.35000000000582077,23.951230952612544,11530.22445410072,0.5118546791055767,0.08819916220654885,0.3999461586878745,0.11709004941946363,0.7198119193698979,0.1630980312106386,2.0,368.92263421639507,0.21338827619911171,two-phase,0.075,6.0,0.175,0.03882058993431187,0.03880731941172883,0.14310407165341535,0.14287277054569184,0.03491898346516502,0.8977428099094864,0.06733820662534862,0.03582395655025515,0.8983629425428545,0.06581310090689023,0.46558644620283784,0.14962380165178596,0.38478975214537625,0.4652007818579845,0.14991963610251208,0.3848795820395033,368.92263421639507,369.1425190017433,368.92263421639507,368.83117871171567
37,37.0,0.001459,52.69448967988877,34.97892548692325,37.530944758411536,1279.6371948366927,0.07688126044295772,0.05103425228542102,0.05475764840252243,0.18267316113090118,0.4208678492614776,0.2793746600183403,0.29975749072018204,2.0,378.61383599141914,0.35000000000582077,23.661926399851694,11706.966084992826,0.5596743207777773,0.07543261089436114,0.3648930683278614,0.16308440216356446,0.6581241798144528,0.17879141802198273,2.0,378.61383599141914,0.17194751018541865,two-phase,0.075,6.0,0.175,0.03141019523415825,0.031331026797252345,0.15126296589674293,0.15178383053881211,0.037535100787066566,0.9013357607243057,0.061129138488627846,0.03836540074341248,0.900887269622348,0.0607473296342396,0.5004680104573043,0.1502226267763032,0.3493093627663925,0.50103023096027,0.1493188983997848,0.34965087063994515,378.61383599141914,378.6120761984936,378.61383599141914,378.6439074456009
38,38.0,0.001459,56.66684345998663,31.678350323720824,34.69758118256602,1272.9230334162876,0.0826769246081205,0.046218713122308686,0.05062377094536382,0.179519408675793,0.46054588313307504,0.2574580289854808,0.2819960878814442,2.0,385.21504040563457,0.35000000000582077,23.093590999196106,11605.187413236234,0.5985555647235273,0.06705402378494267,0.33439041149152987,0.2042421887548286,0.6110654672095022,0.18469234403566923,2.0,385.21504040563457,0.14161690513719805,two-phase,0.075,6.0,0.175,0.025422983068725664,0.025360100752764663,0.15409642560706732,0.15298958474219318,0.03974771901455803,0.9043745497319939,0.05587773125344797,0.037987524449329665,0.9059998514936458,0.05601262405702449,0.5299695868973168,0.15072909163239223,0.319301321470291,0.5293756477698031,0.15061007321133035,0.32001427901886664,385.21504040563457,385.1457217110203,385.21504040563457,385.1043821562558
39,39.0,0.001459,61.94669826854401,28.89106042726812,32.06273973229713,1268.076325538194,0.09038023277380572,0.04215205716338419,0.046779537269421516,0.17931182720661143,0.5040394389025182,0.23507683692729664,0.2608837241701851,2.0,391.51595798520316,0.35000000000582077,23.011293296842254,11728.77372440401,0.6395102364428327,0.0592074147276441,0.30128234882952315,0.2524508149034337,0.5616914781495669,0.18585770694699943,2.0,391.51595798520316,0.11080006943666376,two-phase,0.075,6.0,0.175,0.0198677629053076,0.019906540375076814,0.15944406430130384,0.1590678245692351,0.04211982108910987,0.9076323722968106,0.05024780661407947,0.04297213903294314,0.9052167942691072,0.051811066697949666,0.5615976144765603,0.1512720620373729,0.28713032348606693,0.5617969404896447,0.15177554772813595,0.28642751178221937,391.51595798520316,391.49858174626695,391.51595798520316,391.58501371703056
40,40.0,0.001459,67.38256842243564,27.45832916377784,28.76560970422093,1262.715041464356,0.0983111673283336,0.04006170224995187,0.04196902455845834,0.18034189413674384,0.5451377107849903,0.2221430713130648,0.23271921790194475,2.0,395.35446389552624,0.35000000000582077,23.259800820014192,11933.620895278062,0.680870560287434,0.05484229757624691,0.26428714213631904,0.29306241885628387,0.5328445082474424,0.17409307289627374,2.0,395.35446389552624,0.09255200854386203,two-phase,0.075,6.0,0.175,0.01669100452696018,0.016728221503168897,0.16365088960978366,0.16282291357003958,0.04471325746260287,0.9111941733341997,0.04409256920319741,0.044021230607432654,0.9103565851658628,0.04562218422670451,0.5961767661515102,0.1518656955514897,0.25195753829700007,0.5968039686718196,0.15191382946333293,0.25128220186484745,395.35446389552624,395.36368160627893,395.35446389552624,395.46024737233915
41,41.0,0.001459,70.22599568363697,24.56563668372232,26.68915934390672,1258.6325271024357,0.10245972770242634,0.03584126392155087,0.038939483482759905,0.17724047510673713,0.5780831248659394,0.20221827943062481,0.21969859570343572,2.0,400.1617669466676,0.35000000000582077,22.815850847621324,11817.614431368522,0.7071420173769227,0.04870997345909739,0.24414800916397994,0.3384023244929124,0.48730513337237896,0.1742925421347086,2.0,400.1617669466676,0.06573133313213475,two-phase,0.075,6.0,0.175,0.011650252713738775,0.011669236367203678,0.16559022239299837,0.1651797758297498,0.0461630140875903,0.9131852554011654,0.04065173051124442,0.046397473361148356,0.913085845232686,0.04051668140616566,0.6155068545076905,0.15219754256846482,0.2322956029238447,0.6156959540116888,0.15211835286056816,0.23218569312774318,400.1617669466676,400.1466501085986,400.1617669466676,400.18900028678047
42,42.0,0.001459,74.56408986873284,23.62176401233891,23.60069467178634,1254.9331284263967,0.1087890071184812,0.03446415369400247,0.03443341352613627,0.17768657433861995,0.6122522622961957,0.19396036995076296,0.19378736775304137,2.0,402.556786976651,0.35000000000582077,23.033891421671765,11969.024153819726,0.7408598921780869,0.04615984033922643,0.21298026748268653,0.37340952109170217,0.46844706779531964,0.1581434111129782,2.0,402.556786976651,0.05404970308882184,two-phase,0.075,6.0,0.175,0.009603906585872278,0.009584732106689904,0.16808266775274766,0.168207552788857,0.04833550014705732,0.9161689272380443,0.03549557261489842,0.04958927203955242,0.9158012534167734,0.034609474543674204,0.6444733352849824,0.15269482120418104,0.20283184351083647,0.6453225112202873,0.15237862627752513,0.20229886250218754,402.556786976651,402.5536515065833,402.556786976651,402.3715071951445
43,43.0,0.001459,75.91161612385827,21.74384281287124,23.07255735399563,1252.6241380170052,0.11075504792470921,0.031724266663979137,0.03366286117947963,0.17614217576816799,0.6287821042387999,0.18010602245389246,0.1911118733073076,2.0,405.4684547567974,0.35000000000582077,22.77189697309516,11898.41419687748,0.7505759794106652,0.04224446270882306,0.20717955788051182,0.4025934789240681,0.4361346334039882,0.16127188767194361,2.0,405.4684547567974,0.03574919045786373,two-phase,0.075,6.0,0.175,0.006296940189198748,0.006301325907095537,0.16984523557896924,0.16975391321370464,0.04877143157112173,0.9167676313550637,0.03446093707381447,0.04877477371988244,0.917719083228848,0.033506143051269595,0.6502857543276217,0.15279460523665203,0.19691964043572632,0.6503048712713431,0.15239640730769147,0.19729872142096547,405.4684547567974,405.32411007710374,405.4684547567974,405.3717754046808
44,44.0,0.001459,79.57141460943858,19.577088169778992,21.779354539841272,1250.979353157173,0.11609469391517088,0.02856297163970755,0.03177607827362842,0.17643374382850685,0.6580073142245093,0.16189063962430386,0.18010204615118686,2.0,409.2824287542221,0.35000000000582077,22.830231143754627,12016.050226709622,0.7710402022122618,0.03726573433431046,0.19169406345342777,0.4480890936800917,0.3933368923010171,0.15857401401889118,2.0,409.2824287542221,0.011553730728337541,two-phase,0.075,6.0,0.175,0.0020384679675870534,0.0020391815484396693,0.1743952758609198,0.1742627123078188,0.049883665326415756,0.9182951626600167,0.03182117201356759,0.04977373450426545,0.9173007677675938,0.0329254977281408,0.6651155376116021,0.15304919375965487,0.18183526862874294,0.6640771150115856,0.1543489548470847,0.1815739301413298,409.2824287542221,409.1861657067135,409.2824287542221,409.33889975454343
45,45.0,0.001459,80.46465168223845,18.37700097532542,20.111985622651016,1248.865957613005,0.1173979268043859,0.026812044422999788,0.029343387023447833,0.1735533582508335,0.6764370795678457,0.1544887675653549,0.16907415286679944,2.0,410.91256559963375,0.35000000000582077,22.513547569574687,11875.79794282648,0.7861921886407426,0.035280761480759176,0.17852704987849835,0.47260616272222533,0.37587506457521064,0.15151877270256414,2.0,410.91256559963375,0.001602463045855984,two-phase,0.075,6.0,0.175,0.00027811284308116544,0.00027829530340332267,0.17327524540775235,0.1731924970147916,0.050808092695275885,0.9195647625229538,0.029627144781770275,0.05198098870280188,0.9186253447692919,0.029393666527906297,0.6774412360234656,0.15326079377338447,0.1692979702031499,0.6777893311338465,0.15311007705096902,0.16910059181518433,410.91256559963375,410.8976320759266,410.91256559963375,410.914685463985
46,46.0,0.001459,82.0161875839009,19.1475454241799,19.66074336197386,1248.0719133056573,0.11966161768491142,0.027936268773878472,0.028685024565119864,0.17628291102390975,0.678804411555703,0.15847406088097443,0.16272152756332253,2.0,410.30318710423177,0.35000000000582077,22.92779708521285,12072.575527052864,0.791368032981321,0.036298201372087995,0.17233376564659103,0.46975768605511153,0.3853720856787121,0.1448702282661764,2.0,410.30318710423177,0.006673958705505356,two-phase,0.075,6.0,0.175,0.0011765048686598486,0.0011795805892596877,0.1751064061552499,0.1752132499068575,0.051226573604469874,0.9201395002161408,0.028633926179389365,0.05185623921367567,0.9189406946275488,0.029203066158775534,0.6830209813430131,0.15335658335814875,0.16362243529883805,0.6818182338056192,0.1531102289128801,0.1650715372815007,410.30318710423177,410.2866603072295,410.30318710423177,410.0337868424625
47,47.0,0.001459,82.54544477996039,18.184107132976727,18.32389202543999,1247.17393169302,0.1204338039339622,0.026530612307013045,0.026734558465116944,0.1736989747060922,0.6933478112794997,0.15273902653659435,0.15391316218390594,2.0,411.5559015727372,0.35000000000582077,22.646212723245927,11948.039782382975,0.8032231016285547,0.03477258218742349,0.16200431618402172,0.4892937006352927,0.3718195660378619,0.13888673332684537,2.0,411.5559015727372,0.0,liquid,0.075,6.0,0.175,0.0,6.707866463240467e-16,0.1736989747060922,0.1731734296767732,0.052242968257944465,0.9206969414528323,0.027060090289223175,0.05226032146737374,0.9215837431941751,0.02615593533845104,0.6933478112794997,0.15273902653659435,0.15391316218390594,0.6944060187083957,0.1514743013719077,0.15411967991969663,411.5559015727372,411.4992826452512,411.5559015727372,411.680184611124
48,48.0,0.001459,83.80892806650533,17.025288637164046,18.623720682857044,1245.8094698100267,0.12227722604903128,0.024839896121622344,0.027172008476288426,0.17428913064694204,0.70157688890381,0.14252120042953562,0.15590191066665446,2.0,413.3721310573557,0.35000000000582077,22.665810843051553,11996.916518668875,0.8052106090440649,0.032163430331603717,0.16262596062433132,0.5091142657902907,0.3474713448927603,0.14341438931694897,2.0,413.3721310573557,0.0,liquid,0.075,6.0,0.175,0.0,2.0367406892156844e-15,0.17428913064694204,0.17465871927517324,0.056274517535502507,0.9145468637411056,0.029178618723391753,0.05755288921333868,0.9117182041277784,0.03072890665888292,0.70157688890381,0.14252120042953562,0.15590191066665446,0.7007661108687243,0.14304284051101793,0.15619104862025776,413.3721310573557,413.35442969874805,413.3721310573557,413.3857967079811
49,49.0,0.001459,84.25162120879546,16.67576238440349,18.17683979605592,1245.994479304531,0.12292311534363257,0.024329937318844693,0.026520009262445587,0.17377306192492284,0.7073772769034848,0.14000983264803282,0.15261289044848234,2.0,413.8875361383456,0.35000000000582077,22.625661967070887,11988.005704971663,0.8096954696415959,0.03151860363204192,0.15878592672636213,0.5173577761080758,0.34149354367355245,0.14114868021837176,2.0,413.8875361383456,0.0,liquid,0.075,6.0,0.175,0.0,2.0273720846667437e-16,0.17377306192492284,0.17411852240904485,0.05767793901842325,0.9132867399759246,0.02903532100565205,0.05704051083642548,0.9115995502064315,0.03135993895714297,0.7073772769034848,0.14000983264803282,0.15261289044848234,0.7058178490830784,0.1407944545341986,0.1533876963827229,413.8875361383456,413.893637623887,413.8875361383456,413.80562867194556
50,50.0,0.001459,87.53621530034287,17.325302326875562,16.705880089850673,1245.775752255997,0.12771533812320027,0.025277616094911446,0.02437387905109213,0.17736683326920383,0.7200632484053909,0.1425160252849843,0.1374207263096249,2.0,413.74779140587685,0.35000000000582077,23.236479353282313,12301.702632437718,0.824816536627045,0.03210430244727069,0.14307916092568437,0.5255214274264678,0.34756636769350807,0.12691220488002422,2.0,413.74779140587685,0.0,liquid,0.075,6.0,0.175,0.0,8.673581960699524e-16,0.17736683326920383,0.17757171214827552,0.05787362296337308,0.9163549154157861,0.025771461620840957,0.05691119887762686,0.9159855245417363,0.027103276580636826,0.7200632484053909,0.1425160252849843,0.1374207263096249,0.7192264644821739,0.14327532349871805,0.13749821201910806,413.74779140587685,413.8367327515293,413.74779140587685,413.84728696563354
51,51.0,0.001459,86.23394482010612,16.502028290090337,18.084146368828925,1244.930143773785,0.12581532549253482,0.024076459275241803,0.026384769552121403,0.17627655431989803,0.7137382845832768,0.13658344621116786,0.14967826920555538,2.0,414.5533342263545,0.35000000000582077,22.959394022760076,12174.689477596228,0.8141365808495807,0.030649387655898766,0.15521403149452043,0.5272843058068137,0.3333181263812128,0.13939756781197346,2.0,414.5533342263545,0.0,liquid,0.075,6.0,0.175,0.0,1.893864677515621e-15,0.17627655431989803,0.17657086571285396,0.05952946868781047,0.9113413317037548,0.02912919960843484,0.058786926743151835,0.912628818224986,0.02858425503186223,0.7137382845832768,0.13658344621116786,0.14967826920555538,0.7130007282121547,0.13724737023278008,0.14975190155506518,414.5533342263545,414.54341305283185,414.5533342263545,414.4855802250638
52,52.0,0.001459,85.40357486704622,16.798978107029825,17.875939024018937,1245.96175601424,0.12460381573102043,0.024509709058156515,0.02608099503604363,0.17519451982522058,0.7112312408820152,0.1398999756533946,0.14886878346459026,2.0,413.9825351275821,0.35000000000582077,22.844330862787437,12104.729757568184,0.8137036729769889,0.0314795322350964,0.15481679478791474,0.5209252955668476,0.341252227711643,0.13782247672150946,2.0,413.9825351275821,0.0,liquid,0.075,6.0,0.175,0.0,0.0,0.17519451982522058,0.17535031225317826,0.058056897928641306,0.913588508475083,0.02835459359627562,0.05837539860470524,0.913425631534107,0.028198969861187705,0.7112312408820152,0.1398999756533946,0.14886878346459026,0.7119278342945105,0.1415111259783856,0.1465610397271039,413.9825351275821,414.0224454481119,413.9825351275821,413.91368991582164
53,53.0,0.001459,87.70829219693272,15.24627019308997,17.755604630596288,1245.1211459604492,0.12796639831532483,0.022244308211718265,0.025905427156039985,0.1761161336830831,0.7266023596997502,0.12630477257550057,0.14709286772474917,2.0,416.3914703738219,0.35000000000582077,22.947903854276017,12213.230501778682,0.8207791021430945,0.0280956927154665,0.15112520514143904,0.5517026951658726,0.30869306374021255,0.1396042410939148,2.0,416.3914703738219,0.0,liquid,0.075,6.0,0.175,0.0,0.0,0.1761161336830831,0.17719136140859906,0.0650249954329604,0.9042599050492297,0.030715099517809923,0.06555731973295158,0.9043898409488218,0.0300528393182267,0.7266023596997502,0.12630477257550057,0.14709286772474917,0.7273434419530053,0.12549015885358852,0.1471663991934061,416.3914703738219,416.3373103436785,416.3914703738219,416.4273056389233
54,54.0,0.001459,86.35169780440563,15.767675777575835,16.768983227993726,1244.6278786522123,0.12598712709662782,0.023005038959483144,0.024465946529642846,0.1734581125857538,0.7263259424337539,0.13262590383663933,0.1410481537296068,2.0,415.4172096123712,0.35000000000582077,22.659828646830192,12032.125348698752,0.8247307507401458,0.029638822226592077,0.14563042703326212,0.5435741555829461,0.3238876268226246,0.1325382175944294,2.0,415.4172096123712,0.0,liquid,0.075,6.0,0.175,0.0,0.0,0.1734581125857538,0.17341279101416984,0.06226267900622036,0.9095248946577376,0.02821242633604201,0.06205173299456085,0.9100971637813419,0.02785110322409732,0.7263259424337539,0.13262590383663933,0.1410481537296068,0.7280714133095993,0.131479765180213,0.14044882151018762,415.4172096123712,415.47441918473106,415.4172096123712,415.59531345829544
55,55.0,0.001459,86.6560709079153,15.411102224079,17.088402261028303,1244.938233174104,0.12643120745464845,0.02248479814493126,0.024931978898840294,0.17384798449842,0.7272514997480313,0.12933597251531903,0.14341252773664961,2.0,415.9411685999421,0.35000000000582077,22.687866254504524,12061.926079185065,0.8234880914036726,0.028831587930704936,0.14768032066562256,0.54852640096291,0.31598697245407303,0.1354866265830169,2.0,415.9411685999421,0.0,liquid,0.075,6.0,0.175,0.0,0.0,0.17384798449842,0.17368782710267774,0.06374501639992658,0.9069240769605478,0.029330906639525665,0.06389909347567725,0.9070253229078864,0.02907558361643644,0.7272514997480313,0.12933597251531903,0.14341252773664961,0.7239305073903552,0.13134703677254628,0.14472245583709847,415.9411685999421,415.97874162970334,415.9411685999421,416.1035273177394
56,56.0,0.001459,86.23802915461299,15.616828750044863,17.51072862608934,1244.3273042595983,0.12582128453658034,0.022784953146315456,0.025548153065464346,0.17415439074836014,0.7224697809564993,0.13083191901396263,0.14669830002953807,2.0,415.61806697429444,0.35000000000582077,22.69314615902819,12055.033386367064,0.819479351326262,0.02920994427629829,0.15131070439743968,0.5423091502736109,0.3195584435227726,0.13813240620361647,2.0,415.61806697429444,0.0,liquid,0.075,6.0,0.175,0.0,0.0,0.17415439074836014,0.17376070033835248,0.06265282921563382,0.907663140410739,0.029684030373627046,0.06263196192068024,0.9069934134385517,0.030374624640767962,0.7224697809564993,0.13083191901396263,0.14669830002953807,0.7234503382691885,0.1307199109904548,0.1458297507403568,415.61806697429444,415.70464867461243,415.61806697429444,415.65403812418486
57,57.0,0.001459,85.83491831121334,15.078464268494756,17.077150072526177,1245.9863201474125,0.12523314581606027,0.02199947936773385,0.024915561955815693,0.17214818713960983,0.7274729283933609,0.12779384862120316,0.14473322298543587,2.0,416.1813115925978,0.35000000000582077,22.464260932933115,11954.435159261555,0.8226853826982106,0.028455315779224423,0.14885930152256507,0.5506497989739225,0.3122796953237145,0.13707050570236293,2.0,416.1813115925978,0.0,liquid,0.075,6.0,0.175,0.0,4.484823933703187e-15,0.17214818713960983,0.17161508069743422,0.0644426253766546,0.9056415204700571,0.029915854153288218,0.0657827714255374,0.9038603998951991,0.03035682867926359,0.7274729283933609,0.12779384862120316,0.14473322298543587,0.7277647307538697,0.12806408857636248,0.1441711806697678,416.1813115925978,416.25265763884227,416.1813115925978,416.2275501584828
58,58.0,0.001459,86.06238555957455,16.52054987036695,17.84050227010933,1244.0351662652647,0.12556502053141927,0.02410348226086538,0.026029292812089513,0.17569779560437418,0.7146647463589076,0.13718716377717205,0.14814808986392022,2.0,414.4774033742297,0.35000000000582077,22.888458767744847,12130.115338397929,0.8155181501594169,0.030796044899985654,0.15368580494059753,0.527365567876251,0.3347706702591525,0.1378637618645965,2.0,414.4774033742297,0.0,liquid,0.075,6.0,0.175,0.0,0.0,0.17569779560437418,0.17504184275505416,0.05938063473488898,0.9118973229415808,0.028722042323530258,0.059041140650357024,0.9107221873526514,0.030236671996991666,0.7146647463589076,0.13718716377717205,0.14814808986392022,0.7163327842412821,0.13591955727640934,0.14774765848230856,414.4774033742297,414.5362769365178,414.4774033742297,414.5565532674382
59,59.0,0.001459,85.85201508629281,15.848687869209114,16.601525447322107,1245.4908636236976,0.1252580900109012,0.023123235601176097,0.024221625627642955,0.17260295123972028,0.7257007433026799,0.1339677881235142,0.14033146857380588,2.0,415.1974866756999,0.35000000000582077,22.56693160546627,11981.668382567954,0.8249789189454583,0.02997008370873292,0.14505099734580879,0.5413269885415831,0.3271063820324232,0.13156662942599365,2.0,415.1974866756999,0.0,liquid,0.075,6.0,0.175,0.0,2.9048350637744424e-15,0.17260295123972028,0.1721427241217675,0.0616538638504488,0.9105275799193099,0.0278185562302414,0.062212963135912965,0.9094915441667256,0.02829549269736149,0.7257007433026799,0.1339677881235142,0.14033146857380588,0.7251732850702367,0.13420887362726325,0.1406178413025001,415.1974866756999,415.1876449348341,415.1974866756999,415.071788308163
60,60.0,0.001459,88.30849671434217,16.22926523335664,16.99010084600163,1244.7445357073698,0.12884209670622523,0.023678497975467335,0.02478855713431638,0.17730915181600895,0.7266522646271679,0.13354357478421733,0.1398041605886147,2.0,415.28187082400586,0.35000000000582077,23.177355221359598,12303.781852141241,0.825692304150456,0.029863161543633686,0.1444445343059102,0.5427207626593273,0.32609291365542026,0.13118632368525235,2.0,415.28187082400586,0.0,liquid,0.075,6.0,0.175,0.0,0.0,0.17730915181600895,0.17727155498044667,0.06191468311848579,0.9102904943967326,0.027794822484781517,0.06302106972700554,0.9082461368934961,0.0287327933794984,0.7266522646271679,0.13354357478421733,0.1398041605886147,0.7262512205461308,0.13456862640726935,0.1391801530465999,415.28187082400586,415.3063647467103,415.28187082400586,415.34628565772107
61,61.0,0.001459,86.62581080775449,15.14167653467376,16.61117475179361,1244.5784677199642,0.1263870579685138,0.022091706064089014,0.024235703962866874,0.17271446799546966,0.7317687940991079,0.12790883311911358,0.14032237278177867,2.0,416.2470304037263,0.35000000000582077,22.561337386714317,11999.03505557726,0.8272532966060746,0.02847202820124401,0.14427467519268133,0.5544404323043305,0.31257718510540694,0.13298238259026265,2.0,416.2470304037263,0.0,liquid,0.075,6.0,0.175,0.0,0.0,0.17271446799546966,0.17288768081128555,0.06480478596291249,0.9061992935355923,0.02899592050149523,0.06424537672082357,0.9065581339192857,0.029196489359890606,0.7317687940991079,0.12790883311911358,0.14032237278177867,0.7329544229763485,0.12799472400092368,0.13905085302272777,416.2470304037263,416.35338129657146,416.2470304037263,416.17362305691194
62,62.0,0.001459,86.60851505877831,15.869216834495504,17.431872334809604,1244.1865808772486,0.12636182347075756,0.02315318736152894,0.02543310173648721,0.1749481125687737,0.7222817189358562,0.1323431674773125,0.14537511358683122,2.0,415.3813673578294,0.35000000000582077,22.809375133543035,12109.903165227855,0.8202942216164527,0.029580690112876073,0.15012508827067114,0.5402584996756864,0.32318776829300117,0.13655373203131244,2.0,415.3813673578294,0.0,liquid,0.075,6.0,0.175,0.0,4.882591953150167e-16,0.1749481125687737,0.17497495418862347,0.06200405260568006,0.9088766893178806,0.0291192580764393,0.06029034618636651,0.9092819679076973,0.030427685905936176,0.7222817189358562,0.1323431674773125,0.14537511358683122,0.7214878014902356,0.13262071887473725,0.14589147963502722,415.3813673578294,415.3161599008891,415.3813673578294,415.41321516450904
63,63.0,0.001459,87.72094958353459,14.781144262312376,16.94752381110851,1244.5597675573165,0.12798486544237697,0.021565689478713755,0.024726437240407316,0.17427699216149806,0.734376143718252,0.12374375533592741,0.14188010094582051,2.0,416.92931913562876,0.35000000000582077,22.745362468130168,12113.559959540531,0.82717207806521,0.02745589199411395,0.1453720299406761,0.5620408370776835,0.3025640729667997,0.13539508995551672,2.0,416.92931913562876,0.0,liquid,0.075,6.0,0.175,0.0,1.7586669940778344e-15,0.17427699216149806,0.17387674660486616,0.06697499522363713,0.9028329684694446,0.03019203630691832,0.06534105599134393,0.9053753252428293,0.029283618765826722,0.734376143718252,0.12374375533592741,0.14188010094582051,0.7324784514584779,0.12497580453403927,0.14254574400748285,416.92931913562876,416.8664783577591,416.92931913562876,416.906572372868
64,64.0,0.001459,86.74225880107862,16.069198573723355,16.735038412447118,1244.2566970395224,0.1265569555907737,0.023444960719062376,0.024416421043760343,0.17441833735359644,0.7255943240314585,0.13441798078565936,0.139987695182882,2.0,415.12565566057924,0.35000000000582077,22.793504732793767,12093.818815510946,0.8251708833704956,0.030081103546089533,0.1447480130834149,0.5406664281198801,0.3281864670837613,0.13114710479635866,2.0,415.12565566057924,0.0,liquid,0.075,6.0,0.175,0.0,2.133679739378565e-15,0.17441833735359644,0.17488936343849965,0.06146150776770054,0.9108706059633667,0.027667886268932657,0.061338683267524396,0.9096224646645816,0.0290388520678941,0.7255943240314585,0.13441798078565936,0.139987695182882,0.7235813489954007,0.13484080873714405,0.14157784226745523,415.12565566057924,415.14379880037427,415.12565566057924,415.17577649329064
65,65.0,0.001459,86.71830042876488,15.522459828115837,16.505079064424642,1245.1010004392672,0.12652200032556796,0.022647268889221008,0.024080910354995554,0.1732501795697845,0.7302849592407227,0.1307200312603357,0.13899500949894172,2.0,415.7880805880097,0.35000000000582077,22.6537049270161,12039.436615542516,0.8275964923240193,0.029161352827122834,0.14324215484885794,0.5495635406612428,0.3193290054894946,0.13110745384926256,2.0,415.7880805880097,0.0,liquid,0.075,6.0,0.175,0.0,2.3800417055997757e-15,0.1732501795697845,0.17363448970454143,0.06343569247181378,0.9083923307480479,0.02817197678013842,0.06428748608654068,0.9074400085780525,0.028272505335406727,0.7302849592407227,0.1307200312603357,0.13899500949894172,0.7323875624697352,0.12951716397681523,0.13809527355344944,415.7880805880097,415.82960855703624,415.7880805880097,415.7998909345103
66,66.0,0.001459,86.09158065519384,15.293217557977233,16.64019748873144,1244.614420893868,0.1256076161759278,0.022312804417088782,0.024278048136059174,0.17219846872907574,0.7294351517930713,0.12957609078507015,0.14098875742185868,2.0,415.94690940624895,0.35000000000582077,22.490855477785686,11954.870349608647,0.8259354670023987,0.028884326495176856,0.14518020650242433,0.5502202806938898,0.31657508160513453,0.13320463770097563,2.0,415.94690940624895,0.0,liquid,0.075,6.0,0.175,0.0,0.0,0.17219846872907574,0.17211599514685597,0.06384834308472019,0.9073561842677946,0.028795472647485092,0.06421662741348734,0.9061422039279031,0.029641168658609423,0.7294351517930713,0.12957609078507015,0.14098875742185868,0.7315754915481343,0.12863305252300522,0.13979145592886053,415.94690940624895,415.8644987563226,415.94690940624895,415.6396063791668
67,67.0,0.001459,86.5481234810325,15.873586971647969,17.75737788939979,1245.0998688333027,0.12627371215882643,0.023159563391634386,0.025908014340634295,0.17534128989109513,0.7201595941107501,0.13208277072684274,0.1477576351624071,2.0,415.3798538851431,0.35000000000582077,22.849370523397134,12136.592222202624,0.8178906789765723,0.02952270049886097,0.15258662052456673,0.5386590079353194,0.32255147257466016,0.13878951949002036,2.0,415.3798538851431,0.0,liquid,0.075,6.0,0.175,0.0,0.0,0.17534128989109513,0.17499784041410643,0.06191433229770541,0.9084449196493797,0.02964074805291497,0.06074704011435796,0.9084540801491995,0.030798879736442585,0.7201595941107501,0.13208277072684274,0.1477576351624071,0.7197945875680077,0.13252530994454229,0.14768010248744998,415.3798538851431,415.3723776288018,415.3798538851431,415.39774305631363
68,68.0,0.001459,87.57221157639896,15.104315354978546,17.192796248120022,1244.6276190958608,0.12776785668996607,0.022037196102913697,0.02508428972600711,0.17488934251888688,0.7305639946365972,0.12600651237815608,0.1434294929852468,2.0,416.5133122688642,0.35000000000582077,22.815058101204716,12141.652411539173,0.8247164808757714,0.02801314235512461,0.14727037676910393,0.5557093773391332,0.3079941995597686,0.13629642310109819,2.0,416.5133122688642,0.0,liquid,0.075,6.0,0.175,0.0,2.5739276437714616e-15,0.17488934251888688,0.17517708511436567,0.06554639619933386,0.904427028396687,0.030026575403979117,0.0657286713631249,0.9038576720927801,0.0304136565440949,0.7305639946365972,0.12600651237815608,0.1434294929852468,0.7314033824620307,0.12558813716169348,0.1430084803762757,416.5133122688642,416.5039123914413,416.5133122688642,416.5775275640941
69,69.0,0.001459,88.20843924431051,15.565501008750925,16.447693550952295,1245.3652354980013,0.12869611285744903,0.0227100659717676,0.023997184890839397,0.17540336372005605,0.7337151929586034,0.12947337776265733,0.13681142927873907,2.0,416.04588203807316,0.35000000000582077,22.9563936078977,12207.134114570099,0.8303439772848777,0.02884785129046248,0.14080817142465976,0.5542617363565081,0.3163493554927323,0.12938890815075965,2.0,416.04588203807316,0.0,liquid,0.075,6.0,0.175,0.0,0.0,0.17540336372005605,0.1755022773186628,0.06429999790264437,0.9077241958168755,0.027975806280480103,0.06160312090512533,0.9104597616769282,0.027937117417946487,0.7337151929586034,0.12947337776265733,0.13681142927873907,0.7315922440438662,0.13153145526443238,0.1368763006917014,416.04588203807316,415.8243540265128,416.04588203807316,416.090474872907
70,70.0,0.000846,94.28928630170094,19.53259562458316,21.71856374029626,1257.639661792478,0.07976873621123899,0.016524575898397353,0.018373904924290637,0.11466721703392699,0.6956542442958003,0.14410898185056822,0.16023677385363147,2.0,412.99802515092574,0.35000000000582077,14.97878273866329,7962.712841375157,0.799960172455671,0.03258031099805362,0.16745951654627556,0.5019432348600389,0.35123365628667746,0.14682310885328365,2.0,412.99802515092574,0.0,liquid,0.075,6.0,0.175,0.0,0.0,0.11466721703392699,0.11416905886568271,0.055218285835651255,0.9151041358903295,0.02967757827401928,0.05513561645975288,0.9152787674389558,0.029585616101291436,0.6956542442958003,0.14410898185056822,0.16023677385363147,0.696393559487125,0.14358950290799843,0.16001693760487665,412.99802515092574,412.97606575199984,412.99802515092574,412.9877665563049
71,71.0,0.000846,93.07871172392848,20.644752088720217,23.4281387419431,1262.997550018726,0.0787445901184435,0.017465460267057302,0.019820205375683863,0.11603025576118466,0.6786556627136708,0.15052505187099643,0.17081928541533278,2.0,411.6094215279902,0.35000000000582077,15.142238525408878,8047.194089825074,0.7859886203686711,0.03425967323214397,0.17975170639918492,0.4793230270728527,0.3664464693386205,0.1542305035885268,2.0,411.6094215279902,0.0,liquid,0.075,6.0,0.175,0.0,0.0,0.11603025576118466,0.11600659246171892,0.051729807418032986,0.9178889823142964,0.030381210267670652,0.050651093726522926,0.9188631291407315,0.030485777132745546,0.6786556627136708,0.15052505187099643,0.17081928541533278,0.6811730977368049,0.14857808976863945,0.17024881249455573,411.6094215279902,411.5936897447054,411.6094215279902,411.77363769718323
72,72.0,0.000846,91.67789046280366,21.076758085191354,23.949846054964915,1265.239990054924,0.07755949533153189,0.017830937340071885,0.020261569762500316,0.11565200243410409,0.6706282096215632,0.15417750635343777,0.17519428402499906,2.0,410.8407746244175,0.35000000000582077,15.088723356945291,8014.4998913795,0.779723415953715,0.03522194903901905,0.18505463500726585,0.46802282643743964,0.3750949699328239,0.15688220362973654,2.0,410.8407746244175,0.0013312779774423689,two-phase,0.075,6.0,0.175,0.00015396496388763402,0.0001535402735736021,0.11549803747021646,0.11558883133634097,0.050359129567346436,0.918948160795033,0.030692709637620566,0.05040771571820815,0.917901917167897,0.031690367113894884,0.6714550609569739,0.15315802681263488,0.1753869122303913,0.6731825290500256,0.1517055713255103,0.17511189962446397,410.8407746244175,410.8247453301352,410.8407746244175,410.8719119373297
73,73.0,0.000846,90.0994733544246,22.634504381578804,25.679112897889738,1266.971877589929,0.07622415445784321,0.019148790706815667,0.02172452951161472,0.1170974746762736,0.6509461853773677,0.16352863936437745,0.18552517525825485,2.0,408.8510655003221,0.35000000000582077,15.242993224634107,8070.7770080872715,0.7643969526351161,0.037722257120407755,0.1978807902444761,0.440251903331588,0.3971690635269543,0.1625790331414578,2.0,408.8510655003221,0.013831725955242291,two-phase,0.075,6.0,0.175,0.0016196601797731404,0.001622075874153411,0.11547781449650046,0.11516613013352796,0.04945369157346727,0.9177046407724524,0.032841667654080295,0.04834930383734884,0.9175320500979364,0.03411864606471474,0.659382554257507,0.15295077344922714,0.18766667229326578,0.6590131322950994,0.15251421054574155,0.18847265715915898,408.8510655003221,408.9926569277798,408.8510655003221,408.8948328303414
74,74.0,0.000846,90.0778812366121,23.869565519517312,26.28308717169436,1267.933041179004,0.07620588752617383,0.020193652429511644,0.022235491747253425,0.11863503170293889,0.6423556889755188,0.1702166058342394,0.18742770519024185,2.0,407.51412850508814,0.35000000000582077,15.452387796536096,8161.900919341773,0.7592700104667713,0.0395234270404628,0.201206562492766,0.42522909192467634,0.4129325093035437,0.16183839877178008,2.0,407.51412850508814,0.022658832574961707,two-phase,0.075,6.0,0.175,0.0026881313208821666,0.0026892798981282594,0.11594690038205673,0.11601293564092927,0.049208048847629,0.9173672773689273,0.03342467378344367,0.04757526475070926,0.9195150018398157,0.03290973340947505,0.6561073179015072,0.15289454621256945,0.1909981358859233,0.6563262302777455,0.15363214545013537,0.1900416242721191,407.51412850508814,407.39254867523726,407.51412850508814,407.6185776944932
75,75.0,0.000846,91.4237102106156,23.4904516496872,27.39993035411138,1268.4579312581866,0.0773444588381808,0.01987292209563537,0.023180341079578226,0.12039772201339438,0.6424079919848993,0.16506061546101747,0.19253139255408327,2.0,408.40248724300125,0.35000000000582077,15.64230336247426,8281.11628713848,0.756039872085904,0.03815939257063034,0.2058007353434658,0.43137735751578027,0.40073431510993074,0.16788832737428896,2.0,408.40248724300125,0.016012346633942798,two-phase,0.075,6.0,0.175,0.0019278500588155562,0.0019318435155069088,0.11846987195457882,0.11795281405394342,0.048904951199895845,0.91695100594888,0.03414404285122407,0.048604477620015504,0.917371863723564,0.03402365865642041,0.6520660160315621,0.15282516766586937,0.19510881630256843,0.6521491025215682,0.15345014685452113,0.19440075062391068,408.40248724300125,408.32002498588076,408.40248724300125,408.43874654297093
76,76.0,0.000846,89.63657014978564,24.56524482496858,27.31419804563676,1267.5724492676873,0.07583253834671864,0.020782197121923418,0.023107811546608698,0.11972254701525076,0.6334023142446074,0.1735863263857567,0.19301135936963593,2.0,406.72613897885316,0.35000000000582077,15.56347589567138,8206.586203655685,0.7515508357813909,0.04046266483230284,0.20798649938630623,0.4139836313947297,0.42081598355178196,0.1652003850534884,2.0,406.72613897885316,0.027228484657825902,two-phase,0.075,6.0,0.175,0.0032598635346005956,0.0032556851786350333,0.11646268348065016,0.11692953093716105,0.04873256903026137,0.9167142578786615,0.03455317309107717,0.050603821818515,0.9159928140880791,0.033403364093405864,0.6497675870089571,0.15278570963205437,0.1974467033589885,0.6499526405866677,0.1532635906634115,0.19678376874992082,406.72613897885316,406.4649193990212,406.72613897885316,406.63633720351174
77,77.0,0.000846,89.99814590514609,24.26706739543211,27.7723418019448,1267.4186592836654,0.07613843143575359,0.020529939016535565,0.0234954011644453,0.12016377161673446,0.6336221842187106,0.17084965576826558,0.19552816001302378,2.0,407.20877334005417,0.35000000000582077,15.59725482089804,8233.133742508646,0.7500587946537965,0.03973009484232712,0.21021111050387634,0.41738276484349673,0.4143574117688149,0.16825982338768833,2.0,407.20877334005417,0.023695045470958576,two-phase,0.075,6.0,0.175,0.0028472860324204046,0.0028486402559643655,0.11731648558431405,0.11775570090361057,0.04858658045200898,0.9165137585801306,0.03489966096786041,0.04728638866846877,0.9182750208008764,0.034438590530654845,0.6478210727632875,0.15275229311315497,0.1994266341235575,0.6481374229758022,0.15190545431863736,0.19995712270556032,407.20877334005417,407.1606816734367,407.20877334005417,406.9649395986762
78,78.0,0.000846,91.25025803108517,24.465384088069342,27.65719816929904,1266.889337883308,0.07719771829429804,0.020697714938506664,0.023397989651226987,0.12129342288403169,0.6364542813513192,0.17064169223994685,0.19290402640873397,2.0,407.3084124355956,0.35000000000582077,15.75625789748387,8316.372611420451,0.7530471388892014,0.03966226702808556,0.20729059408271316,0.4199246887852515,0.41388919620001857,0.16618611501472988,2.0,407.3084124355956,0.02335531820426695,two-phase,0.075,6.0,0.175,0.002832846487541275,0.0028381630921918448,0.11846057639649042,0.11837083634957551,0.04878807248679798,0.9167904858197076,0.03442144169349446,0.048829468712558485,0.9176474905374994,0.03352304074994217,0.6505076331606596,0.15279841430407226,0.196693952535268,0.6511204397279764,0.1520726378108658,0.1968069224611577,407.3084124355956,407.268848080183,407.3084124355956,407.2607003453938
79,79.0,0.000846,90.2617211203976,25.635870730315293,28.85053510545552,1266.171593704846,0.07636141606785636,0.021687946637846737,0.02440755269921537,0.12245691540491846,0.6235778176786357,0.17710675273938548,0.19931542958197887,2.0,405.8823825553446,0.35000000000582077,15.875763059022605,8352.380111656339,0.7428966507014575,0.04145583695754319,0.21564751234099933,0.40198569921206817,0.42902988204353326,0.16898441874439854,2.0,405.8823825553446,0.03202332797809504,two-phase,0.075,6.0,0.175,0.003921477965197543,0.003917838678280174,0.11853543743972092,0.11866468409649628,0.048195977247691,0.9159773077914123,0.035826714960896615,0.04778806491489654,0.9151272165382268,0.037084718546876665,0.6426130299101229,0.1526628846178642,0.20472408547201276,0.6414256707045145,0.15286214014807306,0.2057121891474124,405.8823825553446,405.83138483771114,405.8823825553446,405.9584771079327
80,80.0,0.000846,90.67746356134418,25.567708914652087,28.43071136716185,1265.3877577707988,0.07671313417289717,0.021630281741795664,0.024052381816618926,0.12239579773131176,0.6267628104463273,0.17672405542287767,0.19651313413079502,2.0,406.02295625973534,0.35000000000582077,15.87904063758714,8353.244902168688,0.7461894001553471,0.0413374789865369,0.21247312085811618,0.4049705724197849,0.4281562687995588,0.16687315878065634,2.0,406.02295625973534,0.031445789529243484,two-phase,0.075,6.0,0.175,0.003848832494722687,0.0038541066488539735,0.11854696523658907,0.11768989843008136,0.04841548932349744,0.9162787836228571,0.03530572705364545,0.04761191966184157,0.9178780931177503,0.034509987220408156,0.6455398576559548,0.15271313060601482,0.2017470117380303,0.6455520241529028,0.1514151751138284,0.20303280073326885,406.02295625973534,406.1337239936837,406.02295625973534,405.9876466265936
81,81.0,0.000846,90.79220746364206,25.78999626443921,28.108533633195872,1264.934724998468,0.07681020751424118,0.021818336839715572,0.023779819453683706,0.12240836380764046,0.6274914975168294,0.17824220634140786,0.19426629614176266,2.0,405.770515703446,0.35000000000582077,15.895689813325712,8355.194940203044,0.7479585513848137,0.04174474048817864,0.21029670812700763,0.4037669689091954,0.4317375000639198,0.1644955310268848,2.0,405.770515703446,0.033382986119249836,two-phase,0.075,6.0,0.175,0.004086356709870545,0.0040782421133384004,0.11832200709776991,0.1179115429695737,0.04856140260043154,0.9164791795176633,0.03495941788190517,0.046766177149508883,0.9171288709428596,0.036104951907631494,0.647485367936033,0.15274652990316287,0.19976810216080435,0.6465781586355025,0.15370196616459159,0.199719875199906,405.770515703446,405.8565774556797,405.770515703446,405.85063354067415
82,82.0,0.000846,93.01615481581312,26.21039535098994,28.42887508593753,1264.624497486154,0.0786916669741779,0.022173994466937488,0.02405082832270315,0.12491648976381854,0.6299541967834783,0.17751054731734928,0.19253525589917236,2.0,405.95662607191286,0.35000000000582077,16.228483042909616,8532.07573488872,0.750226872110515,0.04153508246733931,0.20823804542214575,0.4065906568945872,0.4300364106055029,0.16337293249991,2.0,405.95662607191286,0.032374933041865006,two-phase,0.075,6.0,0.175,0.004044162991928441,0.004039758245137374,0.1208723267718901,0.12076579754698413,0.048705128122714554,0.9166765708248582,0.03461830105242716,0.049730820015689785,0.9158317537362259,0.03443742624808427,0.649401708348061,0.1527794284814436,0.1978188631704954,0.6505452799444154,0.15133363249702375,0.19812108755856087,405.95662607191286,405.9644117443396,405.95662607191286,405.9714988895049
83,83.0,0.000846,94.1253270290614,25.720068975807912,28.86711809430721,1264.0845494904177,0.07963002666658593,0.02175917835353349,0.024421581907783898,0.12581078692790332,0.6329348111638348,0.17295161158162636,0.19411357725453893,2.0,406.8266764882405,0.35000000000582077,16.318141185735303,8594.064265717507,0.7506318257878202,0.04029471916603332,0.20907345504614647,0.4143546411520986,0.419314411777238,0.16633094707066337,2.0,406.8266764882405,0.026422454247949645,two-phase,0.075,6.0,0.175,0.003324229761501067,0.003320422808096101,0.12248655716640225,0.12209259151854528,0.04865938365435136,0.9166137457753973,0.034726870570251374,0.049372237332535665,0.9163201787457388,0.0343075839217255,0.6487917820004784,0.15276895761568418,0.19843926038383736,0.6466344502906374,0.15359422694010635,0.19977132276925644,406.8266764882405,406.7896151828865,406.8266764882405,406.9554830952667
84,84.0,0.000846,94.29922679727925,25.25866992859,28.714559090743503,1263.188577662708,0.07977714587049824,0.02136883475958714,0.024292516990769,0.12543849762085438,0.6359861396907798,0.17035308270492655,0.19366077760429368,2.0,407.34804404589664,0.35000000000582077,16.259454045988246,8569.541375563625,0.7523484229960561,0.03958746032746238,0.20806411667648148,0.4198847564136837,0.4132035242584313,0.16691171932788493,2.0,407.34804404589664,0.02299508565920405,two-phase,0.075,6.0,0.175,0.00288446899775341,0.0028741209106014523,0.12255402862310097,0.12281668512404265,0.04873558858018448,0.9167184049290716,0.03454600649074381,0.04713660576804375,0.9172231887101782,0.03564020552177805,0.6498078477793406,0.15278640083175107,0.1974057513889083,0.6498039131487404,0.1532754184367626,0.19692066841449699,407.34804404589664,407.4506630127073,407.34804404589664,407.31852237518456
85,85.0,0.000846,95.55164521292664,26.33187710826085,29.207845247910576,1263.0900029460904,0.08083669185013594,0.02227676803358868,0.024709837079732348,0.12782329696345696,0.6324096918987007,0.17427783950806183,0.19331246859323753,2.0,406.58243896189816,0.35000000000582077,16.579885116107892,8723.387527835743,0.750892918712667,0.040652684908502594,0.20845439637883034,0.412369413534261,0.42243884090233175,0.16519174556340738,2.0,406.58243896189816,0.028145313524873927,two-phase,0.075,6.0,0.175,0.0035976267688195614,0.0036028826045172197,0.1242256701946374,0.12497001669496619,0.048698565553167504,0.9166675578618396,0.0346338765849928,0.04751177608326715,0.9175148566374554,0.0349733672792775,0.6493142074496975,0.15277792632774892,0.19790786622255355,0.6486160148460891,0.15353592026342772,0.19784806489048318,406.58243896189816,406.5804631759146,406.58243896189816,406.62920044455495
86,86.0,0.000846,94.81143385225133,26.36098593327616,29.94073084848849,1262.7011625177372,0.08021047303900462,0.022301394099551633,0.02532985829782126,0.1278417254363775,0.6274201381842477,0.17444534656762187,0.19813451524813058,2.0,406.4399050432072,0.35000000000582077,16.546840370994754,8703.09681007456,0.7454796550109021,0.04072041813652387,0.21379992685257398,0.4081667497963833,0.4227916422202847,0.16904160798333198,2.0,406.4399050432072,0.02849069974035956,two-phase,0.075,6.0,0.175,0.0036423002136973187,0.0036371711009652277,0.12419942522268018,0.12376102060709519,0.048330199474665235,0.9161616473497657,0.03550815317556893,0.049034860132068744,0.9161837172173828,0.03478142265054839,0.6444026596714483,0.15269360789381828,0.20290373243473347,0.6446874081828271,0.15186864556134702,0.2034439462558259,406.4399050432072,406.35807803931533,406.4399050432072,406.49049354966075
87,87.0,0.000846,94.97412009561062,25.339578268717144,29.05573322271409,1263.0201989949344,0.08034810560088658,0.021437283215334703,0.024581150306416118,0.1263665391226374,0.6358337116672127,0.16964366804831177,0.19452262028447553,2.0,407.4676808455207,0.35000000000582077,16.370939742862912,8630.148915677535,0.7517308329749325,0.03939939674952235,0.20886977027554512,0.4205962006713651,0.411525886169911,0.1678779131587239,2.0,407.4676808455207,0.022084278898546472,two-phase,0.075,6.0,0.175,0.0027907138934284083,0.002790818495960567,0.12357582522920899,0.12326535453543172,0.04868200226640291,0.916644810000384,0.034673187733213165,0.04712448340917742,0.9172682883054168,0.035607228285405815,0.6490933636268471,0.1527741350176713,0.19813250135548155,0.6489013451294818,0.15350144619937717,0.19759720867114103,407.4676808455207,407.29605597777226,407.4676808455207,407.6178410327838
88,88.0,0.000846,96.04921526100442,26.35881069997972,29.870028132245498,1262.7508735790495,0.08125763611080973,0.02229955385218284,0.02527004379987969,0.12882723376287225,0.6307489009690125,0.17309658214992682,0.19615451688106078,2.0,406.75195976062014,0.35000000000582077,16.684878007702036,8781.370841703261,0.7483092640743233,0.040343365088603485,0.21134737083707314,0.41242251234914984,0.4196382709732585,0.16793921667759168,2.0,406.75195976062014,0.026665521756513044,two-phase,0.075,6.0,0.175,0.0034352454047352618,0.003440199852987807,0.125391988358137,0.1254805583753112,0.04850251149180551,0.9163982990372715,0.035099189470922956,0.04810759162196983,0.9185125136399961,0.03337989473803415,0.6467001531979977,0.15273304983338687,0.2005667969686155,0.6472986146040627,0.15277049175923363,0.1999308936367037,406.75195976062014,406.70782831123057,406.75195976062014,406.58129602998673
89,89.0,0.000846,95.83341394485652,25.68246806755045,28.29106028819086,1261.161503295126,0.08107506819734861,0.02172736798514768,0.023934237003809467,0.12673667318630577,0.6397127694693897,0.1714371021338706,0.1888501283967396,2.0,407.2432214319697,0.35000000000582077,16.446240771630634,8657.390816660929,0.7571420782695623,0.03985993839904058,0.20299798333139707,0.4216297674164286,0.4157946919220818,0.1625755406614896,2.0,407.2432214319697,0.024297817348269746,two-phase,0.075,6.0,0.175,0.0030794245364082133,0.0030835497135874267,0.12365724864989756,0.12425492722043421,0.049081590062125556,0.917193600067163,0.0337248098707115,0.05066459950774214,0.9149558063630656,0.03437959412919221,0.6544212007624124,0.1528655999957937,0.1927131992417941,0.6538371437386051,0.15322382198139733,0.19293903427999753,407.2432214319697,407.31868579368694,407.2432214319697,407.19738060451436
90,90.0,0.000846,96.72011199969916,26.297582220049687,29.418226484956737,1261.8960935048135,0.08182521475174548,0.022247754558162035,0.024887819606273398,0.1289607889161809,0.6344968531863466,0.17251565181275483,0.19298749500089857,2.0,406.93807999098124,0.35000000000582077,16.71534246392533,8796.991726216742,0.7520793841575927,0.04017106917484092,0.20774954666756637,0.41612929567257917,0.41829844813551326,0.1655722561919076,2.0,406.93807999098124,0.025820492912316695,two-phase,0.075,6.0,0.175,0.0033298311361770186,0.003336477996337237,0.12563095778000388,0.1251702536130537,0.04875164615336135,0.916740458254005,0.03450789559263367,0.04965481507209746,0.9161261065816453,0.034219078346257314,0.6500219487750557,0.1527900763906101,0.19718797483433423,0.6498618873441864,0.1538376947024869,0.19630041795332673,406.93807999098124,407.16573385993553,406.93807999098124,407.0229316015201
91,91.0,0.000846,96.07611153606597,25.110558004158243,29.56278405643624,1261.86894932963,0.0812803903595118,0.021243532071517874,0.025010115311745056,0.12753403774277472,0.6373231162291546,0.16657146944852688,0.19610541432231862,2.0,408.03109210878307,0.35000000000582077,16.49501889737233,8702.350645745544,0.7514231474765263,0.03857890434110657,0.2099979481823672,0.4254230582024431,0.4042719475005409,0.17030499429701595,2.0,408.03109210878307,0.01808511934359558,two-phase,0.075,6.0,0.175,0.002306468292948704,0.0023057868320066938,0.12522756944982602,0.12532112801473114,0.048612458679589014,0.9165492994573807,0.03483824186303038,0.048349895804367805,0.9142535381806248,0.03739656601500729,0.648166115667685,0.15275821656204977,0.1990756677702651,0.6486865450638413,0.15216918765536766,0.19914426728079107,408.03109210878307,408.03725314340204,408.03109210878307,408.1856817567609
92,92.0,0.000846,96.72071023796646,25.522802532559822,29.55795809401638,1261.2774315491238,0.08182572086131962,0.021592290942545608,0.025006032547537856,0.1284240443514031,0.6371526552879943,0.1681327749145108,0.19471456979749488,2.0,407.7583845152999,0.35000000000582077,16.618331193185764,8759.704542055784,0.7522240698161775,0.03899271071666153,0.2087832194671611,0.42344859973980553,0.4079643227058578,0.16858707755433666,2.0,407.7583845152999,0.020103074057260528,two-phase,0.075,6.0,0.175,0.0025817180743291667,0.0025784395636200544,0.12584232627707392,0.12652991572977018,0.04869189160060484,0.9166583918828793,0.03464971651651588,0.04922035794862742,0.9156839983851427,0.0350956436662299,0.6492252212875635,0.1527763986344782,0.19799838007795828,0.647729002585305,0.1541830766344763,0.1980879207802187,407.7583845152999,407.68184896378784,407.7583845152999,407.7823916665641
93,93.0,0.000846,96.16347838593023,26.010938943399765,29.75428550817907,1260.930055975174,0.08135430271449698,0.0220052543461162,0.02517212553991949,0.12853168260053266,0.6329513554050356,0.1712049037318446,0.19584374086311987,2.0,407.1318858756402,0.35000000000582077,16.629090732269194,8752.4760728121,0.7495440167294766,0.03982778917437172,0.2106281940961518,0.4164221272353249,0.41519097361950397,0.16838689914517116,2.0,407.1318858756402,0.02417012586374767,two-phase,0.075,6.0,0.175,0.003106626945934141,0.0031058839817078906,0.12542505565459852,0.1248035397053334,0.04855695733785847,0.9164730744754859,0.03496996818665578,0.047554050456256054,0.9181313051075373,0.0343146444362066,0.6474260979101539,0.15274551242957743,0.19982838966026853,0.6479824246049923,0.15412331236167864,0.197894263033329,407.1318858756402,407.01338935481175,407.1318858756402,407.10261545919803
94,94.0,0.000846,96.68188387925346,25.896074164581265,28.857865611123085,1260.591297898956,0.08179287376184842,0.021908078743235748,0.02441375430701013,0.1281147068120943,0.6384346949473485,0.17100362080497364,0.19056168424767778,2.0,407.28990968557093,0.35000000000582077,16.607714573264072,8741.620208626986,0.7554582040560828,0.039750011470830696,0.20479178447308657,0.42110532089272,0.4147603238491061,0.1641343552581739,2.0,407.28990968557093,0.02377170100226067,two-phase,0.075,6.0,0.175,0.003045504504329394,0.003030088150472606,0.12506920230776492,0.12458853539636117,0.0489591563702609,0.9170254507910307,0.03401539283870837,0.04936389179864744,0.916302959343533,0.03433314885781958,0.6527887515386143,0.15283757511665172,0.19437367334473388,0.6515289862666485,0.15381149602851854,0.19465951770483297,407.28990968557093,407.34510517520147,407.28990968557093,407.3656215224384
95,95.0,0.000846,98.14103340906024,25.24229447545905,29.03790096602595,1260.4311615639306,0.08302731426406496,0.021354981126238355,0.024566064217257953,0.12894835960756126,0.6438803449438871,0.1656087847199426,0.19051087033617023,2.0,408.34117815987764,0.35000000000582077,16.702083806712377,8810.689254590854,0.7580009617369691,0.038297630440586726,0.20370140782244414,0.43194205661813767,0.4020437855197085,0.16601415786215393,2.0,408.34117815987764,0.016683322290191427,two-phase,0.075,6.0,0.175,0.0021512870421244467,0.0021419475791931855,0.12679707256543682,0.12663593633258097,0.04904793722652974,0.9171473815905046,0.033804681182965764,0.049140007663628346,0.9171134001294551,0.03374659220691667,0.6539724963241147,0.1528578969248286,0.19316960675105668,0.6549428450021539,0.15169824503153753,0.19335890996630856,408.34117815987764,408.1647165546392,408.34117815987764,408.4280484274008
96,96.0,0.000846,97.98178716104783,25.76595760390798,29.02770355493126,1260.0646530739202,0.08289259193824647,0.021798000132906153,0.024557437207471847,0.12924802927862447,0.641345112965336,0.168652475821627,0.19000241121303696,2.0,407.76198403990287,0.35000000000582077,16.748389828113677,8822.595205966736,0.7571603961316988,0.03911254581648703,0.2037270580518142,0.4262595870892004,0.4092266315407022,0.16451378137009745,2.0,407.76198403990287,0.020668842626037076,two-phase,0.075,6.0,0.175,0.0026714071768853217,0.0026608067691734007,0.12657662210173914,0.1263789391333255,0.04903843356468572,0.9171343293544119,0.033827237080902496,0.04843977207354403,0.9162694016309272,0.035290826295528724,0.6538457808450172,0.15285572155498706,0.19329849759999565,0.6538893122463431,0.1532206551964333,0.1928900325572236,407.76198403990287,407.8170185500434,407.76198403990287,407.72601787203615
97,97.0,0.000846,98.04439160537034,25.75852807926842,28.93497651933556,1259.9745308712063,0.0829455552981433,0.021791714755061083,0.024478990135357884,0.12921626018856228,0.641912675518567,0.1686452983801028,0.18944202610133015,2.0,407.77584879361194,0.35000000000582077,16.747339847417923,8821.826260512817,0.7577791725242197,0.03910821633437191,0.20311261114140852,0.4267320382266566,0.4092141650316512,0.16405379674169218,2.0,407.77584879361194,0.020645470038289204,two-phase,0.075,6.0,0.175,0.0026677304281827446,0.002659749271063541,0.12654852976037953,0.12685703025511938,0.049080748650385156,0.9171924445167218,0.03372680683289302,0.049041391299977685,0.9177011855285493,0.033257423171473,0.6544099820717127,0.15286540743500562,0.19272461049328155,0.6559142871807243,0.15292392134705754,0.19116179147221807,407.77584879361194,407.85761995423826,407.77584879361194,407.8088795248297
98,98.0,0.000846,98.06321262622215,26.75225745995846,29.225690820044008,1260.548339646777,0.08296147788178394,0.022632409811124857,0.02472493443375723,0.130318822126666,0.6366039573404666,0.17366953937879234,0.1897265032807412,2.0,406.7838819664977,0.35000000000582077,16.905638772454672,8888.239331103323,0.7551392625694264,0.04047052789889881,0.2043902095316746,0.4164669619197506,0.42103913212211436,0.16249390595813515,2.0,406.7838819664977,0.027253156615188345,two-phase,0.075,6.0,0.175,0.0035515992693249013,0.003555858782879479,0.1267672228573411,0.1268591264520156,0.04898004302881119,0.917054136335504,0.03396582063568477,0.04996368323200455,0.915590642606247,0.034445674161748374,0.6530672403367686,0.15284235604482846,0.1940904036184029,0.6536337199436424,0.15376049033885814,0.19260578971749953,406.7838819664977,406.827509911821,406.7838819664977,406.9019346927389
99,99.0,0.000846,97.18639616586194,25.45810453047425,29.69694369626881,1259.927333570561,0.08221969115631919,0.021537556432781216,0.025123614367043412,0.12888086195614382,0.6379511271758664,0.16711213834145613,0.19493673448267745,2.0,407.95202085103716,0.35000000000582077,16.662421306044422,8781.685759563268,0.75245463234592,0.03871915651840713,0.20882621113567296,0.42530176043568685,0.4055562474366886,0.1691419921276245,2.0,407.95202085103716,0.018767052300972864,two-phase,0.075,6.0,0.175,0.002418713876925415,0.002412143592656021,0.1264621480792184,0.12578875153475402,0.04869159745797644,0.9166579879428446,0.03465041459917912,0.048449954270991503,0.9175320438801914,0.034018001848817106,0.6492212995035306,0.1527763313388315,0.19800236915763803,0.6503706658989243,0.15204218753986795,0.19758714656120777,407.95202085103716,407.9300546838433,407.95202085103716,408.1410667503646
100,100.0,0.000846,99.0060777320064,25.074786299338257,29.06529187229808,1260.327667001316,0.08375914176127741,0.021213269209240163,0.024589236923964173,0.12956164789448174,0.6464809850943928,0.16373108519364296,0.18978792971196434,2.0,408.7188284593692,0.35000000000582077,16.781435264571332,8859.147332650296,0.7596491969876658,0.0377934103187918,0.20255739269354237,0.4363114487252401,0.39761533852812425,0.16607321274663564,2.0,408.7188284593692,0.014199758908944204,two-phase,0.075,6.0,0.175,0.0018397441639471592,0.0018376569968917072,0.12772190373053458,0.12791939132411762,0.04913140391898306,0.917262013953977,0.033606582127039916,0.048794476594311305,0.9167792109947491,0.0344263124109395,0.6550853855428006,0.15287700231547854,0.19203761214172074,0.6560682863664248,0.1510065235656612,0.19292519006791406,408.7188284593692,408.7753225247239,408.7188284593692,408.7930889552927
101,101.0,0.000846,98.0635187152526,25.84296419004806,29.177142963903496,1260.7080273182785,0.08296173683310369,0.02186314770478066,0.024683862947462356,0.12950874748534671,0.6405879019290988,0.16881599219585047,0.19059610587505077,2.0,407.7169056478743,0.35000000000582077,16.783836655721277,8842.95553760279,0.7564327902251218,0.03915914282123706,0.20440806695364114,0.42544739509788637,0.40960728388679424,0.16494532101531928,2.0,407.7169056478743,0.02089843459543772,two-phase,0.075,6.0,0.175,0.0027065300888595776,0.0027170792903003452,0.12680221739648714,0.12658251776183896,0.04899114298230603,0.9170693809005344,0.033939476117159556,0.04809237206210333,0.9178004874896067,0.03410714044828991,0.6532152396938845,0.15284489680033067,0.19393986350578485,0.6552651804775397,0.15289621620480787,0.19183860331765237,407.7169056478743,407.7339994849871,407.7169056478743,407.72131953754086
102,102.0,0.000846,97.9265710150904,26.14732877603331,30.21742278209143,1260.3102815147247,0.08284587907876648,0.022120640144524178,0.02556393967364935,0.13053045889694,0.634686185729089,0.16946726711494572,0.19584654715596528,2.0,407.47260538666114,0.35000000000582077,16.878217972531008,8887.864855489803,0.7503561669036521,0.0393574742843272,0.21028635881202073,0.4198705064091663,0.41109973950986745,0.16902975408096624,2.0,407.47260538666114,0.02188558751367964,two-phase,0.075,6.0,0.175,0.0028567357813897437,0.00285368252528849,0.12767372311555028,0.12816186337885369,0.048585027403857464,0.9165116256373953,0.03490334695874723,0.050306687506473165,0.9145147599737968,0.035178552519730004,0.6478003654507604,0.15275193762179404,0.1994476969274456,0.6484519946844712,0.1543771908804429,0.19717081443508586,407.47260538666114,407.39479300247507,407.47260538666114,407.4671978690574
103,103.0,0.000846,99.05810771014926,25.422818240426995,29.09235925216184,1259.6290832255202,0.08380315912278627,0.021507704231401237,0.024612135927328915,0.1299229992815164,0.6450217404633807,0.16554193137735734,0.1894363281592621,2.0,408.37778245890485,0.35000000000582077,16.82886028873547,8874.986830360662,0.7592081199210152,0.03827530048128545,0.2025165795976992,0.43296132147488936,0.40189424589388684,0.1651444326312238,2.0,408.37778245890485,0.016569359897403046,two-phase,0.075,6.0,0.175,0.0021527409340454827,0.0021575039739066874,0.1277702583474709,0.12752969728247232,0.049129623467152,0.917259568708315,0.03361080782453303,0.047867255425069984,0.9188072236299036,0.03332552094502637,0.6550616462216553,0.15287659478307664,0.1920617589952681,0.6551877933727557,0.1518063429906609,0.19300586363658348,408.37778245890485,408.56282369114234,408.37778245890485,408.4335221146242
104,104.0,0.000846,98.7412738837242,25.27616725264325,29.50504696815453,1260.1038656009496,0.08353511770563067,0.02138363749573619,0.02496126973505873,0.1298800249364256,0.6431714018111708,0.1646414643529917,0.19218713383583746,2.0,408.49092065984246,0.35000000000582077,16.80633618264474,8867.751799067188,0.7566092221444988,0.03804599747486969,0.20534478038063173,0.43250116405360484,0.3997473314075306,0.1677515045388646,2.0,408.49092065984246,0.015453344123670831,two-phase,0.075,6.0,0.175,0.002007080720133533,0.0020014591819969623,0.12787294421629206,0.12762872660454194,0.048937382885906835,0.9169955473179872,0.03406706979610605,0.048562868300164326,0.9173305525970085,0.034106579102827175,0.6524984385036275,0.15283259122548964,0.19466897027088287,0.6516315490687524,0.1531914609245543,0.19517699000669322,408.49092065984246,408.4557527218814,408.49092065984246,408.47935337559454
105,105.0,0.001485,91.94696985673411,21.667264717508274,21.48363583613204,1247.2356038487028,0.13654125023725017,0.03217588810549979,0.03190319921665608,0.20062033755940603,0.6805952571823318,0.1603819856796529,0.15902275713801534,2.0,410.0237160789751,0.35000000000582077,26.127116990824142,13742.729975309576,0.7945677882762705,0.03678521381614758,0.16864699790758184,0.4689319851549419,0.3899188477073107,0.14114916713774742,2.0,410.0237160789751,0.009083967452170327,two-phase,0.075,6.0,0.175,0.0018224286166330687,0.0018213054307799012,0.19879790894277297,0.1991206364408453,0.051477190130194105,0.9204836945786574,0.028039115291148442,0.051004049505513904,0.9201418257872386,0.02885412470724752,0.6863625349902425,0.15341394907878228,0.16022351593097517,0.6868187165693734,0.15290377326156374,0.1602775101690627,410.0237160789751,410.1012913090201,410.0237160789751,410.04268012887735
106,106.0,0.001485,93.5604428716107,19.688279874289563,21.036509538685483,1239.6054804135806,0.1389372576643419,0.02923709561332,0.03123921666494794,0.19941356994260984,0.6967292030543724,0.1466153763845373,0.1566554205610903,2.0,412.6182105059022,0.35000000000582077,25.85215583012876,13626.934470821512,0.8027662914480999,0.03320764705696376,0.16402606149493643,0.4998031817558533,0.35722973084562715,0.1429670873985195,2.0,412.6182105059022,0.0,liquid,0.075,6.0,0.175,0.0,0.0,0.19941356994260984,0.19986998362294953,0.05446818765911366,0.9169558330112191,0.028575979329667264,0.055218005608990546,0.9177482448478449,0.027033749543164596,0.6967292030543724,0.1466153763845373,0.1566554205610903,0.6959785098315552,0.14796191207238307,0.15605957809606172,412.6182105059022,412.37634907763265,412.6182105059022,412.5124228794491
107,107.0,0.001485,93.75568594179003,18.997675419850165,18.984442407835854,1231.5177888872222,0.1392271936235582,0.028211547998477495,0.028191896975636243,0.19563063859767194,0.7116839909207098,0.1442082293484535,0.14410777973083677,2.0,413.30948247165304,0.35000000000582077,25.375176840448376,13343.930649260723,0.8170759480570116,0.03255394971255143,0.150370102230437,0.515956070528685,0.3515661772395003,0.13247775223181468,2.0,413.30948247165304,0.0,liquid,0.075,6.0,0.175,0.0,0.0,0.19563063859767194,0.1958936244918381,0.056552003253073316,0.916728700858725,0.026719295888201742,0.05685412258044335,0.9174563371486869,0.025689540270869723,0.7116839909207098,0.1442082293484535,0.14410777973083677,0.7126525080132762,0.1444960536561671,0.1428514383305567,413.30948247165304,413.4371295599311,413.30948247165304,413.43918819130215
108,108.0,0.001485,93.30248651811344,15.098331436409678,17.113007199451737,1222.2224308460266,0.13855419247939846,0.022421022183068372,0.02541281569118583,0.18638803035365267,0.7433642182735969,0.12029217831492034,0.13634360341148274,2.0,417.6189409525326,0.35000000000582077,24.08493883898738,12721.78467112403,0.8341874602598102,0.026603136186428972,0.13920940355376096,0.5746924831601393,0.294286113692489,0.13102140314737157,2.0,417.6189409525326,0.0,liquid,0.075,6.0,0.175,0.0,2.5209244123721863e-15,0.18638803035365267,0.1854455048617824,0.06957164389750618,0.9006540145628319,0.029774341539661835,0.06946029954857477,0.8989779696633826,0.0315617307880427,0.7433642182735969,0.12029217831492034,0.13634360341148274,0.7424872983992968,0.12107933685660117,0.13643336474410198,417.6189409525326,417.7658173269981,417.6189409525326,417.50492247981776
109,109.0,0.001485,94.24202695754386,13.195901742462768,14.562422361520834,1212.7218414192375,0.13994941003195263,0.01959591408755721,0.02162519720685844,0.18117052132636827,0.7724734079659782,0.10816281779228476,0.11936377424173711,2.0,419.9402037846346,0.35000000000582077,23.4300937708044,12375.385555499684,0.8559101155088589,0.023660995504567746,0.12042888898657338,0.6175195225325908,0.26509477346603905,0.11738570400137016,2.0,419.9402037846346,0.0,liquid,0.075,6.0,0.175,0.0,0.0,0.18117052132636827,0.18146294926628828,0.07960349023820334,0.8916954521902632,0.02870105757153347,0.08130406944908483,0.8875866230798459,0.031109307471069127,0.7724734079659782,0.10816281779228476,0.11936377424173711,0.7716335180475153,0.10814398147679774,0.12022250047568689,419.9402037846346,419.94318716334726,419.9402037846346,419.8969926085893
110,110.0,0.001485,94.0333288993853,12.648175147891038,13.079665703111884,1206.24677294125,0.13963949341558715,0.018782540094618192,0.01942330356912115,0.17784533707932648,0.7851737678863184,0.10561165337857799,0.10921457873510364,2.0,420.5358455174641,0.35000000000582077,23.00510523425582,12127.828961976944,0.8671111621147866,0.023038675983034135,0.10985016190217929,0.6330043214653479,0.2589614685383775,0.1080342099962746,2.0,420.5358455174641,0.0,liquid,0.075,6.0,0.175,0.0,1.303270930637572e-15,0.17784533707932648,0.1772934964870448,0.0827462038243449,0.8903978970377575,0.02685589913789759,0.081746293393991,0.8904561062877103,0.02779760031829866,0.7851737678863184,0.10561165337857799,0.10921457873510364,0.7849254501119679,0.10475437957834456,0.11032017030968748,420.5358455174641,420.5917226209379,420.5358455174641,420.5456048435493
111,111.0,0.001485,92.1238739873566,11.3021546613407,12.0727729520519,1200.2003676392244,0.13680395287122454,0.016783699672090938,0.01792806783379707,0.17151572037711255,0.7976175744732491,0.09785516823290906,0.1045272572938418,2.0,421.8556809604247,0.35000000000582077,22.143872813592722,11671.218131934713,0.8743673428383222,0.02121582634605413,0.10441683081562364,0.6550822903699647,0.24018537459093592,0.10473233503909937,2.0,421.8556809604247,0.0,liquid,0.075,6.0,0.175,0.0,7.132068069968336e-16,0.17151572037711255,0.1716367810324123,0.08992379390897806,0.8825791469718538,0.02749705911916805,0.08898237903389607,0.8836113789846096,0.027406241981494325,0.7976175744732491,0.09785516823290906,0.1045272572938418,0.7958649299843795,0.09801802095491792,0.10611704906070246,421.8556809604247,421.91153247858546,421.8556809604247,422.05477964841356
112,112.0,0.001485,92.1561202979886,9.17596218251337,11.035864072689694,1194.607337143375,0.13685183864251307,0.013626303841032354,0.016388258147944194,0.16686640063148964,0.8201281871282093,0.08165996143900112,0.09821185143278952,2.0,424.47093725314585,0.35000000000582077,21.518395567047634,11367.023316401486,0.8857372095370684,0.017491899236593736,0.09677089122633796,0.6982828598003089,0.20082921981212537,0.10088792038756585,2.0,424.47093725314585,0.0,liquid,0.075,6.0,0.175,0.0,0.0,0.16686640063148964,0.16615368030941918,0.10816656227712512,0.8616094355170378,0.030224002205836924,0.1085059049974657,0.8601358846440448,0.031358210358489555,0.8201281871282093,0.08165996143900112,0.09821185143278952,0.8174599936052471,0.08200318793879424,0.1005368184559586,424.47093725314585,424.4066588961818,424.47093725314585,424.4286689546606
113,113.0,0.001485,91.98322129330336,7.699937857263925,9.980976490328995,1191.019922904327,0.13659508362055547,0.011434407718036929,0.014821750088138557,0.16285124142673094,0.8387721359926601,0.0702138197895251,0.091014044217815,2.0,426.3026296637299,0.35000000000582077,21.01283717744724,11117.171705591118,0.8962737229683296,0.014914434795103694,0.0888118422365667,0.7319834744689027,0.17291267763391643,0.0951038478971809,2.0,426.3026296637299,0.0,liquid,0.075,6.0,0.175,0.0,0.0,0.16285124142673094,0.16306929377414184,0.12578606276871754,0.8423665559966966,0.03184738123458584,0.12573527568340898,0.8413543074046067,0.032910416911984416,0.8387721359926601,0.0702138197895251,0.091014044217815,0.8390482440886394,0.06945649204118493,0.09149526387017567,426.3026296637299,426.3573418942738,426.3026296637299,426.23602808233386
114,114.0,0.001485,90.73619111333896,7.595954723357777,8.224819522053796,1187.9261468355062,0.13474324380330835,0.011279992764186298,0.012213856990249886,0.1582370935577445,0.8515275449882888,0.0712853889727819,0.07718706603892947,2.0,426.365516438958,0.35000000000582077,20.48850289298254,10822.580013518304,0.9095680899029699,0.015137707107502578,0.07529420298952759,0.7437379615777353,0.175559655291668,0.08070238313059669,2.0,426.365516438958,0.0,liquid,0.075,6.0,0.175,0.0,2.1638852314160853e-16,0.1582370935577445,0.15785419195889114,0.12644329541689361,0.8468131935220109,0.026743511061095522,0.12694148119861662,0.8469964727848144,0.026062046016569015,0.8515275449882888,0.0712853889727819,0.07718706603892947,0.8529219120886801,0.07083802076255834,0.07624006714876161,426.365516438958,426.2846533919708,426.365516438958,426.31043474722463
115,115.0,0.001485,91.50228050459036,6.701073301247409,8.586335552629075,1186.2186719545934,0.13588088654931668,0.009951093852352403,0.012750708295654176,0.15858268869732325,0.8568456473118824,0.06275019003710693,0.0804041626510107,2.0,427.5621085600669,0.35000000000582077,20.48713010472,10837.731085672458,0.9088144176417693,0.013252847126315446,0.0779327352319153,0.7603322167014184,0.15467382686935469,0.08499395642922693,2.0,427.5621085600669,0.0,liquid,0.075,6.0,0.175,0.0,0.0,0.15858268869732325,0.15797247774295925,0.1412894395960678,0.8277746838258715,0.030935876578060677,0.14055815651165365,0.8290589187269077,0.030382924761438525,0.8568456473118824,0.06275019003710693,0.0804041626510107,0.8575224238766378,0.06295713777622376,0.07952043834713848,427.5621085600669,427.5012328677024,427.5621085600669,427.72799827682803
116,116.0,0.001485,91.02971276512918,6.640209303484846,8.032296780193684,1183.8053036945648,0.13517912345621683,0.009860710815674996,0.011927960718587621,0.15696779499047944,0.861190178943495,0.06281996135750698,0.07598985969899805,2.0,427.620757515435,0.35000000000582077,20.28324740402919,10718.687442987593,0.9131049658995777,0.013264050230385491,0.07363098387003678,0.7647770031702651,0.15485236773420133,0.08037062909553351,2.0,427.620757515435,0.0,liquid,0.075,6.0,0.175,0.0,6.980286340641119e-16,0.15696779499047944,0.15730393530900977,0.14201458403487538,0.8287461607811625,0.02923925518396199,0.14257166308046618,0.8283908767634145,0.02903746015611919,0.861190178943495,0.06281996135750698,0.07598985969899805,0.8616288498340332,0.06267609968215432,0.07569505048381246,427.620757515435,427.73345182975623,427.620757515435,427.3395228160844
117,117.0,0.001485,90.95579260493548,5.216511038601081,7.108108440957439,1182.9350224232292,0.1350693520183292,0.0077465188923226055,0.010555541034821796,0.1533714119454736,0.8806683742753106,0.05050823223220138,0.06882339349248795,2.0,429.4866422655967,0.35000000000582077,19.864949234257317,10525.448503920896,0.9234040803917505,0.010574875862496206,0.06602104374575327,0.801302062918125,0.12467017977414839,0.07402775730772669,2.0,429.4866422655967,0.0,liquid,0.075,6.0,0.175,0.0,6.555643657032863e-17,0.1533714119454736,0.15348259602990896,0.17329459399266145,0.7951055224544837,0.03159988355285475,0.17419547323276574,0.794057842705978,0.03174668406125625,0.8806683742753106,0.05050823223220138,0.06882339349248795,0.8815629806924252,0.0492349106485286,0.06920210865904611,429.4866422655967,429.5841080346667,429.4866422655967,429.3863684643818
118,118.0,0.001485,89.4674440744392,6.437205238589346,7.085397464104606,1182.6974931981415,0.13285915445054222,0.009559249779305178,0.010521815234195339,0.15294021946404274,0.868699907167181,0.0625031781228261,0.06879691470999287,2.0,427.7782493043539,0.35000000000582077,19.803892291125848,10461.228952250473,0.9202071789701601,0.01318773367177991,0.06660508735805988,0.7730435452496184,0.15408900352975202,0.07286745122062956,2.0,427.7782493043539,0.0,liquid,0.075,6.0,0.175,0.0,4.8053366739627464e-15,0.15294021946404274,0.15265851422379015,0.14407542030085868,0.8293010356178214,0.0266235440813199,0.14315439875684877,0.8303014554718348,0.026544145771316512,0.868699907167181,0.0625031781228261,0.06879691470999287,0.868872579390067,0.06284348528845958,0.06828393532147345,427.7782493043539,427.7076117541423,427.7782493043539,428.05137817526986
119,119.0,0.001485,92.04356940594744,5.512780862095189,6.674464621967045,1181.8628680491208,0.13668470056783194,0.008186479580211356,0.009911579963621062,0.15478276011166436,0.8830744487901883,0.05289012532342371,0.06403542588638804,2.0,429.2227956622243,0.35000000000582077,20.07040506482653,10623.286297956189,0.9273976714987664,0.011086753019175999,0.061515575482057626,0.8007598923334355,0.13052495960082142,0.06871514806574311,2.0,429.2227956622243,0.0,liquid,0.075,6.0,0.175,0.0,0.0,0.15478276011166436,0.1554566125146658,0.16776685035400288,0.8038470371321991,0.028386112513798085,0.16807844475917713,0.8043948647783233,0.02752669046249948,0.8830744487901883,0.05289012532342371,0.06403542588638804,0.8836024023724754,0.05254133268393301,0.06385626494359166,429.2227956622243,429.1494380278742,429.2227956622243,429.2818838695735
120,120.0,0.001485,88.56221948760846,5.252226447151563,6.6575714972923405,1181.4897313593813,0.13151489593909857,0.007799556274020071,0.009886493673479126,0.14920094588659777,0.8814615427375257,0.05227551492835864,0.06626294233411557,2.0,429.2760509109256,0.35000000000582077,19.326020015294485,10229.227899427253,0.9254075621818758,0.010955287210372745,0.06363715060775153,0.7998475066285154,0.12901308068852207,0.07113941268296231,2.0,429.2760509109256,0.0,liquid,0.075,6.0,0.175,0.0,0.0,0.14920094588659777,0.1490037086122815,0.16892332352845812,0.801446533305139,0.02963014316640283,0.16772626179184685,0.8033802125032022,0.028893525704950827,0.8814615427375257,0.05227551492835864,0.06626294233411557,0.8821376297314804,0.05325545088000045,0.06460691938851916,429.2760509109256,429.21149125067984,429.2760509109256,429.1654524159917
121,121.0,0.001485,89.69407307425222,5.407678921470342,6.491685254780086,1181.5770301119232,0.13319569851526453,0.008030403198383457,0.009640152603348428,0.15086625431699643,0.8828727081365527,0.053228624484241344,0.06389866737920581,2.0,429.17705281526094,0.35000000000582077,19.560071290699494,10351.063493864245,0.9274406423865045,0.01116001167846719,0.06139934593502831,0.8001036873886035,0.13135604826454247,0.06854026434685408,2.0,429.17705281526094,0.0,liquid,0.075,6.0,0.175,0.0,5.378269048689485e-16,0.15086625431699643,0.15088078621051693,0.16688646342447036,0.8049302520064099,0.028183284569119744,0.16982438762598948,0.8032689774530849,0.02690663492092549,0.8828727081365527,0.053228624484241344,0.06389866737920581,0.8829760010707344,0.05280356589784179,0.06422043303142387,429.17705281526094,429.2503167719075,429.17705281526094,429.17286101704343
122,122.0,0.001485,89.72997646374556,5.99089524538784,6.885903420343826,1180.7070434359823,0.13324901504866216,0.008896479439400942,0.010225566579210582,0.1523710610672737,0.8745034268011764,0.0583869363190497,0.06710963687977384,2.0,428.3953409705368,0.35000000000582077,19.719503443505452,10418.513193976129,0.9229584594200152,0.012284833964792104,0.0647567066151928,0.7845155090826699,0.14400512640344082,0.07147936451388925,2.0,428.3953409705368,0.0,liquid,0.075,6.0,0.175,0.0,6.599900519152955e-16,0.1523710610672737,0.15249398494934782,0.15336656334322557,0.8191715200153968,0.027461916641377607,0.15355361881839216,0.8189776702007981,0.02746871098080979,0.8745034268011764,0.0583869363190497,0.06710963687977384,0.8721142470258877,0.05962926725228287,0.06825648572182944,428.3953409705368,428.29534249245575,428.3953409705368,428.40208642714356
123,123.0,0.001485,89.65396867353306,4.881796038784296,6.876671327666788,1179.8959014264028,0.1331361434801966,0.0072494671175946795,0.01021185692158518,0.15059746751937644,0.8840530035013158,0.04813804134297235,0.06780895515571192,2.0,429.8343366618107,0.35000000000582077,19.477779101491187,10312.837155302983,0.925011347197322,0.010062861303474682,0.06492579149920344,0.8079875080677644,0.11884908998599798,0.07316340194623756,2.0,429.8343366618107,0.0,liquid,0.075,6.0,0.175,0.0,4.0775627257213094e-15,0.15059746751937644,0.15031750715821304,0.18066537815343023,0.7870005448405779,0.03233407700599186,0.181591509110634,0.7866901121278195,0.031718378761546574,0.8840530035013158,0.04813804134297235,0.06780895515571192,0.8847702051943152,0.04661051729803361,0.0686192775076511,429.8343366618107,429.87000792571433,429.8343366618107,429.9189491864013
124,124.0,0.001485,90.46270462619364,5.262445256406608,6.343352745972767,1181.194555963265,0.13433711636989756,0.007814731205763814,0.009419878827769559,0.15157172640343095,0.8862940309351569,0.05155797450616701,0.062147994558676034,2.0,429.438850111867,0.35000000000582077,19.660482160249785,10406.66220974597,0.9295701732879189,0.010796985147694527,0.05963284156438655,0.8059240522819049,0.12725695474156198,0.06681899297653311,2.0,429.438850111867,0.0,liquid,0.075,6.0,0.175,0.0,2.5053337377437353e-15,0.15157172640343095,0.15178595922751675,0.1718975292576989,0.7999772645915474,0.028125206150753694,0.17131244202365714,0.8003646035507929,0.02832295442554995,0.8862940309351569,0.05155797450616701,0.062147994558676034,0.8877861697684338,0.05001395602833474,0.062199874203231476,429.438850111867,429.51353479293044,429.438850111867,429.62280031214925
125,125.0,0.001485,89.75416909394286,4.962426364373787,5.586953586262036,1180.346437480083,0.13328494110450514,0.0073692031510950735,0.008296626075599122,0.14895077033119933,0.8948254568146211,0.04947408552979813,0.05570045765558089,2.0,429.827186474705,0.35000000000582077,19.358359873166236,10248.008222799155,0.9363233200937913,0.0103424831519846,0.05333419675422424,0.8177579964408588,0.1221470613725743,0.0600949421865669,2.0,429.827186474705,0.0,liquid,0.075,6.0,0.175,0.0,1.0706131774485279e-15,0.14895077033119933,0.1487123959170638,0.17958573846363524,0.7943305695669317,0.02608369196943312,0.17807340666607088,0.7962748661975798,0.025651727136349348,0.8948254568146211,0.04947408552979813,0.05570045765558089,0.8942082658645283,0.049975294370728125,0.05581643976474351,429.827186474705,429.8183619296757,429.827186474705,429.8660416428329
126,126.0,0.001485,90.00527236699098,6.011883388346166,6.186638584379665,1180.1659750812294,0.13365782946498161,0.008927646831694057,0.009187158297803803,0.15177263459447948,0.880645116440795,0.058822506807948545,0.0605323767512564,2.0,428.4337032171161,0.35000000000582077,19.68465476152757,10396.506396733275,0.9292276611766923,0.012374331076893612,0.058398007746414175,0.7904203905049129,0.14508340459207794,0.06449620490300907,2.0,428.4337032171161,0.0,liquid,0.075,6.0,0.175,0.0,4.3899086736586854e-15,0.15177263459447948,0.15158520829649108,0.1537522881642701,0.8215881606277865,0.02465955120794347,0.15294077713367343,0.8220908631289301,0.024968359737396466,0.880645116440795,0.058822506807948545,0.0605323767512564,0.8783094326235208,0.060116317705144647,0.061574249671334506,428.4337032171161,428.5347095868026,428.4337032171161,428.3797243868148
127,127.0,0.001485,91.12568030211854,6.043110189917356,6.774113409348721,1181.677462908992,0.13532163524864602,0.008974018632027275,0.01005955841288285,0.15435521229355614,0.8766897679573551,0.058138746976424016,0.0651714850662209,2.0,428.46043526202925,0.35000000000582077,20.002880117350966,10573.196137216935,0.9249064832492583,0.012229010990217466,0.0628645057605244,0.7871444395601719,0.14339968523455537,0.06945587520527276,2.0,428.46043526202925,0.0,liquid,0.075,6.0,0.175,0.0,0.0,0.15435521229355614,0.15498620527539744,0.15435069442982863,0.8188763046704255,0.026773000899745877,0.1548130299937453,0.8173507357702424,0.027836234236012284,0.8766897679573551,0.058138746976424016,0.0651714850662209,0.8767591059728739,0.05801561108847555,0.06522528293865071,428.46043526202925,428.4300042450803,428.46043526202925,428.5391437062391
128,128.0,0.001485,92.05514045602678,4.439451528674471,6.271649059050414,1180.3856737181916,0.13670188357719976,0.0065925855200815895,0.009313398852689865,0.15260786794997122,0.8957721866739803,0.04319951263746643,0.06102830068855321,2.0,430.6210916417227,0.35000000000582077,19.79665868584193,10495.819870341827,0.9328164568770249,0.008998633885180303,0.058184909237794985,0.826975684869965,0.10671543031877082,0.06630888481126418,2.0,430.6210916417227,0.0,liquid,0.075,6.0,0.175,0.0,0.0,0.15260786794997122,0.15213146309329403,0.19932037462844737,0.7689940072497469,0.03168561812180568,0.19915652958180913,0.768672495598117,0.032170974820073805,0.8957721866739803,0.04319951263746643,0.06102830068855321,0.8943860330710963,0.04331141689724288,0.062302550031660756,430.6210916417227,430.5997060816233,430.6210916417227,430.5512663720364
129,129.0,0.001485,90.24608696417586,4.900222520435251,7.005666745383711,1180.3518646206385,0.13401543914180114,0.007276830442846347,0.01040341511689481,0.1516956847015423,0.8834492517402415,0.04796992384564756,0.06858082441411097,2.0,429.846401586935,0.35000000000582077,19.619609283723808,10390.373135704982,0.9243122699081084,0.010027173274671747,0.0656605568172198,0.807560789430262,0.11843503204724169,0.07400417852249642,2.0,429.846401586935,0.0,liquid,0.075,6.0,0.175,0.0,0.0,0.1516956847015423,0.150597659608538,0.18099517968171328,0.7862205978358948,0.03278422248239195,0.18124340390234925,0.7862857239214076,0.032470872176243226,0.8834492517402415,0.04796992384564756,0.06858082441411097,0.8838351447453859,0.04838693695670547,0.06777791829790865,429.846401586935,429.74867696382177,429.846401586935,429.74306783733607
130,130.0,0.001485,90.35844145405632,5.366341267704024,6.306059401802202,1180.4057701696838,0.13418228555927364,0.007969016782540476,0.00936449821167627,0.15151580055349037,0.8855992910911137,0.05259528546481285,0.06180542344407357,2.0,429.2978941335274,0.35000000000582077,19.646007964920443,10392.926537045425,0.9296295113148813,0.011021215133306886,0.05934927355181187,0.8038288821060162,0.12980427322153018,0.0663668446724536,2.0,429.2978941335274,0.0,liquid,0.075,6.0,0.175,0.0,0.0,0.15151580055349037,0.15224804777881176,0.1690902756382194,0.8033747457551711,0.027534978606609424,0.16835520400722864,0.8041903810845513,0.027454414908220093,0.8855992910911137,0.05259528546481285,0.06180542344407357,0.8846947717647135,0.054058465842241596,0.06124676239304495,429.2978941335274,429.3996118682894,429.2978941335274,429.1219032463317
131,131.0,0.001485,89.75001032918658,5.237366545133785,6.800878845186097,1180.7463424666316,0.13327876533884206,0.007777489319523671,0.010099305085101354,0.1511555597434671,0.8817324719317996,0.05145354449894664,0.0668139835692537,2.0,429.3836595413213,0.35000000000582077,19.566450355110735,10355.287081830009,0.9250931013049635,0.010777797132796803,0.06412910156223972,0.8012055888122054,0.12699421817706708,0.07180019301072751,2.0,429.3836595413213,0.0,liquid,0.075,6.0,0.175,0.0,0.0,0.1511555597434671,0.15231159502440503,0.17108012375360318,0.7986711652939728,0.03024871095242399,0.17085019488247238,0.800037669836667,0.029112135280860676,0.8817324719317996,0.05145354449894664,0.0668139835692537,0.8817949562435003,0.04955986030674416,0.06864518344975554,429.3836595413213,429.30700749662344,429.3836595413213,429.2271467018713
132,132.0,0.001485,91.41517739316949,5.310852623213816,6.399873489637712,1180.832539143898,0.13575153842885668,0.007886616145472517,0.009503812132112002,0.1531419667064412,0.8864424386626799,0.05149872575810928,0.062058835579210755,2.0,429.4485196228049,0.35000000000582077,19.860451899704817,10511.04494102268,0.9296717104981184,0.010784107578432267,0.05954418192344931,0.80615950525596,0.12711158808995723,0.0667289066540828,2.0,429.4485196228049,0.0,liquid,0.075,6.0,0.175,0.0,1.905452840443213e-15,0.1531419667064412,0.15295577550937145,0.17208650377401322,0.7998024713617857,0.028111024864201115,0.1730316629462964,0.7997254152887439,0.027242921764959856,0.8864424386626799,0.05149872575810928,0.062058835579210755,0.8861627396545573,0.05126518121995688,0.06257207912548579,429.4485196228049,429.4834968045764,429.4485196228049,429.3588751071925
133,133.0,0.001485,89.19105633905431,5.263821415125749,6.732462054718007,1180.1885590206184,0.13244871866349567,0.007816774801461738,0.00999770615125624,0.15026319961621365,0.8814448181709305,0.05202055341179022,0.06653462841727929,2.0,429.3079335151687,0.35000000000582077,19.446201232612175,10287.805638297588,0.9252126335964882,0.010900287882695885,0.06388707852081604,0.8001617323825665,0.12838676082112652,0.07145150679630695,2.0,429.3079335151687,0.0,liquid,0.075,6.0,0.175,0.0,0.0,0.15026319961621365,0.14939009317284768,0.16956286081796337,0.8005723036539572,0.02986483552807948,0.17056899598029376,0.800939664703104,0.028491339316602318,0.8814448181709305,0.05202055341179022,0.06653462841727929,0.8805204062753207,0.053232429779434876,0.06624716394524445,429.3079335151687,429.3008019084561,429.3079335151687,429.19015453839864
134,134.0,0.001485,91.45198954682763,4.164358870494846,6.071394626411314,1180.357186350592,0.13580620447703903,0.006184072922684847,0.009016021020220802,0.1510062984199447,0.8993413248192166,0.040952417133536353,0.059706258047246975,2.0,430.95020173430134,0.35000000000582077,19.59943964635363,10396.494507568836,0.9346592052781755,0.00851797645934083,0.05682281826248369,0.8337509753970384,0.10118780695557081,0.06506121764739084,2.0,430.95020173430134,0.0,liquid,0.075,6.0,0.175,0.0,0.0,0.1510062984199447,0.15086564331205254,0.20842937094393288,0.7592833827350117,0.03228724632105529,0.20943483824414535,0.7586892124318482,0.031875949324006426,0.8993413248192166,0.040952417133536353,0.059706258047246975,0.9002863596864354,0.040512470685437875,0.05920116962812665,430.95020173430134,430.8449234279902,430.95020173430134,430.9815253870388
135,135.0,0.001485,89.95819041168818,4.789055835825986,6.925133730420397,1180.555724374498,0.13358791276135695,0.007111747916201588,0.01028382358967429,0.15098348426723282,0.8847849379665486,0.047102820223794604,0.0681122418096569,2.0,429.9745706698899,0.35000000000582077,19.533746077995335,10347.907551754783,0.9249930315111659,0.009840246308542296,0.06516672218029186,0.8101127642426802,0.11630474320754902,0.07358249254977074,2.0,429.9745706698899,0.0,liquid,0.075,6.0,0.175,0.0,0.0,0.15098348426723282,0.15085383945250025,0.1838728454132048,0.7830991880526982,0.03302796653409712,0.18369289472663164,0.7832988370174077,0.03300826825596069,0.8847849379665486,0.047102820223794604,0.0681122418096569,0.8840630517156266,0.04728296436949742,0.06865398391487586,429.9745706698899,429.91366035550755,429.9745706698899,429.8546304873075
136,136.0,0.001485,90.36115485637303,4.938411488554864,6.339664346330545,1180.7081718783147,0.13418631496171396,0.007333541060503972,0.009414401554300858,0.1509342575765188,0.8890381621527229,0.04858765119499862,0.062374186652278465,2.0,429.85211304692467,0.35000000000582077,19.57125555638782,10364.646829570713,0.9301276024154576,0.010156036042715403,0.05971636154182709,0.8127292016666096,0.11996065076182016,0.06731014757157028,2.0,429.85211304692467,0.0,liquid,0.075,6.0,0.175,0.0,9.405415423505858e-16,0.1509342575765188,0.15084825953469647,0.18064043476727137,0.7897878682672206,0.02957169696550806,0.17964615554945576,0.7912339338180734,0.029119910632470915,0.8890381621527229,0.04858765119499862,0.062374186652278465,0.8889533118379619,0.04909665047450564,0.06195003768753258,429.85211304692467,429.99040027082873,429.85211304692467,429.5377464167222
137,137.0,0.001485,89.20705000098549,4.902362556726575,6.308416676182007,1180.301329542048,0.13247246925146344,0.007280008396738964,0.00936799876413028,0.14912047641233267,0.8883586777523708,0.04881964282764917,0.0628216794199802,2.0,429.81301857608344,0.35000000000582077,19.327883981565144,10233.444430886917,0.9296361714607344,0.01020632367618075,0.06015750486308489,0.8117004751529797,0.12053009267864007,0.06776943216838022,2.0,429.81301857608344,0.0,liquid,0.075,6.0,0.175,0.0,2.514379703683143e-15,0.14912047641233267,0.14862238954660312,0.17981098195181275,0.7905192472559661,0.029669770792221113,0.18176220120157258,0.7907935065439526,0.027444292254474777,0.8883586777523708,0.04881964282764917,0.0628216794199802,0.8888793268692308,0.047161034063603266,0.06395963906716598,429.81301857608344,429.8331843303469,429.81301857608344,429.7086273986245
138,138.0,0.001485,91.41370531954703,4.198028915447061,7.086397539598997,1180.5039069495067,0.13574935239952735,0.006234072939438885,0.01052330034630451,0.15250672568527074,0.8901204310141331,0.040877364007566384,0.06900220497830059,2.0,430.8255959814602,0.35000000000582077,19.726336413473163,10464.960609985472,0.9257785859346642,0.008507115144525955,0.0657142989208098,0.8238981433061205,0.1009935404660956,0.07510831622778384,2.0,430.8255959814602,0.0,liquid,0.075,6.0,0.175,0.0,5.990192675075359e-15,0.15250672568527074,0.15277188660179125,0.20598370947640127,0.7567579198066482,0.037258370716950685,0.20554399885874466,0.7557717232414428,0.03868427789981234,0.8901204310141331,0.040877364007566384,0.06900220497830059,0.8890478822420622,0.03991563589274032,0.07103648186519756,430.8255959814602,430.7246809473235,430.8255959814602,430.77841001668804
139,139.0,0.001485,91.65468751584564,5.036101292422965,6.6514639014495565,1180.742566812535,0.13610721096103076,0.007478610419248103,0.009877423893652591,0.15346324527393146,0.8869042924126866,0.048732257720073655,0.06436344986723966,2.0,429.8023477506465,0.35000000000582077,19.884532747658593,10530.397413420184,0.9281740079279757,0.010188544112405594,0.061637447959618695,0.810260535029041,0.12031344013254805,0.06942602483841083,2.0,429.8023477506465,0.0,liquid,0.075,6.0,0.175,0.0,8.741587398021989e-15,0.15346324527393146,0.15370472308587602,0.17969292082468485,0.7898792961553668,0.03042778301994839,0.18121158476319774,0.7875023964717944,0.031286018765007834,0.8869042924126866,0.048732257720073655,0.06436344986723966,0.8861322576792172,0.04960445313120285,0.0642632891895799,429.8023477506465,429.83288057938137,429.8023477506465,429.7418028018593
140,140.0,0.000886,90.93584525969791,4.936563705747552,5.55004879241937,1184.411556912996,0.08056915890009235,0.004373795443292331,0.004917343230083562,0.08986029757346825,0.8966046304734343,0.04867328020716146,0.05472208931940411,2.0,429.95352706181836,0.35000000000582077,11.712226282144169,6212.122235389918,0.937469115949622,0.010169293520705723,0.05236159052967218,0.8207134431622686,0.12018068405178356,0.05910587278594782,2.0,429.95352706181836,0.0,liquid,0.075,6.0,0.175,0.0,1.243228299827989e-15,0.08986029757346825,0.08945743437239097,0.182305192005139,0.7917328456357476,0.02596196235911343,0.18190528944300652,0.793361907301331,0.0247328032556624,0.8966046304734343,0.04867328020716146,0.05472208931940411,0.8964197690032083,0.048465621201759894,0.05511460979503188,429.95352706181836,429.9389156586589,429.95352706181836,430.1054795297493
141,141.0,0.000886,90.7608527720742,6.2275384821004405,5.9594718668946935,1188.5117226211305,0.08041411555605774,0.00551759909514099,0.005280092074068698,0.09121180672526742,0.8816195889888176,0.060492158781156005,0.057888252230026395,2.0,428.2354878361421,0.35000000000582077,11.901735395523529,6305.594267457669,0.9313563724143253,0.012736995660858536,0.0559066319248162,0.7892512769150338,0.14918031885963542,0.06156840422533073,2.0,428.2354878361421,0.0,liquid,0.075,6.0,0.175,0.0,0.0,0.09121180672526742,0.0914031317167303,0.15054812524312466,0.8263864560321579,0.023065418724717488,0.14996697761525082,0.8260589277834096,0.02397409460133955,0.8816195889888176,0.060492158781156005,0.057888252230026395,0.882428615479363,0.06063278495214272,0.05693859956849426,428.2354878361421,428.58089247636656,428.2354878361421,428.1741335802132
142,142.0,0.000886,89.05238828089615,5.754284523957783,6.815639527887745,1190.9489775713314,0.07890041601687399,0.005098296088226596,0.006038656621708542,0.09003736872680912,0.876307439150884,0.056624223478762656,0.06706833737035342,2.0,428.6474645872136,0.35000000000582077,11.725177782611388,6224.459744199734,0.9234704658108942,0.011900371636120389,0.06462916255298541,0.7887189610700409,0.13968280547031312,0.07159823345964596,2.0,428.6474645872136,0.0,liquid,0.075,6.0,0.175,0.0,0.0,0.09003736872680912,0.09059182379060746,0.15753167283184846,0.8143359966047743,0.02813233056337727,0.15837560989650556,0.8148351706471979,0.026789219456296514,0.876307439150884,0.056624223478762656,0.06706833737035342,0.87503158273713,0.057407582402435146,0.06756083486043492,428.6474645872136,428.67597697134784,428.6474645872136,428.73555693353353
143,143.0,0.000886,88.68861736603843,5.630727096864461,6.429231335915556,1191.8322955243616,0.07857811498631004,0.004988824207821912,0.005696298963621183,0.08926323815775314,0.8802964871993609,0.055888900187614325,0.06381461261302472,2.0,428.8014938146433,0.35000000000582077,11.645047203603218,6185.3182984430805,0.9268195351611205,0.01173765809657529,0.06144280674230414,0.7938965409866812,0.13788406406905876,0.06821939494426014,2.0,428.8014938146433,0.0,liquid,0.075,6.0,0.175,0.0,8.031343870315073e-16,0.08926323815775314,0.08930928736607718,0.16004490743918293,0.812883748825298,0.027071343735519223,0.15976331631535953,0.8122904080524289,0.027946275632211554,0.8802964871993609,0.055888900187614325,0.06381461261302472,0.8814425298018289,0.05564325737693058,0.06291421282124052,428.8014938146433,428.7634313299367,428.8014938146433,428.79959555467525
144,144.0,0.000886,87.9386864588831,6.463318686624903,7.461108082009304,1192.863417730804,0.07791367620257042,0.005726500356349664,0.006610541760660242,0.09025071831958033,0.8633025603926597,0.06345102247354936,0.07324641713379088,2.0,427.5721327542376,0.35000000000582077,11.73790515183706,6225.738404232741,0.9156085568955195,0.013400253035635825,0.07099119006884476,0.7661628526039008,0.15640245142750608,0.07743469596859312,2.0,427.5721327542376,0.0,liquid,0.075,6.0,0.175,0.0,0.0,0.09025071831958033,0.09015938680502847,0.14128661387181904,0.8307428262846795,0.027970559843501434,0.14225435460014,0.8305705065451434,0.027175138854716507,0.8633025603926597,0.06345102247354936,0.07324641713379088,0.8643936951242989,0.061955995379651824,0.07365030949604928,427.5721327542376,427.71413554601634,427.5721327542376,427.56790228167034
145,145.0,0.000886,87.88724888216686,6.783924508371253,7.4612069511418575,1192.7045129116268,0.07786810250959983,0.0060105571144169305,0.006610629358711685,0.09048928898272846,0.8605228683414938,0.06642285713576726,0.07305427452273877,2.0,427.14355838897063,0.35000000000582077,11.768513512703164,6236.85254692263,0.9149772619727903,0.01405522540503833,0.07096751262217121,0.7593932801714505,0.16367703034770442,0.07692968948084508,2.0,427.14355838897063,0.0,liquid,0.075,6.0,0.175,0.0,0.0,0.09048928898272846,0.09045073967301345,0.1356262325726886,0.8375077247999869,0.02686604262732438,0.13329790590042184,0.8383268907361208,0.028375203363457342,0.8605228683414938,0.06642285713576726,0.07305427452273877,0.8634433868600215,0.06621322891703274,0.07034338422294574,427.14355838897063,426.9594547722414,427.14355838897063,427.06002036008584
146,146.0,0.000886,85.35022867015846,5.377365863319858,6.060380772418031,1192.8128153733328,0.07562030260176039,0.004764346154901395,0.005369497364362375,0.08575414612102417,0.881826780655457,0.0555582017944358,0.06261501755010708,2.0,428.86662714965325,0.35000000000582077,11.19898638651699,5951.331392564071,0.9280685738849602,0.011664772283148104,0.06026665383189177,0.7959491646598019,0.13707457088493513,0.06697626445526289,2.0,428.86662714965325,0.0,liquid,0.075,6.0,0.175,0.0,0.0,0.08575414612102417,0.08591242857711388,0.16113533914614386,0.8121676397119217,0.0266970211419343,0.16065525376868647,0.8110189637117533,0.028325782519560277,0.881826780655457,0.0555582017944358,0.06261501755010708,0.8812766436222822,0.056723916896363774,0.06199943948135403,428.86662714965325,428.87605916529134,428.86662714965325,428.8607488844952
147,147.0,0.000886,85.41193860217267,6.259265876558157,6.48392642827471,1193.6676462817932,0.07567497760152499,0.005545709566630527,0.005744758815451393,0.0869654459836069,0.8701729376031696,0.06376911546772152,0.06605794692910892,2.0,427.63796202428284,0.35000000000582077,11.347102848985894,6020.00562825636,0.9225351148720804,0.01346340671086278,0.06400147841705679,0.7729288941060628,0.15719400315682175,0.0698771027371154,2.0,427.63796202428284,0.0,liquid,0.075,6.0,0.175,0.0,0.0,0.0869654459836069,0.08651392009953461,0.1420496306026329,0.8327888772084462,0.02516149218892099,0.1431721616423159,0.831984498333694,0.024843340023990104,0.8701729376031696,0.06376911546772152,0.06605794692910892,0.870177964357367,0.06235295189020125,0.06746908375243181,427.63796202428284,427.8374048737509,427.63796202428284,427.5614524115931
148,148.0,0.000886,86.2760511494142,5.937126322683973,7.047634345637791,1192.2327387740131,0.07644058131838098,0.005260293921898,0.006244204030235082,0.08794507927051406,0.8691854274558568,0.05981339678730216,0.07100117575684099,2.0,428.1312809407083,0.35000000000582077,11.443901922423489,6073.693753546478,0.9187909162183187,0.012600024495846332,0.06860905928583497,0.7770609483277995,0.14749537389788442,0.07544367777431615,2.0,428.1312809407083,0.0,liquid,0.075,6.0,0.175,0.0,3.1979406923629306e-15,0.08794507927051406,0.08798845133072809,0.1493464591739421,0.8221876473467035,0.028465893479354385,0.14896185140598175,0.821023086631018,0.03001506196300014,0.8691854274558568,0.05981339678730216,0.07100117575684099,0.8668986062979521,0.059955240268856076,0.07314615343319186,428.1312809407083,428.11966101227233,428.1312809407083,428.14828337213373
149,149.0,0.000886,83.39996049825976,5.802307250906293,6.979933004257812,1192.5978069426578,0.07389236500145814,0.005140844224302975,0.006184220641772421,0.08521742986753353,0.8671038907922984,0.06032620594512384,0.07256990326257785,2.0,428.0334362481746,0.35000000000582077,11.0846809533829,5883.210087918324,0.917124539408139,0.01271368658907532,0.07016177400278568,0.7742084005079665,0.14874945617566332,0.07704214331637024,2.0,428.0334362481746,0.0,liquid,0.075,6.0,0.175,0.0,4.711457023360338e-16,0.08521742986753353,0.08511760686484608,0.14790608661868515,0.8232105182914837,0.02888339508983108,0.14798555806413918,0.8220312707287364,0.02998317120712433,0.8671038907922984,0.06032620594512384,0.07256990326257785,0.8680850225358089,0.05998265176403506,0.071932325700156,428.0334362481746,427.8601061437098,428.0334362481746,428.00981128491225
150,150.0,0.000886,85.22534243868898,6.054148534747784,6.842329770305012,1191.9130715404488,0.07550965340067843,0.005363975601786536,0.00606230417649024,0.0869359331789552,0.8685666632834539,0.06170032811110386,0.0697330086054423,2.0,427.87949745510406,0.35000000000582077,11.31570616939275,6002.014064136707,0.9195129215590868,0.013012360203518912,0.06747471823739415,0.7739521836309524,0.15212083993732967,0.07392697643171788,2.0,427.87949745510406,0.0,liquid,0.075,6.0,0.175,0.0,0.0,0.0869359331789552,0.08741786035451345,0.14555430227466126,0.8271787152759791,0.027266982449359767,0.1444871229626213,0.8285213159918234,0.026991561045555206,0.8685666632834539,0.06170032811110386,0.0697330086054423,0.8681724205673006,0.06220530410968263,0.06962227532301675,427.87949745510406,427.839905658663,427.87949745510406,427.7850346617849
151,151.0,0.000886,84.019831799461,5.836359612907597,6.080425617047569,1192.792302696036,0.07444157097432244,0.005171014617036131,0.005387257096704146,0.08499984268806272,0.8757848087732629,0.060835578672927854,0.06337961255380918,2.0,428.10188033817036,0.35000000000582077,11.096416935917713,5889.132321511981,0.925928996564894,0.012817060111892297,0.061253943323213635,0.7826598885909614,0.150012827427072,0.06732728398196666,2.0,428.10188033817036,0.0,liquid,0.075,6.0,0.175,0.0,0.0,0.08499984268806272,0.08495542872314081,0.14867707347419915,0.8262171903045187,0.025105736221282166,0.14699331060586288,0.8287819007688468,0.0242247886252903,0.8757848087732629,0.060835578672927854,0.06337961255380918,0.8745519823947256,0.06224314796694842,0.06320486963832597,428.10188033817036,428.24733214226626,428.10188033817036,428.20106977214044
152,152.0,0.000886,84.08760320016566,5.946676308760564,6.118956247661281,1191.3472006411305,0.07450161643534677,0.005268755209561859,0.005421395235427894,0.08519176688033651,0.8745166248282474,0.061845826216546794,0.06363754895520579,2.0,427.9527602538831,0.35000000000582077,11.110700353568552,5891.623429657444,0.9254088211982234,0.013038712738293793,0.06155246606348275,0.7800025458577041,0.15248760838826894,0.06750984575402703,2.0,427.9527602538831,0.0,liquid,0.075,6.0,0.175,0.0,0.0,0.08519176688033651,0.0856180377579838,0.14646875066935056,0.8286617445911161,0.02486950473953333,0.14687815469849402,0.828088736052788,0.025033109248718006,0.8745166248282474,0.061845826216546794,0.06363754895520579,0.8731701608944019,0.06167901878237385,0.06515082032322424,427.9527602538831,427.9903672135152,427.9527602538831,427.99544430188524
153,153.0,0.000886,84.13318529758133,5.211671603295583,6.280549342454751,1191.5558403184054,0.07454200217365706,0.004617541040519886,0.0055645667174149096,0.08472410993159185,0.879820422236881,0.054500909413485635,0.06567866834963348,2.0,428.9701884813706,0.35000000000582077,11.04344786680907,5867.086331984039,0.9253824201178378,0.01143743630783946,0.06318014357432286,0.795205283317123,0.1344759308934916,0.07031878578938532,2.0,428.9701884813706,0.0,liquid,0.075,6.0,0.175,0.0,0.0,0.08472410993159185,0.08444356958694729,0.16313684928123837,0.8084473985791988,0.02841575213956284,0.1649798265810731,0.8066504203819022,0.028369753037024697,0.879820422236881,0.054500909413485635,0.06567866834963348,0.8796537592333543,0.05543085154990281,0.06491538921674296,428.9701884813706,428.88630287041934,428.9701884813706,428.9253822079564
154,154.0,0.000886,83.68063928072017,5.807448075908616,6.364216309187087,1191.267915949376,0.07414104640271807,0.005145398995255034,0.005638695649939759,0.08492514104791286,0.8730164647108369,0.060587464816244635,0.06639607047291841,2.0,428.0910555214597,0.35000000000582077,11.06389158981722,5868.45622501059,0.9230616251979945,0.012765412735924424,0.06417296206608104,0.7800754523797039,0.14939984724906147,0.07052470037123476,2.0,428.0910555214597,0.0,liquid,0.075,6.0,0.175,0.0,0.0,0.08492514104791286,0.08507476025063009,0.1486001200836507,0.8250295302496973,0.026370349666652037,0.14896466446464024,0.8246260026713087,0.02640933286405101,0.8730164647108369,0.060587464816244635,0.06639607047291841,0.8716445128472463,0.06101089979286458,0.0673445873598891,428.0910555214597,428.0225312407418,428.0910555214597,428.1056048261632
155,155.0,0.000886,82.93064112558167,5.411149037218282,6.721480131480208,1191.4380984537606,0.07347654803726536,0.0047942780469753974,0.005955231396491464,0.08422605748073222,0.8723731139151806,0.056921553618631014,0.07070533246618836,2.0,428.54965011775624,0.35000000000582077,10.956367515459025,5817.1358070134465,0.9198620981123077,0.01196815277222149,0.06816974911547082,0.7841792861226207,0.14040644090282783,0.07541427297455146,2.0,428.54965011775624,0.0,liquid,0.075,6.0,0.175,0.0,5.303789740739649e-15,0.08422605748073222,0.08430676295566455,0.1560295431417967,0.8144628819360712,0.029507574922132056,0.15456432098350395,0.8165845703567622,0.028851108659733834,0.8723731139151806,0.056921553618631014,0.07070533246618836,0.8746931664872375,0.055780546431986024,0.06952628708077659,428.54965011775624,428.49368009064125,428.54965011775624,428.5412678656061
156,156.0,0.000886,83.23501866074548,5.64198618478039,5.733389463665437,1191.0950442613291,0.0737462265334205,0.004998799759715426,0.005079783064807577,0.08382480935794351,0.8797661109912452,0.059633893569263734,0.060599995439490975,2.0,428.3167238029085,0.35000000000582077,10.943614054278768,5805.574661103848,0.9289483245157983,0.012551664636440439,0.05850001084776122,0.7884277144478401,0.14707231872812168,0.06449996682403829,2.0,428.3167238029085,0.0,liquid,0.075,6.0,0.175,0.0,3.908235644186575e-16,0.08382480935794351,0.08360626619831757,0.15189653060595232,0.8236899718257878,0.024413497568259813,0.1534634002186543,0.8211718272916574,0.02536477248968823,0.8797661109912452,0.059633893569263734,0.060599995439490975,0.8810572769542612,0.05804535723882507,0.06089736580691367,428.3167238029085,428.3528435913139,428.3167238029085,428.2299647091822
157,157.0,0.000886,83.03652422206191,5.289195951603025,7.041583241594594,1190.9791613077157,0.07357036046074686,0.00468622761312028,0.00623884275205281,0.08449543082591995,0.8707022349210662,0.055461313911458573,0.07383645116747511,2.0,428.7100467482234,0.35000000000582077,10.97548623048427,5828.265766360436,0.9172201570626743,0.011652672540985733,0.07112717039634,0.7843118080886459,0.1368202193118871,0.07886797259946707,2.0,428.7100467482234,0.0,liquid,0.075,6.0,0.175,0.0,2.9482185330691725e-15,0.08449543082591995,0.08454039830931923,0.15889038894847496,0.8096701155047796,0.031439495546745404,0.15894327227052857,0.8101806339376476,0.030876093791823874,0.8707022349210662,0.055461313911458573,0.07383645116747511,0.8728299742409471,0.05551166918749205,0.07165835657156094,428.7100467482234,428.84386636151726,428.7100467482234,428.71709637112554
158,158.0,0.000886,81.82650508251933,4.572582490530774,6.142253297232392,1190.8947623213894,0.07249828350311213,0.004051308086610266,0.005442036421347899,0.0819916280110703,0.8842156847199522,0.04941124093868789,0.06637307434135994,2.0,429.67731684577916,0.35000000000582077,10.681202723324672,5680.002577457455,0.9260587440922949,0.010336317094874444,0.06360493881283055,0.8065071458874787,0.1219789566468738,0.07151389746564742,2.0,429.67731684577916,0.0,liquid,0.075,6.0,0.175,0.0,0.0,0.0819916280110703,0.08228987719134803,0.17712705508338528,0.7918491152535787,0.031023829663036077,0.17730772888816038,0.7924421990721858,0.030250072039653773,0.8842156847199522,0.04941124093868789,0.06637307434135994,0.8824872438102035,0.049162778784535344,0.06834997740526114,429.67731684577916,429.7825591470591,429.67731684577916,429.6152156702984
159,159.0,0.000886,81.98537751408719,4.420369956285402,6.318987037697726,1191.405690118312,0.07263904447748125,0.0039164477812688656,0.0055986225154001845,0.08215411477415029,0.8841802346379497,0.04767196131363066,0.0681478040484198,2.0,429.894507510085,0.35000000000582077,10.698838316635015,5692.985880579225,0.9248082682107256,0.009962733214247363,0.06522899857502695,0.8087281722902695,0.11770338492513623,0.07356844278459426,2.0,429.894507510085,0.0,liquid,0.075,6.0,0.175,0.0,0.0,0.08215411477415029,0.08207431231163966,0.1820443847435039,0.7852166358737583,0.03273897938273773,0.18163516833101315,0.7833809212716859,0.03498391039730104,0.8841802346379497,0.04767196131363066,0.0681478040484198,0.8828484283907768,0.04728799684912441,0.06986357476009873,429.894507510085,429.9401087282959,429.894507510085,429.800014126523
160,160.0,0.000886,81.76376471289163,5.575536399405142,5.871880957484033,1190.9193546762383,0.07244269553562198,0.004939925249872956,0.005202486528330853,0.08258510731382579,0.8771883683620783,0.05981617522274443,0.0629954564151773,2.0,428.25391345746993,0.35000000000582077,10.770802353645127,5713.228541634819,0.926573401743595,0.012593612249146605,0.060832986007258325,0.7854733063699307,0.14751522074313428,0.06701147288693497,2.0,428.25391345746993,0.0,liquid,0.075,6.0,0.175,0.0,0.0,0.08258510731382579,0.08216591456296778,0.15099279261583226,0.8237055269982385,0.025301680385929143,0.15071318146588564,0.824212351275007,0.02507446725910729,0.8771883683620783,0.05981617522274443,0.0629954564151773,0.8766495947948892,0.06031146445191361,0.06303894075319712,428.25391345746993,428.1207489814642,428.25391345746993,428.0916367244433
161,161.0,0.000886,83.05554533345254,5.364272746585791,6.642379361517304,1191.7414535166088,0.07358721316543895,0.004752745653475011,0.005885148114304331,0.0842251069332183,0.873696880240068,0.05642908423070856,0.06987403552922335,2.0,428.6325352296363,0.35000000000582077,10.961781467744899,5821.4545026629685,0.9208016080802199,0.011860161001453233,0.06733823091832677,0.7862166713961039,0.1391999416545457,0.07458338694935043,2.0,428.6325352296363,0.0,liquid,0.075,6.0,0.175,0.0,0.0,0.0842251069332183,0.08422066924040396,0.15739271464620155,0.8132364395880626,0.02937084576573597,0.1578902822527781,0.813142228315008,0.028967489432213896,0.873696880240068,0.05642908423070856,0.06987403552922335,0.873766383072626,0.05718964742864194,0.06904396949873202,428.6325352296363,428.49974197823695,428.6325352296363,428.5966744942824
162,162.0,0.000886,81.69856073568083,5.023943755244499,6.1978894414039365,1190.7883143363013,0.07238492481181322,0.004451214167146626,0.005491330045083887,0.08232746902404373,0.8792317518065959,0.054067180977550144,0.0667010672158541,2.0,429.0161843232009,0.35000000000582077,10.722015394998113,5695.075398604518,0.9245081952176799,0.011344058767233383,0.06414774601508663,0.7951469283308606,0.13341012222340093,0.07144294944573844,2.0,429.0161843232009,0.0,liquid,0.075,6.0,0.175,0.0,6.385409197305493e-15,0.08232746902404373,0.0821045863958944,0.16402836719475317,0.8069364097780289,0.029035223027217966,0.16390804997879108,0.8068936815425611,0.029198268478647708,0.8792317518065959,0.054067180977550144,0.0667010672158541,0.8802564403917663,0.05270295703294988,0.06704060257528387,429.0161843232009,429.06950952532225,429.0161843232009,429.07288138915925
163,163.0,0.000886,82.80536582806334,4.866153853190506,5.888752649985006,1191.170055011648,0.07336555412366412,0.004311412313926789,0.005217434847886715,0.08289440128547762,0.8850483625667628,0.052010898770820976,0.06294073866241633,2.0,429.3632143759939,0.35000000000582077,10.8141555059575,5747.759166916793,0.9286862831805333,0.010895548515262449,0.060418168304204135,0.8040065100003092,0.12836797781499468,0.06762551218469602,2.0,429.3632143759939,0.0,liquid,0.075,6.0,0.175,0.0,0.0,0.08289440128547762,0.08280926684403947,0.1704381899047264,0.8012799134373171,0.028281896657956603,0.17119672536557642,0.7990028035116361,0.029800471122787508,0.8850483625667628,0.052010898770820976,0.06294073866241633,0.8856347057445756,0.05141827029367322,0.06294702396175114,429.3632143759939,429.2286672662006,429.3632143759939,429.29374844065603
164,164.0,0.000886,82.03751474491995,5.486298960448574,6.279017332524754,1191.30864000276,0.07268523806399907,0.004860860878957436,0.005563209356616932,0.08310930829957343,0.8745739743375067,0.058487562685952295,0.06693846297654105,2.0,428.38357620982674,0.35000000000582077,10.82558597238515,5745.143246729676,0.9230977197337235,0.012306661439756766,0.06459561882651976,0.784458447175317,0.1442520935696379,0.07128945925504515,2.0,428.38357620982674,0.0,liquid,0.075,6.0,0.175,0.0,2.5154676112090345e-15,0.08310930829957343,0.08308896619026072,0.15317152318253888,0.8194736478983596,0.027354828919101477,0.15283038903405405,0.8203496820532161,0.026819928912729718,0.8745739743375067,0.058487562685952295,0.06693846297654105,0.8757448336906466,0.05753368206783832,0.06672148424151515,428.38357620982674,428.3610195077199,428.38357620982674,428.63564707904254
165,165.0,0.000886,82.30455924021344,5.353305777377001,5.810091610809897,1191.238005176047,0.07292183948682911,0.0047430289187560225,0.005147741167177569,0.08281260957276271,0.8805644437850597,0.057274235689778547,0.0621613205251616,2.0,428.62960633105325,0.35000000000582077,10.8062623889035,5736.394697125209,0.9280556843979612,0.012037952808789573,0.05990636279324936,0.7923664255060926,0.14128447532386723,0.06634909917004012,2.0,428.62960633105325,0.0,liquid,0.075,6.0,0.175,0.0,0.0,0.08281260957276271,0.08238886103966728,0.15703203934174081,0.8171022662187614,0.025865694439497832,0.15621019943166847,0.8156030739333875,0.02818672663494405,0.8805644437850597,0.057274235689778547,0.0621613205251616,0.8811622231897938,0.05770848420281007,0.0611292926073962,428.62960633105325,428.6600213756719,428.62960633105325,428.71817489641853
166,166.0,0.000886,82.10980975482643,4.991838586971037,5.379377303824703,1191.7039244627122,0.07274929144277621,0.004422768988056339,0.0047661282911886866,0.08193818872202124,0.8878557431819887,0.05397689474270378,0.05816736207530749,2.0,429.15762816442407,0.35000000000582077,10.711874768816754,5691.942681879255,0.9327840431243868,0.011317887366645607,0.05589806950896748,0.8044174718624184,0.13320076558203067,0.06238176255555088,2.0,429.15762816442407,0.0,liquid,0.075,6.0,0.175,0.0,2.794719038622732e-15,0.08193818872202124,0.08154103636826855,0.16621123664809534,0.8083805500614907,0.025408213290413862,0.16674149618415582,0.8066474207481308,0.02661108306771346,0.8878557431819887,0.05397689474270378,0.05816736207530749,0.8894890502596535,0.05285015770749132,0.05766079203285522,429.15762816442407,429.0438687648878,429.15762816442407,429.2880611776901
167,167.0,0.000886,82.23538095697273,5.776406406830708,6.254758561049743,1190.9231837453603,0.07286054752787784,0.005117896076452007,0.0055417160850900725,0.08352015968941992,0.8723707880686391,0.061277374175091846,0.06635183775626904,2.0,427.99261261195096,0.35000000000582077,10.878729991915648,5768.410498523032,0.9229193650504945,0.012916534308319462,0.064164100641186,0.7784948593902868,0.1510903624969581,0.07041477811275507,2.0,427.99261261195096,0.0,liquid,0.075,6.0,0.175,0.0,1.1548528983175893e-15,0.08352015968941992,0.08364094658667212,0.14712677233715696,0.8267624182728288,0.026110809390014148,0.14765116428006914,0.8278129954786733,0.02453584024125769,0.8723707880686391,0.061277374175091846,0.06635183775626904,0.8708484850721253,0.06253805459688003,0.06661346033099468,427.99261261195096,427.89018637851507,427.99261261195096,428.0721369131583
168,168.0,0.000886,80.66089902408753,5.784547257643834,6.3766189538147255,1190.9070185862574,0.07146555653534155,0.005125108870272437,0.005649684393079847,0.08224034979869384,0.8689841022110607,0.0623186657500554,0.06869723203888387,2.0,427.8064079949597,0.35000000000582077,10.70227153203049,5673.3390731840245,0.9203543353583323,0.01314712316951792,0.06649854147214962,0.7735822406540738,0.1536372448260601,0.0727805145198662,2.0,427.8064079949597,0.0,liquid,0.075,6.0,0.175,0.0,0.0,0.08224034979869384,0.08211138409343591,0.14447501262022064,0.828875004530546,0.026649982849233422,0.1446002994998134,0.8306565551324161,0.02474314536777048,0.8689841022110607,0.0623186657500554,0.06869723203888387,0.8703565973260213,0.06293193432017273,0.06671146835380597,427.8064079949597,427.7969958885029,427.8064079949597,427.9916944924536
169,169.0,0.000886,81.83313048269328,5.204907753503964,6.447932814690295,1191.6975293136234,0.07250415360766624,0.0046115482696045115,0.005712868473815601,0.08282857035108634,0.875351986643523,0.055675816328321165,0.06897219702815592,2.0,428.75347775885393,0.35000000000582077,10.783562730547821,5727.749683630513,0.9218786868278703,0.011695444303822126,0.0664258688683076,0.7889452577317401,0.13735365008620978,0.07370109218205019,2.0,428.75347775885393,0.0,liquid,0.075,6.0,0.175,0.0,0.0,0.08282857035108634,0.08219126802963923,0.15943457173443382,0.8112530792380137,0.029312349027552476,0.16024978697794637,0.8097441289510964,0.0300060840709573,0.875351986643523,0.055675816328321165,0.06897219702815592,0.873486125888263,0.05755323261624572,0.06896064149549126,428.75347775885393,428.80384278760636,428.75347775885393,428.6747775605067
170,170.0,0.000886,81.24620004327721,6.1508795819042605,6.334742798221804,1191.224833475369,0.0719841332383436,0.005449679309567175,0.005612582119224518,0.0830463946671353,0.8667942001199305,0.06562210594945701,0.06758369393061245,2.0,427.3457593141303,0.35000000000582077,10.813619253385314,5728.363641689849,0.9205447334915947,0.013873024658815118,0.06558224184959019,0.7669717810034604,0.1617275426298298,0.07130067636670973,2.0,427.3457593141303,0.0,liquid,0.075,6.0,0.175,0.0,0.0,0.0830463946671353,0.08324193006998422,0.13815087064979847,0.8367154343706003,0.025133694979601225,0.14028823309013966,0.8350383415510558,0.024673425358804596,0.8667942001199305,0.06562210594945701,0.06758369393061245,0.8655537018123427,0.06607035928243533,0.06837593890522213,427.3457593141303,427.4519111911717,427.3457593141303,427.08968557556443
171,171.0,0.000886,80.74524060187781,4.684585086483473,6.392150280211944,1190.903856640511,0.07154028317326373,0.004150542386624357,0.005663445148267782,0.08135427070815586,0.8793672729229166,0.051018125422249774,0.06961460165483378,2.0,429.4030144077984,0.35000000000582077,10.584820801118056,5626.645807314848,0.9225041437058312,0.010685658958261736,0.066810197335907,0.7992559414708732,0.12592127742498382,0.07482278110414299,2.0,429.4030144077984,0.0,liquid,0.075,6.0,0.175,0.0,1.3382166044462416e-15,0.08135427070815586,0.08142074603656574,0.1716424216135616,0.7966523079306791,0.03170527045575935,0.17166852237397115,0.7972097010107669,0.031121776615261915,0.8793672729229166,0.051018125422249774,0.06961460165483378,0.8804244404846511,0.04950756553232533,0.07006799398302373,429.4030144077984,429.4637197512755,429.4030144077984,429.35840184696315
172,172.0,0.000886,81.48300451677427,5.194609107059415,6.374403651217823,1191.1598433611332,0.07219394200186201,0.004602423668854641,0.005647721634978991,0.08244408730569565,0.8756715534271491,0.0558247876744544,0.06850365889839644,2.0,428.73940997567337,0.35000000000582077,10.731942479440656,5698.822468875367,0.9222928917632801,0.011727483362709009,0.06597962487401098,0.789089067947797,0.13771978139434365,0.07319115065785937,2.0,428.73940997567337,0.0,liquid,0.075,6.0,0.175,0.0,0.0,0.08244408730569565,0.08226752303074104,0.1591697028749112,0.8117760438759892,0.029054253249099476,0.1584112412977131,0.8121795366415919,0.02940922206069497,0.8756715534271491,0.0558247876744544,0.06850365889839644,0.8747100311073978,0.05712070636488541,0.06816926252771696,428.73940997567337,428.7467756351726,428.73940997567337,428.7952318332281
173,173.0,0.000886,81.25493164433581,4.731422654577888,6.395719719649549,1191.529543590496,0.07199186943688153,0.004192040471956008,0.0056666076716095,0.08185051758044704,0.8795530140188069,0.05121580896340513,0.06923117701778804,2.0,429.3809119788935,0.35000000000582077,10.654906164872534,5665.128700811277,0.9228217205914855,0.010728132378641104,0.0664501470298734,0.7991968446715096,0.12640720833327282,0.0743959469952176,2.0,429.3809119788935,0.0,liquid,0.075,6.0,0.175,0.0,0.0,0.08185051758044704,0.08152716787742498,0.1711739743554284,0.797388076021712,0.03143794962285963,0.16942894627828858,0.7975734993825601,0.032997554339151344,0.8795530140188069,0.05121580896340513,0.06923117701778804,0.8828735414273049,0.05024687553785037,0.06687958303484476,429.3809119788935,429.3062925035378,429.3809119788935,429.3960636760683
174,174.0,0.000886,82.75795330431288,4.988329888964619,5.58294633438908,1191.365404123192,0.07332354662762121,0.004419660281622652,0.004946490452268725,0.08268969736151258,0.8867313458296585,0.05344874177372133,0.05981991239662027,2.0,429.20733453725506,0.35000000000582077,10.80124266751253,5739.353453701162,0.9313246299689723,0.011204630923356568,0.05747073910767128,0.8039152467157655,0.13190209049395585,0.0641826627902786,2.0,429.20733453725506,0.0,liquid,0.075,6.0,0.175,0.0,0.0,0.08268969736151258,0.08289703546750836,0.1672380507373814,0.8064371181320504,0.026324831130568254,0.16772898898833935,0.8061027026109439,0.026168308400716832,0.8867313458296585,0.05344874177372133,0.05981991239662027,0.8872486954265614,0.05330550593738554,0.059445798636053024,429.20733453725506,429.10024383767063,429.20733453725506,429.23488179835186
175,175.0,0.000872,87.81232672577481,7.760309695400657,11.149073785604076,1198.8060463961913,0.07657234890487565,0.006766990054389374,0.009721992341046754,0.09306133130031177,0.8228159627093053,0.07271537984506249,0.10446865744563213,2.0,425.714539850391,0.35000000000582077,12.000428200559904,6365.737809141272,0.8822524170800664,0.015487360978088208,0.10226022194184542,0.7124339760233745,0.17899598630977268,0.10857003766685278,2.0,425.714539850391,0.0,liquid,0.075,6.0,0.175,0.0,5.177637531663585e-16,0.09306133130031177,0.09315886440238998,0.11952921056261995,0.8450601196430163,0.03541066979436377,0.11961532806077581,0.8463115049852794,0.03407316695394473,0.8228159627093053,0.07271537984506249,0.10446865744563213,0.8221625366901296,0.07375848977269035,0.10407897353717994,425.714539850391,425.6634521415581,425.714539850391,425.846630850658
176,176.0,0.000872,89.85158106897337,8.063990339908013,11.027197710376688,1204.185196094929,0.07835057869214479,0.007031799576399788,0.009615716403448472,0.09499809467199305,0.8247594750470694,0.0740204274694035,0.10122009748352709,2.0,425.5724052772302,0.35000000000582077,12.304110457238377,6539.434855364021,0.8850692944143342,0.015775574286197424,0.09915513129946814,0.7127555247961974,0.1821894405213986,0.10505503468240397,2.0,425.5724052772302,0.0,liquid,0.075,6.0,0.175,0.0,4.737273769231305e-15,0.09499809467199305,0.09567712270364144,0.1181168272404356,0.848058936762649,0.03382423599691554,0.11735425055201353,0.8488988108822827,0.03374693856570386,0.8247594750470694,0.0740204274694035,0.10122009748352709,0.8234169511877835,0.07470958354358985,0.10187346526862674,425.5724052772302,425.6133988357282,425.5724052772302,425.6106110346764
177,177.0,0.000872,91.74612982329184,10.81802035266573,11.97263386210962,1213.9457627731822,0.08000262520591049,0.009433313747524517,0.010440136727759588,0.0998760756811946,0.80101890928594,0.09445018422265354,0.10453090649140646,2.0,422.3911540156052,0.35000000000582077,12.994683620145238,6895.80146169947,0.8754442770896952,0.020426781399764896,0.10412894151053993,0.6628003690820322,0.23192221803354002,0.1052774128844278,2.0,422.3911540156052,0.0,liquid,0.075,6.0,0.175,0.0,4.799748407203147e-16,0.0998760756811946,0.10000197604605447,0.09313156393558837,0.8785104340172466,0.028358002047165137,0.09373159129277871,0.877544645931853,0.0287237627753683,0.80101890928594,0.09445018422265354,0.10453090649140646,0.801227311583386,0.09541963697337964,0.1033530514432342,422.3911540156052,422.42481638626793,422.3911540156052,422.4710453083643
178,178.0,0.000872,91.06268726796604,9.944752666236164,12.266973126903954,1225.2576306725791,0.0794066632976664,0.008671824324957935,0.01069680056666025,0.09877528818928458,0.8039122411417136,0.08779346012476306,0.10829429873352339,2.0,423.36222053540473,0.35000000000582077,12.912547534947985,6898.014093669681,0.8737676836956692,0.018902024249134567,0.10733029205519619,0.6741807049730524,0.21573469817657173,0.11008459685037576,2.0,423.36222053540473,0.0,liquid,0.075,6.0,0.175,0.0,0.0,0.09877528818928458,0.09889017465781472,0.09949315652443236,0.8692340305811848,0.03127281289438292,0.10041228065542201,0.8682296526260967,0.031358066718481195,0.8039122411417136,0.08779346012476306,0.10829429873352339,0.8044741091681523,0.08667813735911303,0.10884775347273452,423.36222053540473,423.15223033683225,423.36222053540473,423.26826426121943
179,179.0,0.000872,93.7956867556935,12.079482304832508,15.428243540362956,1238.011975855552,0.08178983885096473,0.010533308569813948,0.013453428367196499,0.10577657578797518,0.7732320529538517,0.09958072939445056,0.12718721765169771,2.0,421.1830201471353,0.35000000000582077,13.824439834065585,7399.0847382416305,0.8508438694966657,0.021657596281546353,0.12749853422178795,0.629095822234748,0.2442951194579944,0.12660905830725755,2.0,421.1830201471353,0.0,liquid,0.075,6.0,0.175,0.0,8.574784188076286e-16,0.10577657578797518,0.1057236045934244,0.08556802148267743,0.8815905610259106,0.03284141749141199,0.0855579296693577,0.8816397594606766,0.03280231086996568,0.7732320529538517,0.09958072939445056,0.12718721765169771,0.7723953007452952,0.09875922268242887,0.12884547657227596,421.1830201471353,421.10445244430855,421.1830201471353,421.0734807782137
180,180.0,0.000872,92.94500974187304,13.932689893024907,16.99300142962373,1250.886259348318,0.08104804849491329,0.01214930558671772,0.014817897246631895,0.1080152513282629,0.7503389336067446,0.11247768659812186,0.13718337979513356,2.0,418.90686302496914,0.35000000000582077,14.16319555533688,7590.999077478467,0.8361293788867127,0.024724427082584613,0.13914619403070264,0.5910138209473584,0.27544802569491544,0.13353815335772617,2.0,418.90686302496914,0.0,liquid,0.075,6.0,0.175,0.0,3.918005225120474e-15,0.1080152513282629,0.10827992407998656,0.07452230952271566,0.8936864768323305,0.03179121364495377,0.07576300845533362,0.8933433322850673,0.030893659259599,0.7503389336067446,0.11247768659812186,0.13718337979513356,0.749466485491798,0.11322521989543016,0.13730829461277197,418.90686302496914,419.02731378012976,418.90686302496914,419.0682744172716
181,181.0,0.000872,91.72607651115896,15.884215857952048,19.903908856356672,1260.8438238988203,0.07998513871773062,0.013851036228134187,0.01735620852274302,0.11119238346860782,0.7193400862776925,0.12456821048399105,0.15609170323831648,2.0,416.5154154373186,0.35000000000582077,14.552732562020788,7800.425171068209,0.8120369331033649,0.027693109850684735,0.16026995704595046,0.547188799319354,0.3044791116563435,0.14833208902430245,2.0,416.5154154373186,0.0,liquid,0.075,6.0,0.175,0.0,6.58147504091569e-16,0.11119238346860782,0.11140089760880104,0.06510447793372097,0.9019320308049519,0.032963491261327235,0.06465522079880857,0.902733118091737,0.03261166110945453,0.7193400862776925,0.12456821048399105,0.15609170323831648,0.7185006527965163,0.12580346031696185,0.15569588688652183,416.5154154373186,416.52333694209904,416.5154154373186,416.5255055908333
182,182.0,0.000872,89.04843482232945,18.69530847790829,21.997804133257706,1269.6219491278137,0.07765023516507129,0.01630230899273603,0.01918208520420072,0.11313462936200805,0.6863524952789315,0.144096543071458,0.16955096164961045,2.0,412.80922639238304,0.35000000000582077,14.811982475362248,7912.818308052449,0.7900329012938151,0.032607122297657366,0.17735997640852752,0.493803169826769,0.3511483245041614,0.15504850566906958,2.0,412.80922639238304,0.0,liquid,0.075,6.0,0.175,0.0,0.0,0.11313462936200805,0.11355946969672959,0.05443053962536366,0.914195274466534,0.03137418590810237,0.05481185767658309,0.9129860647695202,0.032202077553896945,0.6863524952789315,0.144096543071458,0.16955096164961045,0.6859661799413885,0.14358518099283785,0.17044863906577365,412.80922639238304,412.66752550107276,412.80922639238304,412.74690347403845
183,183.0,0.000872,87.05030100549553,21.03832069170924,24.090931514914708,1275.5140668935062,0.0759078624767921,0.018345415643170458,0.021007292281005625,0.11526057040096818,0.6585761480506649,0.1591647133043891,0.18225913864494606,2.0,409.75333084786723,0.35000000000582077,15.078863552704439,8027.164897293073,0.7699006666814887,0.03655415051790501,0.19354518280060626,0.4518306134546973,0.38687004418902066,0.16129934235628193,2.0,409.75333084786723,0.008029178337892517,two-phase,0.075,6.0,0.175,0.0009254476750765892,0.0009285191120206544,0.1143351227258916,0.11415630616624495,0.04976279891701219,0.9181291658756724,0.03210803520731543,0.05111045021516552,0.9177619836533307,0.031127566131503772,0.6635039854904593,0.15302152762986998,0.18347448687967075,0.6651605669704844,0.15174215606829272,0.18309727696122277,409.75333084786723,409.98891296602704,409.75333084786723,409.6911913985125
184,184.0,0.000872,84.90011770659144,23.54202442965441,27.56396997620731,1279.3341676516982,0.07403290264014774,0.020528645302658646,0.024035781819252776,0.11859732976205917,0.6242375168874319,0.1730953415548655,0.20266714155770255,2.0,406.6049367683296,0.35000000000582077,15.442576683292053,8183.322883612627,0.7411093642422579,0.04037236571960745,0.2185182700381346,0.4071898003756251,0.4195808681011774,0.1732293315231975,2.0,406.6049367683296,0.026831541123101488,two-phase,0.075,6.0,0.175,0.0031821491306007186,0.003186242231384389,0.11541518063145845,0.1152644227350441,0.0480093666696585,0.9157210185854224,0.03626961474491903,0.0471733127639196,0.9169569368419339,0.035869750394146596,0.6401248888695337,0.15262016975011142,0.20725494138035494,0.6410323526839576,0.1526092273436517,0.20635841997239068,406.6049367683296,406.6020425950981,406.6049367683296,406.5400244561658
185,185.0,0.000872,80.90698884937855,26.22731199563881,29.53458128924132,1281.8199910878502,0.0705508942766581,0.022870216060197044,0.025754154884218432,0.11917526522107358,0.591992760794651,0.19190405003733055,0.21610318916801843,2.0,402.4533703913123,0.35000000000582077,15.499688167608475,8149.428267622059,0.7166850027525516,0.04569418270778856,0.23762081453965989,0.36042145430573147,0.46343666078712353,0.1761418849071449,2.0,402.4533703913123,0.05199576189625077,two-phase,0.075,6.0,0.175,0.006196608714357477,0.006225158151246865,0.1129786565067161,0.11281627120898287,0.04664279252743871,0.9138441785849258,0.03951302888763553,0.0455981486311189,0.9152829644311762,0.03911888693770493,0.6219039003881687,0.1523073631029537,0.22578873650887768,0.6216394670701559,0.15166754612983968,0.22669298680000435,402.4533703913123,402.49180378724367,402.4533703913123,402.3824744892077
186,186.0,0.000872,76.67889694819931,29.40578183065884,31.81011842070824,1285.215030636742,0.0668639981388298,0.025641841756334507,0.027738423262857585,0.12024426315802189,0.5560680932524729,0.21324794283646334,0.23068396391106383,2.0,397.44360560157253,0.35000000000582077,15.644808423268064,8144.557763350835,0.6883742555525874,0.05208329331819897,0.2595424511292136,0.31035664898522397,0.5125537205078896,0.1770896305068865,2.0,397.44360560157253,0.08068710486986674,two-phase,0.075,6.0,0.175,0.009702161471431166,0.009707494781722326,0.11054210168659072,0.11080435233942021,0.04506884610599526,0.9116825354087911,0.043248618485213705,0.044388528430242394,0.9111928779070732,0.044418593662684414,0.6009179480274256,0.15194708922152061,0.24713496275105384,0.6015638824681472,0.15176011063780398,0.24667600689404884,397.44360560157253,397.48355807717707,397.44360560157253,397.31529082131215
187,187.0,0.000872,72.6158610944149,30.16184052452845,33.21008611933795,1286.8483368113689,0.06332103087432979,0.02630112493738881,0.028959195096062696,0.1185813509077813,0.5339881051243334,0.22179815574746445,0.24421373912820213,2.0,395.1323828144924,0.35000000000582077,15.38946419201224,7975.201979421197,0.6675661471914485,0.0548200584345128,0.2776137943740387,0.2859145984328586,0.5319003364657722,0.18218506510136914,2.0,395.1323828144924,0.09250193132902496,two-phase,0.075,6.0,0.175,0.010969003978574596,0.010928710361532845,0.1076123469292067,0.1080960776995039,0.043796526415181815,0.9099351435850734,0.046268329999744784,0.04387110229304756,0.9098216441431347,0.046307253563817784,0.5839536855700149,0.15165585727307576,0.2643904571569092,0.5851606402902595,0.15111483748432172,0.2637245222254188,395.1323828144924,395.0956232678764,395.1323828144924,394.98234077427037
188,188.0,0.000872,70.41328458819466,32.29032856332571,36.600860649774965,1288.48470787677,0.06140038416090574,0.02815716650722002,0.03191595048660377,0.12147350115472953,0.50546319631222,0.23179678069338114,0.2627400229943988,2.0,392.26321775049075,0.35000000000582077,15.703038336183877,8089.34154277474,0.6393981000665393,0.05815305767872017,0.3024488422547404,0.256726946486946,0.5542779805723372,0.1889950729407167,2.0,392.26321775049075,0.10649479608400725,two-phase,0.075,6.0,0.175,0.01293629573508334,0.01288319899904099,0.10853720541964619,0.1083878016250668,0.04205220515942943,0.9075395092388757,0.05040828560169496,0.041763368937196906,0.9075703618214479,0.050666269241355096,0.5606960688142942,0.1512565848790543,0.28804734630665146,0.5612929529442794,0.15103538334674318,0.2876716637089774,392.26321775049075,392.19046038230863,392.26321775049075,392.2437173127253
189,189.0,0.000872,68.20912518211556,35.06959900963307,38.20028055560889,1289.6716864169805,0.05947835715880477,0.03058069033640004,0.033310644644490954,0.12336969213969576,0.4821148219406706,0.24787846841485564,0.2700067096444738,2.0,388.05821210077363,0.35000000000582077,16.002361655430928,8159.150310539724,0.6199871181365932,0.06358349507245839,0.31642938679094823,0.2260662718666553,0.5901405617595054,0.18379316637383938,2.0,388.05821210077363,0.1282685443002265,two-phase,0.075,6.0,0.175,0.01582445082152587,0.0159028259051463,0.10754524131816989,0.10740819413898652,0.041026318879036024,0.9061305667127131,0.05284311440825098,0.04139258609708258,0.9066961376192606,0.05191127628365676,0.5470175850898986,0.1510217611287479,0.30196065378135356,0.5475603760094971,0.15185706652391714,0.3005825574665857,388.05821210077363,388.2703795992802,388.05821210077363,387.9989195137416
190,190.0,0.000872,65.47099097601466,35.31708065035406,39.292100575160624,1290.9875274753576,0.05709070413108479,0.03079649432710874,0.03426271170154006,0.12214991015973359,0.46738228506617924,0.25212048282996385,0.2804972321038569,2.0,386.662835064652,0.35000000000582077,15.81073396212641,8038.28346580602,0.6042063894234525,0.06515527148538922,0.3306383390911583,0.21328037697849606,0.5993415896067388,0.18737803341476522,2.0,386.662835064652,0.13439132602070458,two-phase,0.075,6.0,0.175,0.01641588839967653,0.01650077491200871,0.10573402176005706,0.10583364770412602,0.04002986273637654,0.9047620432557918,0.05520809400783173,0.040909539519793724,0.9054264013716158,0.053664059108590526,0.5337315031892896,0.150793673886589,0.31547482292412143,0.5336783404332854,0.15055165192287914,0.3157700076438354,386.662835064652,386.7631556516138,386.662835064652,386.7735509931963
191,191.0,0.000872,64.3290658346105,36.81113510387748,40.10902074664467,1291.7167221638715,0.056094945407780365,0.032099309810581164,0.034975066091074154,0.12316932130943567,0.4554295242632232,0.2606112420635878,0.2839592336731891,2.0,384.3151164963331,0.35000000000582077,15.985150555231959,8077.844577764137,0.5938398337022034,0.06820570914853176,0.33795445714926475,0.1983818067380123,0.6179358031855382,0.18368239007644957,2.0,384.3151164963331,0.14593742610304616,two-phase,0.075,6.0,0.175,0.017975013726758117,0.017965333145789204,0.10519430758267755,0.10511674945020454,0.039487749273838815,0.904017509736373,0.056494740989788225,0.04021095305202798,0.9042171209167221,0.05557192603124984,0.5265033236630491,0.15066958495945756,0.3228270913774935,0.5279310704303168,0.14962429952225179,0.3224446300474313,384.3151164963331,384.39731021644394,384.3151164963331,384.3444241616598
192,192.0,0.000872,63.47179735183392,38.90969582494844,42.03518715630241,1291.8513898222805,0.055347407290799185,0.03392925475935504,0.036654683200295704,0.1259313452504499,0.43950461404764074,0.2694266045667754,0.29106878138558395,2.0,381.69512283867914,0.35000000000582077,16.366734604941716,8211.729571010872,0.5784011948405356,0.07152421150504111,0.35007459365442317,0.18155382115066787,0.6369596202469862,0.18148655860234597,2.0,381.69512283867914,0.15811663793283515,two-phase,0.075,6.0,0.175,0.01991184092136025,0.01988895102641562,0.10601950432908966,0.10632231309829143,0.03860983975015757,0.9028117970941317,0.05857836315571081,0.03871678889362918,0.9037915765098873,0.05749163459648354,0.5147978633707622,0.15046863285934786,0.33473350376989,0.515423107232054,0.15167274487488105,0.33290414789306505,381.69512283867914,381.75275175785094,381.69512283867914,381.7216546066869
193,193.0,0.000872,63.25625684908811,38.883675443252926,43.3332073355412,1293.2446648452894,0.05515945597240483,0.033906564986516556,0.03778655679659193,0.1268525777555133,0.43483117921904013,0.2672910995302411,0.2978777212507188,2.0,382.0831119573586,0.35000000000582077,16.43007644496084,8259.489437355922,0.5714805129142567,0.07080712775009948,0.3577123593356437,0.18105384521776713,0.6321899042588522,0.18675625052338055,2.0,382.0831119573586,0.15555736297392286,two-phase,0.075,6.0,0.175,0.019732852482092157,0.01981936787598099,0.10711972527342116,0.10639609597917704,0.03809365595612764,0.9021028751451757,0.059803468898696706,0.03916233151951277,0.9021120429999085,0.05872562548057866,0.5079154127830167,0.15035047920111896,0.34173410801586446,0.5075595283007381,0.1513309130487433,0.34110955865051856,382.0831119573586,381.98278021832243,382.0831119573586,382.00879991660315
194,194.0,0.000872,59.37224276889871,39.76162314411018,43.9892236222395,1293.959481602296,0.05177259569447968,0.03467213538166408,0.038358602998592846,0.1248033340747366,0.41483343436543485,0.2778141757086489,0.30735238992591635,2.0,378.8310084991599,0.35000000000582077,16.196159057470382,8069.878858509928,0.55125379576862,0.07492120767653154,0.3738249965548484,0.16148133462046016,0.6546154020483613,0.18390326333117857,2.0,378.8310084991599,0.170213272649562,two-phase,0.075,6.0,0.175,0.02124318393043751,0.02117263240530837,0.10356015014429909,0.1033033090479478,0.0369264815561475,0.9004998888246764,0.06257362961917609,0.03718434234426052,0.9006653809460022,0.06215027670973728,0.49235308739399297,0.15008331479761775,0.3575635978083895,0.49303751086429143,0.14942092299059564,0.3575415661451129,378.8310084991599,378.9587615183339,378.8310084991599,378.8189056575819
195,195.0,0.000872,59.844877959232726,39.456711560072016,44.83144588164192,1294.0535961106373,0.05218473358045094,0.0344062524803828,0.039093020808791755,0.1256840068696255,0.4152058394715502,0.2737520336702273,0.31104212685822247,2.0,379.8787441981194,0.35000000000582077,16.247920226474836,8122.159453443622,0.5498219686323063,0.07340016567808447,0.37677786568960936,0.16520445674851408,0.6458340742209886,0.18896146903049735,2.0,379.8787441981194,0.1649009081593249,two-phase,0.075,6.0,0.175,0.020725406873904072,0.020669776129377267,0.10495859999572142,0.10471223602664229,0.03674532513633102,0.9002510903035601,0.06300358456010892,0.037534488425262934,0.9002847302930389,0.06218078128169809,0.48993766845062614,0.1500418483735794,0.36002048317579444,0.4897971624601701,0.14814527282273776,0.36205756471709216,379.8787441981194,379.7944309323182,379.8787441981194,379.91484430848254
196,196.0,0.000872,60.44189605200833,41.48171594252942,45.18975879897131,1295.070632449274,0.05270533335735127,0.036172056301885656,0.03940546967270299,0.1282828593319399,0.4108524991711709,0.28197107930287246,0.3071764215259568,2.0,377.6318963577239,0.35000000000582077,16.69755744869192,8293.73181230591,0.5481154430657494,0.07654937280413937,0.3753351841301111,0.15593560337112813,0.663468534222843,0.18059586240602887,2.0,377.6318963577239,0.1758258816844318,two-phase,0.075,6.0,0.175,0.022555446847038273,0.022598978417006924,0.10572741248490163,0.10499143677320151,0.03679886602364287,0.9003246228510328,0.06287651112532441,0.03686588170315649,0.8991705065391347,0.06396361175770898,0.49065154694364477,0.15005410379680448,0.3592943492595508,0.49105474661043835,0.15002268483493572,0.3589225685546259,377.6318963577239,377.66022503753896,377.6318963577239,377.70351593169516
197,197.0,0.000872,57.36220973441274,41.89995096969549,45.425966093306506,1295.3599034423994,0.05001984688840791,0.03653675724557447,0.03961144243336327,0.12616804656734565,0.39645415974407155,0.28958803944128575,0.3139578008146427,2.0,375.1640834643381,0.35000000000582077,16.45520515486596,8114.677439556128,0.5330812168805692,0.07970829765116882,0.387210485468262,0.14271819649434267,0.6793647027600024,0.17791710074565498,2.0,375.1640834643381,0.18648894611396827,two-phase,0.075,6.0,0.175,0.02352894603760236,0.023501092109676585,0.10263910052974329,0.1023423795802456,0.03593249997858195,0.8991347639231878,0.06493273609823019,0.03528549833062972,0.9005330580658644,0.06418144360350594,0.4790999997253375,0.1498557939906109,0.3710442062840516,0.4787976731846288,0.15002903114030625,0.37117329567506496,375.1640834643381,375.00014447379164,375.1640834643381,375.15469428168626
198,198.0,0.000872,57.341258448673656,42.55700300089988,44.579535173428326,1295.8429331050709,0.05000157736724343,0.0371097066167847,0.0388733546712295,0.1259846386552576,0.39688630217900583,0.29455739217803467,0.3085563056429597,2.0,373.8263236748462,0.35000000000582077,16.528103458990223,8116.718415225168,0.5358717417064077,0.08168891246859657,0.38243934582499584,0.13877048591782315,0.6898845687751619,0.17134494530701483,2.0,373.8263236748462,0.19294077713857405,two-phase,0.075,6.0,0.175,0.02430757408966784,0.024307200589203513,0.10167706456558977,0.10139791340315439,0.03623298065126529,0.8995474412279938,0.06421957812074099,0.037982430653339165,0.8966017124410715,0.06541585690558953,0.4831064086572844,0.14992457352985178,0.3669690178128639,0.4829283557160014,0.15020417301288766,0.3668674712711109,373.8263236748462,373.6222377897815,373.8263236748462,373.9342360527786
199,199.0,0.000872,55.59696031996406,43.97306523145783,46.71087246120887,1296.0377316130596,0.048480549399008664,0.03834451288183123,0.04073188078617414,0.12755694306701404,0.38006985925915965,0.3006070227136624,0.3193231180271779,2.0,371.6097636757753,0.35000000000582077,16.73102293123208,8162.031310629961,0.5165887103835252,0.08442102430047456,0.39899026531600024,0.1265348500317535,0.7020953054753766,0.17136984449286996,2.0,371.6097636757753,0.20173969832831062,two-phase,0.075,6.0,0.175,0.025733299214020906,0.025720681438984493,0.10182364385299314,0.10176221222683643,0.035044950324152224,0.8979158115931762,0.06703923808267145,0.0343216029520961,0.8981793318879217,0.06749906515998216,0.46726600429400905,0.14965263525655512,0.3830813604494359,0.4671548111352717,0.15111725060788733,0.3817279382568409,371.6097636757753,371.6415927960406,371.6097636757753,371.61056260666606
200,200.0,0.000872,57.01367726090801,43.31277194918837,46.29277266963613,1296.5134103944104,0.04971592657151179,0.03776873713969226,0.04036729776792271,0.12785196147912675,0.3888554074286022,0.2954099155206033,0.31573467705079455,2.0,373.33786692927583,0.35000000000582077,16.735958230685522,8210.48966545491,0.5258092780697047,0.08215175016717674,0.3920389717631185,0.13451250481344426,0.6914607940278304,0.1740267011587253,2.0,373.33786692927583,0.19448243876104243,two-phase,0.075,6.0,0.175,0.024864961268843425,0.024890142603087122,0.10298700021028333,0.1033308632658387,0.035561544211787366,0.8986252967826298,0.06581315900558264,0.03457170101156529,0.8987835037489978,0.06664479523943692,0.4741539228529676,0.14977088280630818,0.37607519434072434,0.47299110340201084,0.15055093795319666,0.3764579586447925,373.33786692927583,373.25695700255636,373.33786692927583,373.4171516411276
201,201.0,0.000872,56.90904072625763,43.2170165603054,47.27631121975949,1296.8343906436455,0.04962468351329666,0.03768523844058631,0.04122494338363028,0.12853486533751324,0.3860795542360409,0.293190787897358,0.32072965786660124,2.0,373.85991886609486,0.35000000000582077,16.765522673999328,8241.158586791997,0.5212270784519218,0.0812944995655709,0.3974784219825071,0.13509129498196923,0.6867124662215586,0.17819623879647226,2.0,373.85991886609486,0.1917363315296825,two-phase,0.075,6.0,0.175,0.024644803553476535,0.02474886489540801,0.1038900617840367,0.10381368368545758,0.035198664697543215,0.8981269214785764,0.06667441382388022,0.03621413215400355,0.897135218438498,0.06665064940749847,0.4693155293150413,0.14968782025104302,0.3809966504339156,0.4680697589566469,0.14943165081050136,0.3824985902328517,373.85991886609486,373.66100210896514,373.85991886609486,373.81093364523593
202,202.0,0.000872,55.94269225315844,42.882906931050286,47.65361681731695,1296.912170868339,0.048782027644754165,0.037393894843875855,0.041553953864700385,0.12772987635333038,0.38191556304189783,0.29275762187724735,0.325326815080855,2.0,373.8472766414302,0.35000000000582077,16.62299159509208,8172.350188488639,0.5156253982389052,0.08118018536319395,0.40319441639790077,0.1335972976799199,0.6856871468257574,0.1807155554943227,2.0,373.8472766414302,0.1913928287976887,two-phase,0.075,6.0,0.175,0.02444658235724291,0.0244532258314036,0.10328329399608747,0.10296389648650958,0.03480559246838443,0.897587079786647,0.06760732774496851,0.03557829612772656,0.8980811222875241,0.06634058158474933,0.464074566249609,0.14959784663255302,0.38632758711783793,0.46435712685982516,0.1497203968389025,0.38592247630127235,373.8472766414302,373.9013375917249,373.8472766414302,373.66601780477333
203,203.0,0.000872,54.23801002345366,43.95542013239616,47.28724728731895,1297.119301839626,0.0472955447404516,0.03832912635544946,0.041234479634542125,0.12685915073044318,0.37281933914998056,0.3021392318548084,0.32504142899521105,2.0,370.9447611387883,0.35000000000582077,16.624777088622203,8098.070983386328,0.5077210481146595,0.08517377832284248,0.40710517356249815,0.1222875939336385,0.7050750741223867,0.17263733194397488,2.0,370.9447611387883,0.20414242430706508,two-phase,0.075,6.0,0.175,0.025897334575648058,0.025947363470775246,0.10096181615479513,0.1009445654530376,0.0344705924804028,0.8971269939513573,0.06840241356823988,0.0336361710800008,0.8967902949918609,0.06957353392813827,0.45960789970518934,0.14952116564765647,0.3908709346471541,0.4593839441734649,0.1498615299273962,0.3907545258991388,370.9447611387883,371.15676921589335,370.9447611387883,370.97159703759013
204,204.0,0.000872,56.11706345792672,43.244276240686204,47.39108483127448,1296.697718914849,0.0489340793353121,0.03770900888187837,0.041325025972871354,0.12796811419006182,0.38239275185874694,0.29467503776661036,0.32293221037464276,2.0,373.336102173793,0.35000000000582077,16.691876061498185,8191.512690484928,0.5170732566396525,0.08194820292861087,0.40097854043173675,0.1322718144122629,0.689739159602656,0.1779890259850811,2.0,373.336102173793,0.19387137491139583,two-phase,0.075,6.0,0.175,0.024809354242845787,0.024656763905105954,0.10315875994721603,0.10348345429648768,0.034946436566620484,0.8977805137419292,0.06727304969145025,0.036464591689173195,0.8961558339560085,0.06737957435481838,0.46595248756105223,0.14963008562561775,0.38441742681333,0.46620923925500857,0.14980486676266955,0.3839858939823219,373.336102173793,373.475058199651,373.336102173793,373.4086345801077
205,205.0,0.000872,56.30670273747707,43.987089610661606,47.28426615516282,1296.9662032134809,0.049099444787080004,0.038356742140496926,0.04123188008730198,0.1286880670148789,0.38153844350932037,0.29805982038771417,0.3204017361029656,2.0,372.37076267546865,0.35000000000582077,16.84637506161326,8242.117520324187,0.5174170859627337,0.08334419444748131,0.39923871958978496,0.1291923932423796,0.6968174114137534,0.17399019534386695,2.0,372.37076267546865,0.19833569627371617,two-phase,0.075,6.0,0.175,0.025523437373514653,0.02551970699027285,0.10316462964136425,0.10286257635193509,0.035044702591948085,0.8979154713617561,0.06703982604629578,0.03579606400951076,0.8973125803855074,0.0668913556049818,0.4672627012022307,0.14965257855268813,0.38308472024508106,0.46701520129142066,0.15231255454427928,0.38067224416429996,372.37076267546865,372.3450308869421,372.37076267546865,372.4282974086494
206,206.0,0.000872,54.866039018197256,43.918629551231184,48.09063811480156,1296.372170150906,0.04784318602386801,0.038297044968673595,0.04193503643610696,0.12807526742864855,0.3735552303298661,0.29901983214682015,0.3274249375233138,2.0,371.8483560198903,0.35000000000582077,16.72295890403361,8167.893736201404,0.5073769194611175,0.08386129428832001,0.4087617862505625,0.12502923623293818,0.6985999738776555,0.17637078988940627,2.0,371.8483560198903,0.2000270347634796,two-phase,0.075,6.0,0.175,0.02561851597029223,0.025553709045853835,0.10245675145835632,0.10217686782465783,0.03437730301109084,0.8969988710824647,0.06862382590644459,0.03361163382190656,0.8973108430440319,0.06907752313406161,0.4583640401333104,0.14949981184232614,0.3921361480243636,0.45862328357827337,0.1487186189647971,0.39265809745692937,371.8483560198903,371.84924055055995,371.8483560198903,371.89057468603403
207,207.0,0.000872,54.90423889664572,44.133996766014086,47.29818282567535,1297.2568986119818,0.04787649631787507,0.03848484517996428,0.04124401542398891,0.12760535692182828,0.37519190003288394,0.30159270823982964,0.32321539172728625,2.0,371.1755501397163,0.35000000000582077,16.729799455021716,8155.327345900507,0.5106083655560356,0.08490776808928392,0.40448386635468037,0.12370417835088202,0.704007597084681,0.1722882245644371,2.0,371.1755501397163,0.20329659487470053,two-phase,0.075,6.0,0.175,0.025941734549978487,0.025846880175339818,0.1016636223718498,0.10183397470326533,0.034656530557614744,0.8973823595516079,0.06796110989077744,0.03479266341560441,0.8967972078275874,0.06841012875680816,0.4620870740694908,0.1495637265815645,0.38834919934894463,0.46121861125802055,0.15002793810509252,0.38875345063688693,371.1755501397163,371.26432076539464,371.1755501397163,371.1406914431208
208,208.0,0.000872,54.42220180681832,43.93020776902667,46.66661293165024,1296.7915510725566,0.04745615997554558,0.03830714117459126,0.04069328647639901,0.12645658762653583,0.37527629731475776,0.30292720919944255,0.3217964934857998,2.0,370.79945630535303,0.35000000000582077,16.60301478445512,8081.565100534909,0.511282927311968,0.0854668336756012,0.40325023901243084,0.12269255589523105,0.7067821923089701,0.17052525179579883,2.0,370.79945630535303,0.20503367998753674,two-phase,0.075,6.0,0.175,0.025927859519735048,0.025859553686115092,0.10052872810680079,0.10046191587496837,0.03473306107916116,0.8974874658595187,0.06777947306132025,0.03494926351216035,0.8973651559331346,0.06768558055470517,0.4631074810547793,0.14958124430969275,0.3873112746355279,0.4637728691011443,0.1508671546167606,0.38535997628209506,370.79945630535303,370.91166910733654,370.79945630535303,370.71878168020845
209,209.0,0.000872,54.36834150033144,43.82930756307294,48.47850795765218,1296.7200092585333,0.04740919378828902,0.038219156194999604,0.0422732589390727,0.12790160892236133,0.37066925262110884,0.29881685239940453,0.33051389497948663,2.0,371.81346573627536,0.35000000000582077,16.677767534699637,8147.009747081132,0.5035089718040536,0.08382100923088207,0.4126700189650643,0.12396691699937003,0.6980948468491948,0.17793823615143525,2.0,371.81346573627536,0.19992063616518863,two-phase,0.075,6.0,0.175,0.025570171022309643,0.025544540241745795,0.10233143790005168,0.10253021201830739,0.03410759515955699,0.8966284568732149,0.06926394796722816,0.03451853788258478,0.8958517390256082,0.06962972309180702,0.4547679354650999,0.14943807614696197,0.39579398838793817,0.454973739880429,0.14935858667826057,0.39566767344131054,371.81346573627536,371.7791121643928,371.81346573627536,371.86863856317973
210,210.0,0.001372,34.9859566871593,36.68328453451127,31.694592763785405,1280.2145298926037,0.04800073257478256,0.05032946638134946,0.043484981271913574,0.1418151802280456,0.3384738678722199,0.3548947743141268,0.30663135781365325,2.0,353.10777555831066,0.35000000000582077,19.645358942646148,8890.978918744524,0.48186500427077433,0.11120000885952312,0.40693498686970264,0.07217604313574659,0.8074707672949615,0.12035318956929196,2.0,353.10777555831066,0.2750166670593899,two-phase,0.075,6.0,0.175,0.03900153820474379,0.03910870302873635,0.10281364202330182,0.10280943279420258,0.03404669235908506,0.89654481353106,0.06940849410985504,0.03471335464708814,0.8958298314609698,0.06945681389194203,0.45395589809767684,0.14942413558078882,0.39661996632153435,0.4535999975941851,0.14887693268447824,0.39752306972133655,353.10777555831066,353.1111933298831,353.10777555831066,353.1504202999305
211,211.0,0.001372,34.50112173947941,34.41828690209807,30.54961094363088,1281.3770787034755,0.047335539026565746,0.04722188962967855,0.041914066214661566,0.13647149487090587,0.34685293856671257,0.34602016834612764,0.3071268930871597,2.0,356.46010751998847,0.35000000000582077,18.693574858518502,8579.895769751383,0.4902318716932089,0.10622346456782027,0.4035446637389708,0.08057777704979721,0.7913569039281902,0.12806531902201249,2.0,356.46010751998847,0.26290677589713596,two-phase,0.075,6.0,0.175,0.03587928071837239,0.03573651066838464,0.10059221415253349,0.1008039598523885,0.034373129363587475,0.8969931390495796,0.06863373158683303,0.03382648340810295,0.8985107790230374,0.06766273756885961,0.45830839153855024,0.14949885651610847,0.39219275194534126,0.45767324494320394,0.14957991057521142,0.3927468444815847,356.46010751998847,356.49016900066493,356.46010751998847,356.4040176109041
212,212.0,0.001372,33.80636419460882,32.82232084230868,28.90200409624069,1284.1235841944992,0.046382331675003295,0.0450322241956475,0.03965354962004223,0.13106810549069303,0.35387962236393844,0.3435788136790089,0.3025415639570527,2.0,357.52071155774547,0.35000000000582077,17.953405525957784,8283.162669806874,0.49896820783706575,0.10479953682116665,0.3962322553417676,0.08442939220339774,0.7870260421229702,0.12854456567363215,2.0,357.52071155774547,0.2592604846286122,two-phase,0.075,6.0,0.175,0.03398078054887114,0.03398390319495435,0.09708732494182189,0.0967858460462278,0.03491387594518603,0.8977357952903108,0.06735032876450311,0.036076152215374205,0.8962302908022545,0.06769355698237126,0.4655183459378409,0.14962263254903668,0.3848590215131223,0.46411658429275493,0.1507144790431503,0.3851689366640947,357.52071155774547,357.57609918977334,357.52071155774547,357.63165397666467
213,213.0,0.001372,32.97017479828747,30.946879240167647,27.1785848838162,1286.449979123474,0.04523507982325041,0.04245911831751001,0.037289018460595826,0.12498321660135625,0.36192923380689773,0.33971855959617914,0.2983522065969231,2.0,359.0773366481292,0.35000000000582077,17.08774581662565,7938.0507650204445,0.5084837617712988,0.1026561816564997,0.38886005657220135,0.08975653901948347,0.7799772614783056,0.13026619950221097,2.0,359.0773366481292,0.25371536539751105,two-phase,0.075,6.0,0.175,0.03171016246856937,0.0316641031943894,0.09327305413278689,0.09326967261592543,0.03546873286432949,0.8984978305533705,0.0660334365823001,0.037261525278393784,0.8940042114524541,0.06873426326915222,0.4729164382175192,0.14974963843394012,0.3773339233485407,0.47326725384342444,0.1484524870129653,0.3782802591436103,359.0773366481292,359.06402900392806,359.0773366481292,358.9890500966744
214,214.0,0.001372,26.86321151871059,31.00621552027441,25.862317690071727,1291.9317238017195,0.03685632620367093,0.042540527693816485,0.035483099870778405,0.11487995376826582,0.320824695647223,0.3703041853553373,0.30887111899743974,2.0,346.9100252113387,0.35000000000582077,16.33489376770371,7237.0002112114,0.46232130678318006,0.12059151353201197,0.4170871796848079,0.0580452749697299,0.8340562901637837,0.10789843486648641,2.0,346.9100252113387,0.2963252750632819,two-phase,0.075,6.0,0.175,0.034041833899638475,0.03400837012048352,0.08083811986862735,0.08078702451471871,0.03314765301589274,0.8953100814001455,0.07154226558396189,0.032932312309628266,0.8958968587017477,0.071170828988624,0.4419687068906523,0.14921834690410354,0.408812946205244,0.4409912690726264,0.15035657552539441,0.40865215540197924,346.9100252113387,346.8980166868318,346.9100252113387,346.85167287345956
215,215.0,0.001372,24.49514648943921,29.674096891653587,25.44463627840021,1295.7059518383398,0.0336073409835106,0.04071286093534872,0.034910040973965085,0.1092302428928244,0.3076743225453209,0.37272517076882966,0.31960050668584944,2.0,345.5621474337594,0.35000000000582077,15.543681382034046,6859.00024479087,0.44445352126440585,0.12241838481655747,0.4331280939190368,0.053655810641590744,0.8375806303887285,0.10876355896968062,2.0,345.5621474337594,0.3004832820442971,two-phase,0.075,6.0,0.175,0.03282186188293163,0.03292059901946416,0.07640838100989276,0.0761296682389065,0.031958284695058854,0.8936766141622119,0.07436510114272928,0.03229527844235193,0.893534680619877,0.07417004093777103,0.42611046257416835,0.14894610235106495,0.42494343507476673,0.42569402783037547,0.14866283542900405,0.4256431367406205,345.5621474337594,345.7001306667348,345.5621474337594,345.72578995499356
216,216.0,0.001372,20.68023692323052,28.580118313505302,24.70012863030142,1301.4935653815908,0.028373285058672273,0.03921192232612927,0.03388857648077355,0.1014737838655751,0.27961197442148295,0.3864241662464692,0.33396385933204786,2.0,339.3326963755005,0.35000000000582077,14.73492772017279,6330.771913548656,0.4081294883876243,0.1320951751404666,0.45977533647190905,0.04093659134427609,0.8587494354378494,0.10031397321787458,2.0,339.3326963755005,0.3205953499127645,two-phase,0.075,6.0,0.175,0.032532023245356284,0.03258454119707217,0.06894176062021881,0.06861839385296795,0.029811527344501623,0.8907282778919641,0.07946019476353425,0.031516190008208204,0.888935006608154,0.07954880338363783,0.3974870312466502,0.14845471297699997,0.4540582557763498,0.39785717884825006,0.14796467636162114,0.4541781447901288,339.3326963755005,339.4536484457448,339.3326963755005,339.4195545692739
217,217.0,0.001372,18.958151420940595,27.10255512365697,23.235438056585227,1305.769068314056,0.026010583749530497,0.03718470562965736,0.031879021013634934,0.0950743103928228,0.2735816188627759,0.3911120204397975,0.3353063606974266,2.0,337.2633144438812,0.35000000000582077,13.945060402063628,5940.225539516063,0.40058207033572246,0.1355157510757448,0.4639021785885326,0.03772363755870604,0.8657908063959121,0.09648555604538193,2.0,337.2633144438812,0.32722501311218366,two-phase,0.075,6.0,0.175,0.03111069246492326,0.031235514608594722,0.06396361792789954,0.06409520689575973,0.02942510429223047,0.8901975681265544,0.08037732758121503,0.02853392677232479,0.8911726275355902,0.08029344569208507,0.3923347238961582,0.14836626135433192,0.45929901474950985,0.39304808316186945,0.14869088944406397,0.4582610273940666,337.2633144438812,337.3110555012248,337.2633144438812,337.2275135132921
218,218.0,0.001372,16.78890432222862,26.80045785244361,21.62301444806555,1310.163427696325,0.02303437673009767,0.03677022817355263,0.029666775822745933,0.08947138072639624,0.25744966203815345,0.41097195410447623,0.33157838385737026,2.0,328.50308256098754,0.35000000000582077,13.766018979244189,5592.318748312829,0.38139807435218603,0.15096597348402407,0.46763595216378995,0.027259753457724308,0.8938402038223539,0.07890004271992178,2.0,328.50308256098754,0.3545886944339145,two-phase,0.075,6.0,0.175,0.031725540080972545,0.0317108347526132,0.05774584064542369,0.05768504252441062,0.028732987854859615,0.8892470219443328,0.08201999020080748,0.028088596718399455,0.8873285120471088,0.08458289123449172,0.3831065047266681,0.14820783698886772,0.46868565828446423,0.3834126444458207,0.14684847241264729,0.46973888314153195,328.50308256098754,328.67499346798985,328.50308256098754,328.5318206319519
219,219.0,0.001372,15.066922813922789,25.04337578068491,20.91101256061316,1314.228097133536,0.020671818100702066,0.0343595115710997,0.028689909233161254,0.08372123890496302,0.246912472522867,0.4104037639732402,0.34268376350389274,2.0,328.43906099522655,0.35000000000582077,12.81808381418832,5217.478873642451,0.36581581521499285,0.15082278977640082,0.48336139500860636,0.02609197895447335,0.8924827160471968,0.08142530499832998,2.0,328.43906099522655,0.3548220757220406,two-phase,0.075,6.0,0.175,0.02970614377027984,0.02964412245644538,0.05401509513468318,0.05384943943468071,0.02756582714649536,0.8876440544395694,0.08479011841393516,0.027368545763634972,0.8883356724123804,0.08429578182398462,0.3675443619317541,0.14794067573126726,0.48451496233697866,0.36610649941906637,0.1488233470987125,0.48507015348222116,328.43906099522655,328.40041641900393,328.43906099522655,328.45454021967896
220,220.0,0.001372,14.142950783603323,25.76828278594962,21.656130595250445,1319.1828020251544,0.019404128475103758,0.03535408398232288,0.02971221117668361,0.08447042363411025,0.22971506049447726,0.4185380214909499,0.3517469180145728,2.0,324.45845293132163,0.35000000000582077,13.180074985666172,5245.0470416655735,0.3418815098382808,0.1580593964157779,0.5000590937459414,0.021405940287293215,0.9022840394813425,0.07631002023136424,2.0,324.45845293132163,0.367115920962533,two-phase,0.075,6.0,0.175,0.0310104373665317,0.030989611487072244,0.05345998626757856,0.0534445610936371,0.026087471049613786,0.8856136941526204,0.08829883479776598,0.0260085968957071,0.8852309609926243,0.08876044211166867,0.3478329473421311,0.14760228236468856,0.5045647702931804,0.3498056752979252,0.14632887087055438,0.5038654538315205,324.45845293132163,324.6207502761846,324.45845293132163,324.1838915448239
221,221.0,0.001372,13.92962298845416,25.80631062694658,21.41524720321074,1322.0671604876443,0.019111442740159107,0.03540625818017071,0.029381719162805135,0.08389942008313495,0.22778992657186192,0.4220083779493001,0.35020169547883806,2.0,322.89979859798365,0.35000000000582077,13.239403034588495,5220.4980158760345,0.33957643071819504,0.1610976456473797,0.49932592363442513,0.020186418874042492,0.9065568807898569,0.07325670033610061,2.0,322.89979859798365,0.3718586979957763,two-phase,0.075,6.0,0.175,0.03119872911471525,0.031221425889821425,0.0527006909684197,0.05287903308804285,0.02604183673023834,0.8855510204034205,0.08840714286634117,0.026708510516259207,0.8845769252635058,0.08871456422023487,0.3472244897391626,0.1475918367350304,0.5051836735258071,0.3482241374677903,0.14844277801644415,0.5033330845157655,322.89979859798365,322.9540501423372,322.89979859798365,322.8091512030363
222,222.0,0.001372,13.634413951335455,26.17237156104297,20.97214753244381,1324.04056618067,0.018706415941232245,0.03590849378175095,0.028773786414512906,0.0833886961374961,0.22432795819697224,0.43061584417320725,0.34505619762982054,2.0,319.03308907269457,0.35000000000582077,13.544056910428129,5198.671695583368,0.33569325937933836,0.16888788790610623,0.4954188527145555,0.017506684575123083,0.9166820486632707,0.06581126676160624,2.0,319.03308907269457,0.3834936539933551,two-phase,0.075,6.0,0.175,0.031979035783509954,0.031995975720755174,0.05140966035398614,0.051057904480024986,0.02607379757786542,0.885594915137606,0.0883312872845287,0.025258697743384094,0.8871162486413721,0.08762505361524395,0.3476506343892959,0.14759915253047326,0.5047502130802308,0.3476979981283014,0.14752621997797066,0.504775781893728,319.03308907269457,319.360191684916,319.03308907269457,319.0280044109836
223,223.0,0.001372,11.643869076723886,25.72408070663295,21.66651413069648,1326.5036542975158,0.015975388373265172,0.03529343872950041,0.02972645738731557,0.08099528449008114,0.19723849942426652,0.43574683330882696,0.36701466726690657,2.0,316.0950016641975,0.35000000000582077,13.261341943546755,4985.765684856074,0.29593661691381395,0.1744944164916035,0.5295689665945826,0.013941995517533008,0.9209298931058204,0.06512811137664665,2.0,316.0950016641975,0.39304924235329963,two-phase,0.075,6.0,0.175,0.031835135203016354,0.03173157028034009,0.04916014928706479,0.04893942434279146,0.023243562090651863,0.8817078964393661,0.09504854146998207,0.02204273160557842,0.8822741218852879,0.09568314650913384,0.3099141612187541,0.14695131607799902,0.5431345227032468,0.3099550500260678,0.14721325433393964,0.5428316956399926,316.0950016641975,315.9757534715193,316.0950016641975,316.05934051654157
224,224.0,0.001372,11.184055302332574,25.650952568370208,20.9390374838942,1328.82878487458,0.015344523874800292,0.035193106923803924,0.02872835942790284,0.07926599022650706,0.19358269329573055,0.4439874758801048,0.36242983082416463,2.0,312.3732706065848,0.35000000000582077,13.405883965517665,4887.643547072914,0.2913394305583689,0.18260560358347516,0.5260549658581559,0.012034466952949706,0.9294109529967514,0.058554580050298996,2.0,312.3732706065848,0.4043128541961778,two-phase,0.075,6.0,0.175,0.0320482587491654,0.032056958868972696,0.04721773147734166,0.04708700166474919,0.023192421610472767,0.8816376605909013,0.09516991779862584,0.02412583451883342,0.8800991441140491,0.09577502136711737,0.3092322881567826,0.14693961010663079,0.5438281017365866,0.3092567828148844,0.14733692472099466,0.5434062924641209,312.3732706065848,312.3043360813631,312.3732706065848,312.39798086306786
225,225.0,0.001372,11.764904368742352,24.45762989753733,20.287103582694616,1330.7027848636708,0.016141448793914506,0.03355586821942121,0.027833906115457014,0.07753122312879274,0.20819288207411324,0.43280457685646373,0.35900254106942303,2.0,317.6595331285753,0.35000000000582077,12.628839572757087,4815.147770078573,0.31194152625636773,0.17140097495682446,0.5166574987868078,0.015516828595210225,0.9182684089496794,0.06621476245511043,2.0,317.6595331285753,0.3880253442621324,two-phase,0.075,6.0,0.175,0.030084079545614005,0.030104677663329388,0.04744714358317873,0.04765512987364869,0.02435663259859249,0.8832365769578557,0.0924067904435518,0.022611648047627067,0.8847376329077826,0.09265071904459024,0.32475510131171165,0.14720609615834856,0.5280388025299398,0.3232247333586023,0.1482334642979245,0.5285418023434733,317.6595331285753,317.7014129113953,317.6595331285753,317.7724813598701
226,226.0,0.001372,10.082564746548655,24.02010951019048,20.63579257445529,1331.1364889070403,0.013833278832264755,0.03295559024798134,0.028312307412152658,0.07510117649239875,0.1841952347266473,0.43881589859403713,0.3769888666793155,2.0,314.4349034904793,0.35000000000582077,12.388962386730382,4606.722380492882,0.27675401083007894,0.17782053645819743,0.5454254527117237,0.012300364822461224,0.9235215711258586,0.06417806405168004,2.0,314.4349034904793,0.39849764519021846,two-phase,0.075,6.0,0.175,0.029927641983235893,0.030153668168328113,0.04517353450916286,0.045211830867637096,0.02187974096141303,0.879834837367417,0.09828542167116996,0.02250639868383619,0.8801971882920678,0.09729641302409597,0.29172987947825546,0.14663913955759109,0.5616309809641534,0.2917353279769929,0.14672642406518588,0.5615382479578211,314.4349034904793,314.4746268957772,314.4349034904793,314.4027499120139
227,227.0,0.001372,10.231558688812036,24.69304222454313,20.58572362916882,1332.0822697331728,0.014037698521050114,0.033878853932073176,0.028243612819219624,0.07616016527234291,0.18431812051421342,0.4448369276894948,0.3708449517962918,2.0,311.78908498546684,0.35000000000582077,12.885853935865281,4682.441987344915,0.2775213933424185,0.18372966043820557,0.5387489462193761,0.011226328121152514,0.9297504240072189,0.059023247871628604,2.0,311.78908498546684,0.40645150069030933,two-phase,0.075,6.0,0.175,0.030955413467765758,0.031129708970636674,0.045204751804577156,0.045308810960808424,0.02215247138349663,0.8802094027596392,0.09763812585686418,0.02068846779245512,0.8809466614798932,0.09836487072765175,0.2953662851152365,0.1467015671275741,0.5579321477571895,0.2944394535113704,0.146212707892591,0.5593478385960386,311.78908498546684,311.98409888388437,311.78908498546684,311.68331950585457
228,228.0,0.001372,9.913897922486552,24.74673817349324,21.14609539087112,1332.10382026094,0.013601867949651548,0.033952524774032725,0.029012442876275177,0.07656683559995944,0.1776469909337451,0.44343643704208024,0.3789165720241747,2.0,312.25518775990486,0.35000000000582077,12.83913191585492,4686.914662609592,0.2673809212709254,0.18253466650595046,0.5500844122231242,0.010998263166845289,0.9279682966029291,0.061033440230225576,2.0,312.25518775990486,0.40533285660785623,two-phase,0.075,6.0,0.175,0.031035054195155662,0.030955612834276915,0.04553178140480378,0.045376040731595915,0.021315350235914163,0.879059708473566,0.09962494129051983,0.02204200824573131,0.8791502326766015,0.09880775907766716,0.2842046698043959,0.14650995140824366,0.5692853787873605,0.2837176947298952,0.1472293164218014,0.5690529888483034,312.25518775990486,312.1883502915749,312.25518775990486,312.28767292575594
229,229.0,0.001372,8.880909921888552,24.45110095432057,20.399798487003867,1333.2822488410775,0.012184608412831094,0.03354691050932782,0.027988523524169306,0.07372004244632822,0.16528216762357512,0.4550582093567242,0.3796596230197007,2.0,306.8931193985111,0.35000000000582077,12.971984866422895,4495.010575645525,0.2497297963298872,0.1947973692763071,0.5554728343938058,0.008450857171010231,0.9383997694998611,0.05314937332912867,2.0,306.8931193985111,0.4221478581603151,two-phase,0.075,6.0,0.175,0.031120758022204976,0.03109392725804184,0.04259928442412325,0.04245621014260227,0.020337807182776113,0.8777171600853119,0.10194503273191205,0.019662599196014572,0.8795081341855626,0.1008292666184227,0.2711707624459848,0.14628619335239093,0.5825430442016243,0.27115308609583666,0.14600177324897215,0.5828451406551912,306.8931193985111,306.9836112503805,306.8931193985111,306.8604570651543
230,230.0,0.001372,8.045840301585594,24.500478262757355,20.15552047019912,1332.9310399507858,0.011038892893775434,0.03361465617650309,0.027653374085113192,0.07230692315539171,0.15266716397338914,0.46488848798424565,0.3824443480423653,2.0,302.3753748933377,0.35000000000582077,13.34308624975292,4382.629990797545,0.23131591205599908,0.2058033620995985,0.5628807258444024,0.006605203250399719,0.9460465789067565,0.04734821784284381,2.0,302.3753748933377,0.43671114949393086,two-phase,0.075,6.0,0.175,0.03157723952756044,0.03143860515168034,0.04072968362783127,0.040784401560850225,0.019210112225888004,0.8761683944673283,0.10462149330678369,0.01782652355928922,0.8772393198749195,0.10493415656579119,0.2561348296699892,0.14602806573969868,0.597837104590312,0.2564950034282131,0.14496134947670494,0.598543647095082,302.3753748933377,302.49162119380594,302.3753748933377,302.35976854325554
231,231.0,0.001372,8.736057576995686,24.944739926575608,20.611219284834657,1333.3917696024105,0.01198587099563808,0.034224183179261736,0.02827859285879315,0.07448864703369297,0.1609086951225814,0.4594550249218694,0.37963627995554916,2.0,304.8873981945628,0.35000000000582077,13.382693003760066,4534.421894200409,0.24343563642231295,0.1996208758146971,0.55694348776299,0.007644375567879348,0.9420041589719318,0.050351465460188906,2.0,304.8873981945628,0.4284988454019185,two-phase,0.075,6.0,0.175,0.03191829924948848,0.03186173615976711,0.04257034778420449,0.042577790059808926,0.019992347696331632,0.8772427092761749,0.10276494302749341,0.01881622870312595,0.8773355756756637,0.10384819562121032,0.266564635941712,0.14620711820755297,0.5872282458507352,0.2663979168519431,0.14515702867016578,0.5884450544778911,304.8873981945628,304.9578629777849,304.8873981945628,304.8582208226475
232,232.0,0.001372,10.088169536187548,24.61464799871218,20.781432327203223,1334.1778876436583,0.013840968603649317,0.03377129705423311,0.028512125152922823,0.07612439081080526,0.18182041860996673,0.4436330681209148,0.37454651326911836,2.0,312.2629401104979,0.35000000000582077,12.806381487337285,4679.132936053731,0.2736608067177494,0.18260537451928383,0.5437338187629668,0.011259697840485465,0.9283987848036469,0.060341517355867715,2.0,312.2629401104979,0.4051339181896765,two-phase,0.075,6.0,0.175,0.030840572718983737,0.030869773036174847,0.04528381809182152,0.04535836505838161,0.02180968707759759,0.8797386260264285,0.09845168689597388,0.020517827068637386,0.8799576122855066,0.09952456064585599,0.290795827696639,0.1466231043353873,0.5625810679679739,0.2902803856520163,0.14897221819482684,0.5607473961531567,312.2629401104979,312.1668404763054,312.2629401104979,312.487123890499
233,233.0,0.001372,10.1160576297463,23.358082657825573,20.68539198979995,1334.1443870936985,0.013879231068011921,0.032047289406536686,0.02838035781000553,0.07430687828455414,0.18678258848208054,0.4312829464294455,0.381934465088474,2.0,317.7933213272821,0.35000000000582077,11.933053569874023,4566.561485186306,0.2798280308283337,0.17063668170776414,0.5495352874639022,0.013983909841164986,0.9153402951923266,0.07067579496650832,2.0,317.7933213272821,0.3882428416691255,two-phase,0.075,6.0,0.175,0.02884911358075713,0.028953477004969443,0.045457764703797005,0.04543217139255494,0.021858686976589253,0.8798059220382968,0.09833539098511397,0.021436740947543765,0.879081439128545,0.0994818199239112,0.2914491597046121,0.14663432034814614,0.5619165199472417,0.2920668622614386,0.14571294765748932,0.562220190081072,317.7933213272821,317.93409720780755,317.7933213272821,317.56925090118233
234,234.0,0.001372,9.768422973707978,24.341600187137065,19.954678176667663,1333.5196877293406,0.013402276319927344,0.033396675456752054,0.027377818458388034,0.07417677023506744,0.1806802355704529,0.45023091934196413,0.3690888450875829,2.0,309.3324886888214,0.35000000000582077,12.8407377483273,4561.359011811704,0.2725378690257502,0.1893104531364729,0.5381516778377768,0.01008748772712217,0.9347974994315665,0.05511501284131125,2.0,309.3324886888214,0.4139889988291543,two-phase,0.075,6.0,0.175,0.03070836684599578,0.03064119992414303,0.04346840338907166,0.043504674780176666,0.02196060966635365,0.8799459016916241,0.0980934886420223,0.021627864610219885,0.8799704456507732,0.09840168973900687,0.292808128891096,0.1466576502851332,0.5605342208237708,0.29352107080977646,0.1446138602864543,0.5618650689037693,309.3324886888214,309.45542118195294,309.3324886888214,309.29365529850816
235,235.0,0.001372,9.90641444577435,25.002347186730173,19.571874488681352,1334.1905551211037,0.013591600619602408,0.0343032203401938,0.026852611798470816,0.07474743275826702,0.18183367800145867,0.45892171910613055,0.35924460289241084,2.0,305.52989522957307,0.35000000000582077,13.51607007188419,4611.330117292883,0.274981300525636,0.19844094895057865,0.5265777505237853,0.008845236172998558,0.9426717208175576,0.04848304300944386,2.0,305.52989522957307,0.42533090760116465,two-phase,0.075,6.0,0.175,0.031792393415930736,0.031730002773007936,0.042955039342336285,0.0429754153768749,0.02248306105767552,0.8806634315035448,0.09685350743877967,0.02213009641366152,0.8807403635247647,0.09712954006157377,0.2997741474490191,0.1467772385904584,0.5534486139605225,0.3011622851378024,0.14607411915689436,0.5527635957053033,305.52989522957307,305.5898536815521,305.52989522957307,305.5295263270082
236,236.0,0.001372,10.470682657986837,24.99045834671394,21.634873375012805,1333.2219340421495,0.01436577660675794,0.03428690885169152,0.029683046270517568,0.07833573172896703,0.18338727793418638,0.43769181821547837,0.37892090385033517,2.0,314.9089814563803,0.35000000000582077,12.867456476534418,4808.960322497964,0.2754316414254455,0.17676379731599742,0.5478045612585569,0.012447745738103705,0.9222724284517869,0.06527982581010941,2.0,314.9089814563803,0.39709559091716073,two-phase,0.075,6.0,0.175,0.03110677368084234,0.030906387979216035,0.04722895804812469,0.04733915747829557,0.021739114302382574,0.8796417020376628,0.09861918365995466,0.022748310330230996,0.8786419600358695,0.09860972963389954,0.2898548573513881,0.14660695033267454,0.5635381923159374,0.29079835317790886,0.14640200309989496,0.5627996437221963,314.9089814563803,314.9294162251012,314.9089814563803,314.830867207152
237,237.0,0.001372,8.643495545665152,24.966430000147,21.200227569684888,1333.6668542701325,0.011858875888652589,0.034253941960201685,0.029086712225607665,0.07519953007446194,0.15769880312962103,0.4555073938132821,0.3867938030570969,2.0,306.5444683244374,0.35000000000582077,13.218749236150442,4565.554216097786,0.23832664136530224,0.19549191851225917,0.5661814401224385,0.007961389265332882,0.9383932765088064,0.053645334225860694,2.0,306.5444683244374,0.4236298480827827,two-phase,0.075,6.0,0.175,0.03185676550134096,0.03184121947108338,0.04334276457312098,0.043447698483039615,0.019448422638003893,0.8764956877361999,0.10405588962579623,0.01939432619451224,0.8775355342290317,0.10307013957645597,0.25931230183000864,0.14608261461704214,0.5946050835529493,0.25748662993578253,0.1469805146495446,0.5955328554146729,306.5444683244374,306.5670791254418,306.5444683244374,306.6344509076502
238,238.0,0.001372,9.750515590261326,24.76079503867349,20.74207360497965,1334.6734674581237,0.013377707389838539,0.033971810793060025,0.02845812498603208,0.07580764316893064,0.17646911090518272,0.44813173676111845,0.37539915233369886,2.0,310.1656749796399,0.35000000000582077,12.977316719948575,4651.3849257269185,0.26602594231086873,0.18728578131933354,0.5466882763697977,0.010149281153736511,0.9325599397186932,0.05729077912757031,2.0,310.1656749796399,0.41168541883234866,two-phase,0.075,6.0,0.175,0.031208901328694447,0.031109430969044723,0.0445987418402362,0.04438200908155988,0.02137496117187399,0.8791415775841399,0.09948346124398603,0.022388213252471933,0.8794615808817231,0.09815020586580499,0.2849994823059367,0.1465235962713667,0.5684769214226966,0.2844048073967115,0.1468660519313204,0.5687291406719681,310.1656749796399,310.15780140041596,310.1656749796399,310.2470007475119
239,239.0,0.001372,11.2146614364427,24.46563147090396,20.311650546302463,1333.4734783409942,0.015386515490799384,0.03356684637808023,0.027867584549526977,0.07682094641840659,0.20029062655641428,0.43694913878381336,0.3627602346597724,2.0,315.6392774757144,0.35000000000582077,12.677723999802007,4763.920454542509,0.30063358953015706,0.17554534621951678,0.5238210642503262,0.013939409607356498,0.9224133249689735,0.06364726542366993,2.0,315.6392774757144,0.39431242042337544,two-phase,0.075,6.0,0.175,0.030291453321456337,0.03024334085235454,0.04652949309695025,0.046215800296752076,0.023646653467664792,0.8822614983352476,0.09409184819708755,0.0247449450588369,0.8805821172855699,0.0946729376555931,0.31528871292066396,0.14704358306448703,0.5376677040148491,0.31515754835868787,0.14783622435172056,0.5370062272895916,315.6392774757144,315.70335598913965,315.6392774757144,315.63450201386553
240,240.0,0.001372,10.129208866468575,24.12184301946604,20.64314248143464,1334.2050701364726,0.013897274564794886,0.03309516862270741,0.028322391484528326,0.07531483467203062,0.18452240684471505,0.4394243015579218,0.3760532915973631,2.0,314.175416395658,0.35000000000582077,12.466632902399438,4632.132936328505,0.2773047003988666,0.1783987961899165,0.5442965034112169,0.012212433103296706,0.924185954378574,0.06360161251812926,2.0,314.175416395658,0.3992679234070238,two-phase,0.075,6.0,0.175,0.03007079764124498,0.029991693932185513,0.04524403703078564,0.04538000604838593,0.02194336683321221,0.8799222205454725,0.09813441262131527,0.023373837779614944,0.8801388635568043,0.0964872986635808,0.292578224446084,0.14665370342587675,0.5607680721280393,0.2939233052867769,0.14540332133781075,0.5606733733754122,314.175416395658,314.17852988095245,314.175416395658,314.1483490201236
241,241.0,0.001372,10.862661668297545,24.698914798499523,20.00802975260233,1333.7274965186564,0.014903571808904231,0.03388691110354134,0.027451016820570395,0.07624149973301597,0.1954784711881831,0.44446805509082604,0.36005347372099084,2.0,312.20376004771947,0.35000000000582077,12.94823786339937,4724.441086596046,0.2942312482910652,0.18302734895266357,0.5227414027562712,0.012080456570723676,0.9300007950559313,0.05791874837334512,2.0,312.20376004771947,0.4047391047643032,two-phase,0.075,6.0,0.175,0.030857916347828744,0.03084919010978717,0.04538358338518723,0.04554529304761343,0.02343430738775665,0.8819698642190317,0.0945958283932116,0.021637378431436205,0.8841532998305554,0.0942093217380085,0.3124574318289608,0.1469949773661717,0.5405475908048676,0.3133938439907919,0.14765752028905657,0.5389486357201515,312.20376004771947,312.1189075501842,312.20376004771947,312.1925643642963
242,242.0,0.001372,10.519827859947354,24.32517980020252,20.601512069299204,1334.7821018249542,0.014433203823847768,0.033374146685877855,0.028265274559078506,0.07607262506880413,0.18972927266271683,0.43871427672822516,0.37155645060905795,2.0,314.609836975793,0.35000000000582077,12.587405531592491,4694.597160518958,0.28502770442965397,0.17755662113798953,0.5374156744323565,0.012746470812025762,0.9237213513897982,0.06353217779817603,2.0,314.609836975793,0.39776811280171387,two-phase,0.075,6.0,0.175,0.03025926450949057,0.030099701804500865,0.045813360559313565,0.045673086048149264,0.022513043443143234,0.8807046090222551,0.09678234753460166,0.021606282971371123,0.8809605389549168,0.09743317807371212,0.3001739125779561,0.14678410150503585,0.553041985917008,0.29965185432983893,0.14645936368453144,0.5538887819856296,314.609836975793,314.5049778113102,314.609836975793,314.5993583104282
243,243.0,0.001372,10.429165560424202,25.36171133287764,19.8767761780446,1333.8640302444016,0.014308815148902006,0.03479626794870812,0.027270936916277192,0.07637602001388731,0.18734695976957508,0.45559153177111317,0.3570615084593118,2.0,307.10793468195993,0.35000000000582077,13.60771751867974,4722.872035910413,0.2830277269143336,0.19471711161429772,0.5222551614713689,0.009654106502846815,0.9400725977708775,0.050273295726275584,2.0,307.10793468195993,0.4203041862056125,two-phase,0.075,6.0,0.175,0.03210116093756048,0.03195987937098554,0.044274859076326833,0.04402782722473692,0.02298853690770776,0.8813576472504249,0.09565381584186729,0.02154421962102695,0.881254013654008,0.09720176672496494,0.30651382542794825,0.14689294120449584,0.5465932333675559,0.3065771563901141,0.1468144291445475,0.5466084144653384,307.10793468195993,307.0327310565947,307.10793468195993,307.10009737914737
244,244.0,0.001372,9.796745840254564,24.93044099540231,20.62597910323105,1334.13906762972,0.013441135292829262,0.03420456504569197,0.028298843329633,0.07594454366815423,0.17698618812644895,0.45038870988746155,0.3726251019860895,2.0,309.18424992037296,0.35000000000582077,13.137018869306948,4661.90776060731,0.2669939022687062,0.18958211592708035,0.5434239818042135,0.009829004721414493,0.9347438129509033,0.055427182327682185,2.0,309.18424992037296,0.41461548625375144,two-phase,0.075,6.0,0.175,0.031487783901291026,0.03168891972009901,0.0444567597668632,0.044469968068601415,0.021531841375489913,0.8793570353583661,0.099111123266144,0.02047068304707799,0.8808347997727675,0.09869451718015455,0.2870912183285358,0.1465595058872772,0.566349275784187,0.28750154514512977,0.14543353452865032,0.5670649203262199,309.18424992037296,309.2064631446279,309.18424992037296,309.16545001022126
245,245.0,0.001458,15.697103624811866,24.63344841418208,22.51536292191597,1326.8320808749468,0.022886377084975703,0.035915567787877474,0.032827399140153486,0.09162934401300665,0.24977126412393627,0.39196578535779225,0.35826295051827156,2.0,336.1768709111003,0.35000000000582077,13.421429791205911,5745.081334289434,0.3662997138257216,0.13678424051441515,0.4969160456598632,0.033361286109255164,0.8658743686319547,0.10076434525879024,2.0,336.1768709111003,0.3303790606732946,two-phase,0.075,6.0,0.175,0.030272416605127306,0.030155496426945778,0.06135692740787935,0.06152826752832735,0.02697704757281731,0.8868354301509811,0.0861875222762016,0.027457371891821698,0.8858206043216261,0.08672202378655207,0.3596939676536395,0.14780590503176919,0.4925001273145913,0.3608407081782447,0.1465318296422596,0.49262746217949566,336.1768709111003,336.1741753274568,336.1768709111003,336.2021158425595
246,246.0,0.001458,16.410033662678444,23.75554928656921,21.3158159384563,1321.632601971287,0.023925829080185174,0.03463559085981791,0.031078459638269287,0.08963987957827238,0.2669105446454047,0.38638595927133706,0.3467034960832581,2.0,338.9448239833148,0.35000000000582077,13.031316994993425,5642.351268511835,0.3898237193281476,0.13241578639732182,0.47776049427453066,0.03864322023749243,0.8580448517456676,0.10331192801684,2.0,338.9448239833148,0.3216026277223136,two-phase,0.075,6.0,0.175,0.028828420821084156,0.028733565032465595,0.06081145875718822,0.061139401792677704,0.028495075029718674,0.8889202747174142,0.08258465025286708,0.029378639204207344,0.886995907486599,0.08362545330919359,0.379934333726394,0.14815337911832577,0.4719122871552803,0.3795309391592425,0.14842756002545995,0.47204150081529755,338.9448239833148,338.9663583626437,338.9448239833148,339.0201451897976
247,247.0,0.001458,17.76002639401469,23.91443557469167,21.3330610428566,1316.4009454592735,0.02589411848247342,0.03486724706790045,0.03110360300048492,0.0918649685508588,0.2818715217666218,0.379548892444208,0.33857958578917025,2.0,342.10503842506205,0.35000000000582077,13.212535915800826,5794.871752986055,0.40960431202402536,0.1274407356646884,0.46295495231128614,0.044653482720218754,0.847749755028703,0.10759676225107821,2.0,342.10503842506205,0.3114252783416305,two-phase,0.075,6.0,0.175,0.02860907340079633,0.02876673058268431,0.06325589515006247,0.06335387174532371,0.029694374587839023,0.8905673814145821,0.07973824399757867,0.028851343937221326,0.8911253656651631,0.08002329039761559,0.39592499451855856,0.14842789690769312,0.4556471085737483,0.39713544420111485,0.14883443747429637,0.4540301183245888,342.10503842506205,342.15511973841666,342.10503842506205,341.9820124103022
248,248.0,0.001458,20.417355291294736,23.61412972600909,21.35059391212709,1312.2716700018832,0.02976850401470773,0.03442940114052125,0.031129165923881298,0.09532707107911029,0.3122775480010643,0.3611712890239635,0.32655116297497216,2.0,349.9912039790804,0.35000000000582077,13.365295531700182,6060.95514365216,0.44738247759735167,0.11536915985667291,0.43724836254597554,0.06136839303964248,0.8176609574718418,0.12097064948851578,2.0,349.9912039790804,0.28508055859128945,two-phase,0.075,6.0,0.175,0.027175894672104312,0.027412738070324308,0.06815117640700598,0.06807517761651866,0.031808774583787044,0.8934712784065095,0.07471994700970333,0.03229459892830544,0.8938276586222375,0.07387774244945716,0.4241169944697295,0.14891187974117207,0.42697112578909835,0.42507745377426803,0.14823809207954602,0.4266844541461859,349.9912039790804,349.9284718864887,349.9912039790804,349.8861375891571
249,249.0,0.001458,22.96213360273612,24.33278779621848,22.61525909139844,1307.8941743799148,0.033478790792789266,0.035477204606886546,0.03297304775525892,0.10192904315493473,0.3284519284842168,0.34805785975014303,0.3234902117656403,2.0,355.1489787825517,0.35000000000582077,14.039054836266047,6490.039554121489,0.4655675282271871,0.1077039015694982,0.4267285702033148,0.07380867182221204,0.794429496365185,0.13176183181260304,2.0,355.1489787825517,0.266824262420414,two-phase,0.075,6.0,0.175,0.02719714175903401,0.02710155196798106,0.07473190139590072,0.0745316653472629,0.03270618904745568,0.8947037789527168,0.07259003199982753,0.03136547044589735,0.895837429216071,0.07279710033803152,0.4360825206410196,0.14911729649494984,0.41480018286403053,0.4360845708454295,0.14851936850676326,0.4153960606478072,355.1489787825517,355.2955447993862,355.1489787825517,354.97412697960334
250,250.0,0.001458,24.084186692311484,24.93932015138837,22.215893684730904,1304.275860382391,0.03511474419739014,0.036361528780724246,0.03239077299233766,0.10386704597045204,0.33807396628358466,0.3500776251118986,0.31184840860451685,2.0,354.77564751387547,0.35000000000582077,14.394131868757658,6630.8200177954495,0.4795942241644575,0.10857584554978254,0.4118299302857599,0.07525063022257292,0.7985809300070554,0.12616843977037154,2.0,354.77564751387547,0.2687852742674295,two-phase,0.075,6.0,0.175,0.02791793243851566,0.027887090190027174,0.07594911353193638,0.07595172267828992,0.03374559174273842,0.8961312848020219,0.07012312345523972,0.03490545838789479,0.8963559251573245,0.06873861645478069,0.44994122324931196,0.14935521413791908,0.40070356261276885,0.4500893186540765,0.1490417775206791,0.4008689038252445,354.77564751387547,354.74887643117074,354.77564751387547,354.86228725391123
251,251.0,0.001458,26.67734386816479,25.818687447768347,23.38982354352695,1301.0469927582285,0.038895567359784264,0.037643646298846256,0.0341023627264623,0.11064157638509281,0.35154567234659195,0.3402305672853567,0.3082237603680514,2.0,358.5600868397428,0.35000000000582077,15.157016089249083,7075.279216182095,0.4944928955235904,0.10313064953173265,0.402376454944677,0.0860722578787802,0.7805589859644273,0.13336875615679242,2.0,358.5600868397428,0.2550677662657108,two-phase,0.075,6.0,0.175,0.028221099744662644,0.02825001696447695,0.08242047664043017,0.08234648002182253,0.034507558959348365,0.8971777633864664,0.06831467765418528,0.03544045391067265,0.8959671883205962,0.06859235776873121,0.460100786147159,0.14952962723839464,0.3903695866144464,0.4590016272700795,0.15045393879347357,0.390544433936447,358.5600868397428,358.5167441412646,358.5600868397428,358.58511916906184
252,252.0,0.001458,27.95427290083288,25.85013437156639,22.990716310220403,1297.8857010911925,0.04075732988941434,0.0376894959137438,0.03352046438030135,0.1119672901834595,0.36401104128387013,0.3366116644601222,0.2993772942560077,2.0,360.1672255497647,0.35000000000582077,15.315123416726333,7180.322994926128,0.5100877619852409,0.10105615097968466,0.3888560870350745,0.09272570284212606,0.7740719037750348,0.13320239338283915,2.0,360.1672255497647,0.2495485559629742,two-phase,0.075,6.0,0.175,0.027941275580369615,0.028086181632202032,0.08402601460308988,0.0837701382710802,0.03549399195070234,0.8985325211295923,0.06597348691970539,0.034842341773938426,0.9000685648812023,0.06508909334485907,0.4732532259977614,0.1497554201845937,0.3769913538176449,0.4735676271850235,0.1515763883064126,0.37485598450856383,360.1672255497647,360.21546417349794,360.1672255497647,360.21775230135796
253,253.0,0.001458,27.81940272443671,26.82848333345116,23.47526958052344,1296.7696710621915,0.04056068917222873,0.0391159287001718,0.03422694304840318,0.1139035609208037,0.35609676154400716,0.3434126938961005,0.3004905445598924,2.0,357.6509379799653,0.35000000000582077,15.687407511437119,7281.563143727695,0.5019451983516064,0.10466659098816808,0.39338821066022533,0.08523537890495775,0.78679831357631,0.12796630751873228,2.0,357.6509379799653,0.2588958067644853,two-phase,0.075,6.0,0.175,0.029489154297939177,0.029401849555971825,0.08441440662286452,0.08493324010061312,0.03511703663074323,0.8980148142570378,0.06686814911221901,0.03482565207844742,0.8993112994257032,0.06586304849584937,0.46822715507715573,0.14966913570969145,0.3821037092131529,0.46918122407747903,0.1487731327947189,0.3820456431278021,357.6509379799653,357.4672869597278,357.6509379799653,357.50798815612893
254,254.0,0.001458,28.15100644547961,26.372457029613543,23.895361174165576,1295.126229417668,0.041044167397509275,0.03845104234917655,0.03483943659193341,0.11433464633861923,0.3589827642965791,0.33630263074674677,0.3047146049566742,2.0,360.09990627250784,0.35000000000582077,15.582333841824036,7296.267616969952,0.5031227899678317,0.10100396634655366,0.3958732436856146,0.09129414519651251,0.7732858646267987,0.13541999017668885,2.0,360.09990627250784,0.2494748116878327,two-phase,0.075,6.0,0.175,0.02852361436472198,0.028502625732652394,0.08581103197389725,0.08627059340238426,0.03500059065286188,0.897854888444134,0.0671445209030041,0.0352798849229533,0.8981626955677341,0.06655741950931265,0.4666745420222406,0.1496424814022515,0.3836829765755078,0.4673245196266516,0.14899343812826513,0.3836820422450832,360.09990627250784,360.0208528275355,360.09990627250784,360.27840108479586
255,255.0,0.001458,31.496879032818583,26.28498342064972,24.8475699870136,1294.1479036734745,0.045922449629849496,0.03832350582730729,0.03622775704106583,0.12047371249822263,0.38118232332656804,0.3181067888803766,0.3007108877930553,2.0,366.54325842780827,0.35000000000582077,16.145567660315372,7732.7054947435345,0.5255523052936366,0.09197908691510255,0.3824686077912608,0.11306664253420799,0.7380582353816371,0.14887512208415493,2.0,366.54325842780827,0.22445519981556572,two-phase,0.075,6.0,0.175,0.027040951211311576,0.02710401105371859,0.09343276128691105,0.09375119378329388,0.036079548305865974,0.8993367187119247,0.06458373298220944,0.03656219255999951,0.8987381630609992,0.0646996443790014,0.48106064410113575,0.14988945312579638,0.36904990277306793,0.4811660251470196,0.14874991744544253,0.37008405740753786,366.54325842780827,366.64136570767744,366.54325842780827,366.48237333699376
256,256.0,0.001458,31.64573073649856,28.026766670152465,24.651338580470547,1293.6559157452557,0.046139475413814905,0.0408630258050823,0.03594165165032606,0.12294415286922326,0.3752880827353689,0.3323706321239095,0.2923412851407216,2.0,361.9147019558035,0.35000000000582077,16.76226055249381,7893.084076320815,0.523655230713863,0.09875100425579765,0.37759376503033937,0.09974909363620178,0.7662356553016403,0.134015251062158,2.0,361.9147019558035,0.2433237514051143,two-phase,0.075,6.0,0.175,0.02991523248946325,0.02995425087405185,0.09302892037976002,0.09277192322474165,0.03632169171987524,0.8996692761855103,0.06400903209461446,0.03601045317661607,0.898895803751389,0.065093743071995,0.48428922294163035,0.14994487936733567,0.365765897691034,0.48267620764059077,0.1525347325828322,0.3647890597765769,361.9147019558035,361.74095976289726,361.9147019558035,361.9315225365146
257,257.0,0.001458,30.890322959467863,26.87794722689712,25.021613049661568,1293.0712864864363,0.045038090874904145,0.03918804705681601,0.03648151182640657,0.12070764975812673,0.3731171219483703,0.3246525562823962,0.3022303217692334,2.0,364.27478273371185,0.35000000000582077,16.25866147179151,7722.053454284199,0.517523925583511,0.0951243058566261,0.3873517685598629,0.10493305805853977,0.750919307066751,0.14414763487470914,2.0,364.27478273371185,0.23344665663898923,two-phase,0.075,6.0,0.175,0.02817879726678478,0.028146998389769192,0.09252885249134195,0.09276619436214739,0.03569078690668401,0.8988027974676531,0.06550641562566287,0.03539572381524911,0.8994176296014527,0.0651866465832981,0.475877158753796,0.14980046624398216,0.3743223750022219,0.4757195141347583,0.14843346609995492,0.3758470197652869,364.27478273371185,364.3865401534052,364.27478273371185,364.3602211997797
258,258.0,0.001458,31.98918667638189,27.488713033514703,25.061810984587183,1291.6598288700427,0.0466402341741648,0.04007854360286444,0.036540120415528114,0.12325889819255736,0.3783924313626636,0.32515740600125265,0.2964501626360837,2.0,364.2926370453339,0.35000000000582077,16.64164155103176,7897.9646745612135,0.5248166787371714,0.09526224384630323,0.3799210774165255,0.10646168624245655,0.7521055642829261,0.14143274947461737,2.0,364.2926370453339,0.23377686817548238,two-phase,0.075,6.0,0.175,0.028815079194216685,0.02880351083625508,0.09444381899834067,0.0946250452808762,0.036209506505701275,0.8995152020546516,0.06427529143964704,0.03436443356518116,0.9002627020030147,0.06537286443180425,0.48279342004049075,0.14991920033141018,0.3672873796280992,0.4838792359508269,0.1502056597849315,0.3659151042642416,364.2926370453339,364.4437507019698,364.2926370453339,364.19393906975426
259,259.0,0.001458,32.36069262659606,28.75326057707983,25.13610506244561,1291.300489816817,0.04718188984957706,0.041922253921382394,0.036648441181045696,0.12575258495200514,0.375196182786895,0.33337091191709883,0.29143290529600624,2.0,361.5907432329758,0.35000000000582077,17.15419214429896,8059.427504389123,0.5239460617924656,0.09923870850921085,0.3768152296983235,0.09894640749438499,0.7681878610975892,0.13286573140802588,2.0,361.5907432329758,0.24462562400731258,two-phase,0.075,6.0,0.175,0.030762304564416844,0.03063541967361259,0.09499028038758829,0.09511639298637062,0.03636931513930796,0.8997346817328319,0.06389600312786017,0.034371966575536254,0.9019230537279145,0.06370497969654929,0.4849242018478712,0.14995578028584647,0.3651200178662824,0.48486742017428447,0.14875229879642543,0.3663802810292902,361.5907432329758,361.5537976991934,361.5907432329758,361.53611079712454
260,260.0,0.001458,32.08524335874541,28.054857190657245,25.874485433860023,1290.99055119008,0.04678028481705081,0.04090398178397826,0.037724999762567914,0.12540926636359698,0.3730209590846462,0.32616395079918603,0.3008150901161678,2.0,363.801283094111,0.35000000000582077,16.91320010939056,8011.6801928553505,0.5180220754699761,0.09583341787011684,0.3861445066599069,0.10373317151581397,0.7539206548040822,0.14234617368010383,2.0,363.801283094111,0.23541538664721884,two-phase,0.075,6.0,0.175,0.029523270930130237,0.029502175926214815,0.09588599543346674,0.0962454716277341,0.03576465597016919,0.8989042485527267,0.06533109547710411,0.03743509017328383,0.8979173743709311,0.064647535455785,0.4768620796287237,0.14981737476710327,0.373320545604173,0.47840406591006807,0.15014279381279208,0.3714531402771398,363.801283094111,363.83046437085363,363.801283094111,363.8192002715711
261,261.0,0.001458,32.38553873860188,27.455542701242408,26.06897603218656,1291.3921700468031,0.04721811548088155,0.040030181258411436,0.03800856705492801,0.125256863794221,0.376970283707998,0.3195847320924087,0.30344498419959337,2.0,365.9574899772782,0.35000000000582077,16.77150207434681,8007.3321165133475,0.5205619395038903,0.09272215096569796,0.3867159095304118,0.110300065805275,0.7409009541786558,0.14879898001606923,2.0,365.9574899772782,0.22662787561421283,two-phase,0.075,6.0,0.175,0.028386696947783112,0.028364011364934417,0.09687016684643787,0.09705481237229302,0.035771599830275114,0.8989137851657022,0.06531461500402264,0.037017880784996376,0.8967625742198726,0.06621954499513108,0.47695466438005424,0.14981896418686622,0.3732263714330795,0.47553507391495103,0.15036880271527805,0.374096123369771,365.9574899772782,366.0693986857633,365.9574899772782,366.24323728482466
262,262.0,0.001458,32.20351411228803,27.10802469713156,26.462952404163165,1291.358821482496,0.046952723575715956,0.03952350000841782,0.0385829846052699,0.12505920818940366,0.375443953751934,0.3160383036214255,0.30851774262664056,2.0,366.9771918694055,0.35000000000582077,16.65570922104422,7981.426776687754,0.517033162464832,0.09115087134259932,0.3918159661925687,0.11249256614581772,0.7336863921336048,0.1538210417205776,2.0,366.9771918694055,0.2221078991133254,two-phase,0.075,6.0,0.175,0.027776637995724426,0.027795984692657393,0.09728257019367924,0.09749854165434203,0.03543929227867182,0.8984573971229487,0.06610331059837939,0.03410400658364783,0.9001533387809532,0.06574265463539898,0.47252389705426884,0.14974289952217457,0.37773320342355654,0.4737189477925437,0.1481777497951732,0.37810330241228307,366.9771918694055,366.93051295060116,366.9771918694055,367.0073043436907
263,263.0,0.001458,32.78770758785346,27.08118820274796,25.473266536871105,1291.3560854223367,0.04780447766309035,0.039484372399606525,0.03714002261075807,0.12442887267345495,0.38419119803926927,0.31732484230751956,0.2984839596532111,2.0,366.8774794546172,0.35000000000582077,16.6612225402096,7978.524807666214,0.5292223953191311,0.0915749377585676,0.37920266692230137,0.11484754595175296,0.7365746650355974,0.14857778901264956,2.0,366.8774794546172,0.223260488914093,two-phase,0.075,6.0,0.175,0.02778005094810498,0.027733769892809994,0.09664882172534997,0.09683349045086216,0.03631369771630975,0.8996582972933955,0.06402800499029462,0.03531939337374623,0.9003129299984542,0.06436767662779952,0.48418263621910096,0.14994304954940643,0.3658743142314925,0.48551408752438774,0.14838126936522214,0.3661046431103901,366.8774794546172,366.9642570066698,366.8774794546172,367.03811556968026
264,264.0,0.001458,30.5407374361336,28.049876630959425,26.251745739341832,1290.4215708546558,0.04452839518188279,0.040896720127938845,0.03827504528796039,0.12370016059778202,0.3599703910382894,0.33061169791781286,0.3094179110438978,2.0,361.9660970726412,0.35000000000582077,16.693437310025633,7855.7189728120775,0.502217832896047,0.09819848808896349,0.3995836790149894,0.09579657044894636,0.7622362304511643,0.1419671990998893,2.0,361.9660970726412,0.24201464871293865,two-phase,0.075,6.0,0.175,0.029937250912806312,0.029979600613999777,0.0937629096849757,0.09385877046700546,0.03478483626324635,0.8975585733977662,0.06765659033898747,0.034308058009536915,0.8985831947243899,0.06710874726607333,0.4637978168150227,0.14959309555717878,0.38660908762779866,0.4649453305643689,0.14957339194623698,0.38548127748939415,361.9660970726412,361.8989821931282,361.9660970726412,362.0866643871604
265,265.0,0.001458,32.36671191975741,27.810088871677745,25.39462813070344,1290.7547263458075,0.0471906659790063,0.040547109574906155,0.03702536781456561,0.12476314336847807,0.37824204091774444,0.3249926899898111,0.2967652690924444,2.0,364.33880719005833,0.35000000000582077,16.833854554450063,7987.415993922501,0.5245453794130426,0.09518818805947807,0.3802664325274792,0.10653584085904767,0.7517724792827184,0.14169167985823392,2.0,364.33880719005833,0.2335724349541124,two-phase,0.075,6.0,0.175,0.029141231189104444,0.029229766546432296,0.09562191217937363,0.09511025525895059,0.03618638432690951,0.899483446276651,0.06433016939643961,0.03676992533820312,0.8990251405663684,0.06420493409542849,0.4824851243340789,0.14991390770509605,0.3676009679608252,0.48254598220264444,0.14970652857367234,0.3677474892236832,364.33880719005833,364.291046960725,364.33880719005833,364.37560819370776
266,266.0,0.001458,31.489150406552472,27.728604459565144,25.587051512093023,1291.0804358030853,0.045911181292753504,0.04042830530204598,0.03730592110463163,0.12364540769943111,0.3713132751711954,0.32696972782299294,0.3017169970058117,2.0,363.49272655811205,0.35000000000582077,16.682862526650002,7894.406272677952,0.5160577221884024,0.09624479443351545,0.3876974833780822,0.10250215928605566,0.7554588898257116,0.1420389508882327,2.0,363.49272655811205,0.23656786952051334,two-phase,0.075,6.0,0.175,0.029250530675449693,0.029264169846400186,0.09439487702398142,0.09441855722793777,0.035649509514348275,0.8987461074884281,0.0656043829972236,0.03519896096219004,0.8986636252887177,0.06613741374909239,0.47532679352704643,0.14979101791549518,0.37488218855745836,0.4752605348545261,0.14950441576620507,0.37523504937926894,363.49272655811205,363.41279291167956,363.49272655811205,363.39380698094897
267,267.0,0.001458,31.31740756031793,27.45027815427408,25.743872707237443,1291.530399670111,0.045660780222943544,0.040022505548931615,0.03753456640715219,0.12321785217902735,0.37056951907099844,0.32481093316560633,0.3046195477633952,2.0,364.1413915553037,0.35000000000582077,16.57263561718223,7862.797680176711,0.5141675413445674,0.0952452841969313,0.3905871744585013,0.10388747770948997,0.7511471383872448,0.14496538390326524,2.0,364.1413915553037,0.23380957919289358,two-phase,0.075,6.0,0.175,0.02880951416703055,0.02883991596072391,0.0944083380119968,0.09425081053664505,0.035462277623466265,0.8984889649730103,0.06604875740352331,0.03737542687246423,0.8958653412271488,0.06675923190038695,0.4728303683039023,0.14974816082599066,0.3774214708701071,0.4734014087137414,0.1494843371611718,0.37711425412508676,364.1413915553037,364.17565627522316,364.1413915553037,364.24736691638554
268,268.0,0.001458,32.985418398024095,27.89996993174981,25.70723290520616,1290.2266599233765,0.04809274002431913,0.040678156160491225,0.03748114557579058,0.12625204176060092,0.38092643377215685,0.32219800641026564,0.2968755598175776,2.0,365.2900161000458,0.35000000000582077,16.984974437110417,8084.383951224669,0.5269567535664335,0.09384531915868523,0.37919792727488133,0.10972726844365376,0.7462815684430902,0.14399116311325613,2.0,365.2900161000458,0.22978200382203795,two-phase,0.075,6.0,0.175,0.029010447142374496,0.029015073323578222,0.09724159461822643,0.09686823329149052,0.036280935675350845,0.8996133022157292,0.06410576210892005,0.03920911731250799,0.8964635190024559,0.06432736368503614,0.4837458090064357,0.149935550369833,0.3663186406237313,0.48449296825652144,0.1482149509163948,0.3672920808270838,365.2900161000458,365.4058130053024,365.2900161000458,365.140205065881
269,269.0,0.001458,32.48963691638436,26.903485286168355,25.57870393569375,1290.6481079274706,0.047369890624088404,0.03922528154723346,0.03729375033824149,0.12388892250956336,0.38235775777638054,0.3166165364317019,0.30102570579191756,2.0,367.0300957639487,0.35000000000582077,16.55606731584238,7930.580854869136,0.5264786393999764,0.09128960418895407,0.3822317564110695,0.11470469190781589,0.7350808391622492,0.15021446892993495,2.0,367.0300957639487,0.22244949484593235,two-phase,0.075,6.0,0.175,0.02755902822925923,0.027559035206633994,0.09632989428030414,0.09681592193171246,0.03610626589901379,0.8993734123811479,0.06452032171983826,0.03683786710367262,0.899037693063283,0.06412443983304437,0.48141687862054083,0.14989556871992366,0.36868755265953546,0.4809354451310248,0.14978549700993665,0.3692790578590387,367.0300957639487,367.01168447073695,367.0300957639487,367.19018327631636
270,270.0,0.001458,31.558396519125967,28.01488229347516,25.84123682742672,1291.508704797984,0.04601214212488566,0.04084569838388679,0.037676523294388156,0.12453436380316062,0.3694734587283281,0.32798736940149004,0.3025391718701818,2.0,363.1122324759474,0.35000000000582077,16.816871008068922,7948.663040947215,0.513997578909636,0.09676109216272842,0.3892413289276355,0.10107152125229302,0.7574075985535318,0.14152088019417525,2.0,363.1122324759474,0.238004391285358,two-phase,0.075,6.0,0.175,0.029639725451080564,0.02957556510504687,0.09489463835208005,0.09538685551483739,0.035533312481297895,0.8985865235814341,0.06588016393726813,0.03502828968533205,0.899263570321944,0.06570813999272397,0.47377749975581396,0.14976442059854164,0.37645807964564443,0.47355450569675317,0.14833242215756154,0.3781130721456853,363.1122324759474,362.98510755995613,363.1122324759474,363.13223300676924
271,271.0,0.001458,32.268279002493614,27.67266338122955,25.8872306777536,1290.1732591571872,0.04704715078563569,0.04034674320983269,0.03774358232816475,0.12513747632363312,0.37596371740757645,0.322419345468396,0.30161693712402765,2.0,365.0583177210693,0.35000000000582077,16.804655580464452,7993.188441224888,0.5204085678252831,0.09403713425671335,0.3855542979180036,0.10770899520690728,0.7465577377129036,0.1457332670801892,2.0,365.0583177210693,0.23037150150048546,two-phase,0.075,6.0,0.175,0.028828108314656813,0.02885548010722627,0.09630936800897631,0.09670208503997407,0.035833080274820996,0.8989982218289627,0.0651686978962163,0.03589632242875463,0.8982094706524572,0.06589420691878806,0.47777440364386753,0.14983303696509231,0.37239255939104016,0.47791021395653566,0.15004808833798497,0.3720416977054794,365.0583177210693,364.9500470388406,365.0583177210693,364.79329536633946
272,272.0,0.001458,33.72104752764572,26.833026833886585,25.957727109126683,1291.233811285263,0.04916528729530747,0.03912255312380664,0.03784636612510671,0.1261342065442208,0.3897855200608951,0.31016608575637133,0.30004839418273366,2.0,369.18086395128637,0.35000000000582077,16.774175792871958,8095.611770251707,0.5335171836586212,0.0883251486964681,0.37815766764491054,0.12285528766917687,0.7221563974327837,0.15498831489803938,2.0,369.18086395128637,0.213636079832213,two-phase,0.075,6.0,0.175,0.026946817418853998,0.026938952726239748,0.0991873891253668,0.0992633309828299,0.03643370047825548,0.8998231079488169,0.06374319157292745,0.03626097214412484,0.8988802499931585,0.06485877786271672,0.4857826730322175,0.14997051798801528,0.3642468089797673,0.48543684485988403,0.15058978328516848,0.36397337185494744,369.18086395128637,369.2203238934234,369.18086395128637,369.1468133417832
273,273.0,0.001458,31.43667566031656,27.7768587669321,24.885335538170214,1290.6874316761548,0.045834673112741545,0.040498660082187006,0.03628281921465217,0.12261615240958074,0.3738061602164594,0.3302881332216929,0.29590570656184756,2.0,362.5291540431332,0.35000000000582077,16.637509900951944,7842.646688038203,0.5207895330618164,0.09777595289896894,0.3814345140392147,0.10083703922188528,0.76209646810051,0.13706649267760473,2.0,362.5291540431332,0.2407180302834604,two-phase,0.075,6.0,0.175,0.02951591868897085,0.02970126404579703,0.09310023372060988,0.09347746426389875,0.03606608781500869,0.8993182321810287,0.06461568000396266,0.03688222831046553,0.8987415013465535,0.06437627034298105,0.4808811708367491,0.1498863720208103,0.36923245714244063,0.4813902209193649,0.14801540094606747,0.37059437813456775,362.5291540431332,362.7135656844726,362.5291540431332,362.5945488252255
274,274.0,0.001458,32.51879588957503,27.591175457052305,25.923027527866047,1291.5176723708648,0.0474124044070004,0.04022793381638226,0.0377957741356287,0.12543611235901136,0.37798049951756396,0.3207045647368732,0.3013149357455628,2.0,365.6498218944365,0.35000000000582077,16.82878807013267,8025.913584354397,0.522384283882111,0.09321420315356045,0.38440151296432845,0.10980204284451116,0.7431866648139248,0.14701129234156407,2.0,365.6498218944365,0.22802177545963787,two-phase,0.075,6.0,0.175,0.028602165046856396,0.02873716911665003,0.09683394731215497,0.096837448783321,0.03592606906202422,0.8991259317642813,0.06494799917369455,0.036024778493379546,0.8982390251087626,0.06573619639785779,0.4790142541743486,0.14985432196510134,0.37113142386055004,0.4797626276103643,0.15035053782319205,0.36988683456644356,365.6498218944365,365.689194394368,365.6498218944365,365.62611950713256
275,275.0,0.001458,31.76113496535767,28.39823000119712,25.82636524362457,1290.9183645558385,0.04630773477949149,0.041404619341745406,0.037654840525204625,0.12536719464644153,0.3693768127306971,0.3302667771940979,0.3003564100752049,2.0,362.3885034774812,0.35000000000582077,16.98027316221334,8002.195565674441,0.5147997010511732,0.09785099452535123,0.3873493044234755,0.09930573442503368,0.7618960878585667,0.13879817771639966,2.0,362.3885034774812,0.24097012644051574,two-phase,0.075,6.0,0.175,0.030209748745445762,0.030244717727666848,0.09515744590099576,0.09521533891371156,0.03564942361122859,0.8987459895095687,0.06560458687920276,0.03589982465303034,0.8984926825043567,0.06560749284261307,0.4753256481512576,0.14979099825208106,0.37488335359666136,0.4745316495526134,0.15018697855671,0.37528137189067656,362.3885034774812,362.3498138224161,362.3885034774812,362.4600040585806
276,276.0,0.001458,32.7899740782065,28.07134994520436,25.35686621239102,1290.4899374823974,0.04780778220602508,0.04092802822010796,0.03697031093766611,0.12570612136379916,0.3803138756279594,0.32558500553573205,0.29410111883630846,2.0,364.2233711990242,0.35000000000582077,16.988053968226456,8055.589909054907,0.5275761670893937,0.09542631539438502,0.37699751751622146,0.10682676291770578,0.7530225729350918,0.14015066414720248,2.0,364.2233711990242,0.23421298517496325,two-phase,0.075,6.0,0.175,0.029442005939381625,0.02937460813468186,0.09626411542441754,0.0959483292617592,0.036412116994004984,0.8997934653951175,0.06379441761087742,0.03577103604237629,0.9003570405010906,0.06387192345653313,0.4854948932416185,0.14996557756221376,0.3645395291961678,0.4847910259124233,0.14979234306737196,0.3654166310202048,364.2233711990242,364.29998959570923,364.2233711990242,364.138368782253
277,277.0,0.001458,32.82048133836662,28.302681650343548,25.804957824244443,1291.1031979889206,0.047852261791338536,0.041265309846200894,0.0376236285077484,0.12674120014528784,0.3775588501330572,0.3255871792195201,0.2968539706474227,2.0,364.1313968691835,0.35000000000582077,17.112346564709195,8114.836573444035,0.5238787955960953,0.09547851012525137,0.3806426942786534,0.10582180856292155,0.7529318503881774,0.1412463410489009,2.0,364.1313968691835,0.2343858765962068,two-phase,0.075,6.0,0.175,0.029706347296908582,0.029607210252337167,0.09703485284837926,0.09715041882682166,0.03615572590673926,0.8994413403058117,0.06440293378744905,0.0362049601778168,0.8996408970361369,0.06415414278604632,0.482076345435788,0.14990689005488603,0.36801676450932597,0.48244507791693303,0.14888563854083509,0.36866928354223194,364.1313968691835,364.1074470056248,364.1313968691835,364.00079863190473
278,278.0,0.001458,32.0122265668673,27.520711591415782,26.031831945468497,1291.0963399813063,0.046673826334492526,0.04012519750028421,0.03795441097649307,0.1247534348112698,0.3741285873619583,0.32163601395814584,0.30423539867989585,2.0,365.238189763606,0.35000000000582077,16.7283303106353,7965.864491240209,0.5176235759748349,0.09371002012814526,0.3886664038970199,0.10763789422766727,0.7449271453505104,0.1474349604218223,2.0,365.238189763606,0.22946553779183887,two-phase,0.075,6.0,0.175,0.028626614010347138,0.0287289091789948,0.09612682080092266,0.09614423492288432,0.03562024033541074,0.8987059094836365,0.06567385018095293,0.03569329279917619,0.8988487854530197,0.06545792174780408,0.4749365378321163,0.14978431825567431,0.3752791439122094,0.4750941665224388,0.1497395805196128,0.3751662529579484,365.238189763606,365.2003612418696,365.238189763606,365.23104522330124
279,279.0,0.001458,32.85720724321244,28.442158502867823,25.20479938837564,1290.706120011998,0.04790580816060375,0.04146866709718129,0.036748597508251685,0.12612307276603674,0.37983381715945747,0.3287952488606688,0.2913709339798736,2.0,363.20207897437456,0.35000000000582077,17.119811436338196,8088.444588598919,0.5282901820483863,0.09694804612675835,0.37476177182485537,0.10412913951218265,0.7593686253608914,0.13650223512692583,2.0,363.20207897437456,0.23840402034693398,two-phase,0.075,6.0,0.175,0.030068247605932057,0.03009194883221203,0.09605482516010468,0.09567944709612375,0.03654702134468604,0.8999787417695061,0.06347423688580789,0.03711737647194165,0.9008988864458748,0.06198373708218355,0.48729361795229803,0.14999645696871053,0.3627099250789914,0.4868796554520794,0.15142644890963772,0.3616938956382829,363.20207897437456,363.106233063805,363.20207897437456,363.20523554110355
280,280.0,0.001171,40.12959234309267,31.38717836479791,32.639324273433665,1302.9942516758465,0.04699175263376151,0.03675438586517835,0.03822064872419082,0.12196678722313067,0.38528318818296836,0.30134749551071216,0.31336931630631965,2.0,371.5674208199049,0.35000000000582077,16.092415318008612,7871.378070920643,0.5237398804442152,0.08464939060907034,0.3916107289467146,0.12814933113023777,0.7037868331791319,0.16806383569063033,2.0,371.5674208199049,0.20241656541475095,two-phase,0.075,6.0,0.175,0.02468809816437784,0.024723659646805573,0.09727868905875284,0.0972637478949895,0.03555302036513952,0.8986135902056092,0.06583338942925133,0.03513095269771508,0.8974898368446831,0.06737921045760181,0.4740402715471833,0.14976893170472289,0.37619079674809386,0.4733097183756092,0.14973460471507763,0.3769556769093131,371.5674208199049,371.7082657043295,371.5674208199049,371.5325823847987
281,281.0,0.001171,40.0072695179214,31.42973912142112,32.31628527681154,1303.078755855825,0.046848512605485955,0.03680422451118413,0.03784237005914631,0.12149510717581641,0.3855999940614164,0.30292762701895876,0.3114723789196248,2.0,371.1301223298336,0.35000000000582077,16.062813502791897,7845.520932527045,0.5248426378245926,0.08530570151976542,0.38985166065564186,0.12700651279072014,0.7070826315115625,0.16591085569771746,2.0,371.1301223298336,0.20445738124544732,two-phase,0.075,6.0,0.175,0.024840571447302378,0.024710561908736193,0.09665453572851403,0.09663141705657878,0.03566509140716239,0.8987675075049915,0.0655674010878462,0.03648072729496987,0.898124173277236,0.0653950994277942,0.4755345520770549,0.14979458457835546,0.3746708633445896,0.47634526148796635,0.14920725643430252,0.3744474820777311,371.1301223298336,370.87620153808405,371.1301223298336,371.2528514444978
282,282.0,0.001171,39.01174499104089,31.452171731944368,31.760899374458138,1299.2352361704634,0.04568275338450888,0.036830493098106855,0.037192013167490476,0.11970525965010621,0.3816269520490393,0.30767648143248627,0.3106965665184744,2.0,369.6405453282132,0.35000000000582077,15.86582233269096,7698.452418512834,0.5216700186934133,0.08738500354783414,0.39094497775875253,0.1215469711416531,0.7167892260697579,0.16166380278858886,2.0,369.6405453282132,0.21086539691896178,two-phase,0.075,6.0,0.175,0.025241697089407027,0.02531192745306868,0.09446356256069918,0.09497297465586524,0.03555753637143993,0.8986197924504834,0.06582267117807676,0.03577933849129713,0.897923228321192,0.06629743318751087,0.4741004849762581,0.14976996541590898,0.376129549607833,0.4748312584577635,0.1488705231915806,0.37629821835065597,369.6405453282132,369.7203312482411,369.6405453282132,369.5555245906993
283,283.0,0.001171,40.15983261195198,29.54649237260353,30.6265096713926,1295.3567777400417,0.047027163988595765,0.03459894256831873,0.035863642825200735,0.11748974938211523,0.4002661018166614,0.2944847763339048,0.3052491218494338,2.0,373.9530133846369,0.35000000000582077,15.431642481195174,7578.846881919221,0.5402257954352945,0.08161041024414564,0.3781637943205599,0.14034095652882872,0.6898228847803609,0.16983615869081045,2.0,373.9530133846369,0.19266571119078435,two-phase,0.075,6.0,0.175,0.022636246122332247,0.02266710523418869,0.09485350325978298,0.09510796106039625,0.03653021925962889,0.8999556659338255,0.06351411480654563,0.03562855411818894,0.9004093905154735,0.06396205536633746,0.48706959012258777,0.1499926109871856,0.36293779889022654,0.48760852128360893,0.14931357301644738,0.3630779056999436,373.9530133846369,373.90663889085715,373.9530133846369,373.9843299453701
284,284.0,0.001171,40.92603136874855,28.214257148733,28.886414726124297,1290.9177901106905,0.047924382732804555,0.03303889512116634,0.03382599164429155,0.11478926949826244,0.4174988040457038,0.28782215677107736,0.29467903918321886,2.0,376.29472603625754,0.35000000000582077,15.05023078754548,7428.7173847502745,0.5593816481091197,0.07872218813874547,0.3618961637521347,0.15400209364638892,0.6761506699392594,0.16984723641435154,2.0,376.29472603625754,0.1830996097123716,two-phase,0.075,6.0,0.175,0.021017870444300094,0.020947853779512898,0.09377139905396235,0.09377461881847153,0.037697052180138385,0.9015581832458281,0.06074476457403347,0.038535254955598716,0.9010454887489195,0.06041925629548179,0.5026273623854939,0.15025969720274981,0.3471129404117562,0.5019024591367808,0.15080394417877577,0.3472935966844434,376.29472603625754,376.2536919631124,376.29472603625754,376.3015230333739
285,285.0,0.001171,43.81393280617502,25.546828382426064,27.371001343893223,1286.9492769241067,0.051306115316030944,0.02991533603582092,0.03205144257369896,0.11327289392555083,0.4529425667340338,0.26409968880536344,0.2829577444606027,2.0,383.40131447798865,0.35000000000582077,14.701712524057022,7394.913723770987,0.5925302278804853,0.06946165827298181,0.33800811384653284,0.1937083388948927,0.6255703169309771,0.1807213441741302,2.0,383.40131447798865,0.1505785372282844,two-phase,0.075,6.0,0.175,0.017056466674924067,0.017032339033430058,0.09621642725062676,0.09628823952890983,0.03946799846963765,0.9039903841738959,0.05654161735646643,0.036906258611857166,0.9068600564146058,0.05623368497353707,0.5262399796231558,0.15066506403699553,0.32309495633984864,0.5254518052524818,0.1504688527172716,0.3240793420302465,383.40131447798865,383.57054599360043,383.40131447798865,383.24564288277503
286,286.0,0.001171,45.26346364370448,24.535646553161563,24.92053369121111,1282.0257254418962,0.05300351592677795,0.02873124211375219,0.029181944952408206,0.11091670299293835,0.4778677556810581,0.25903440454393417,0.26309783977500767,2.0,385.3465379752478,0.35000000000582077,14.45101693913907,7288.484959984263,0.6207700134357944,0.06741682720772812,0.31181315935647747,0.2124778484265939,0.61489561959108,0.17262653198232614,2.0,385.3465379752478,0.14290070298011415,two-phase,0.075,6.0,0.175,0.01585007482992742,0.01586261464219639,0.09506662816301092,0.09507923752813922,0.041299130904195,0.9065052441465412,0.05219562494926377,0.04031623085170446,0.9074966036007366,0.05218716554755885,0.5506550786806678,0.15108420734625186,0.2982607139730805,0.5512402690432557,0.14973934965969968,0.2990203812970446,385.3465379752478,385.2751248660278,385.3465379752478,385.21463495688096
287,287.0,0.001171,47.8777900319003,23.159683463256226,23.04587765748048,1278.481960278972,0.05606489212735524,0.02711998933547304,0.026986722736909642,0.11017160419973793,0.5088869544434628,0.24616133651194988,0.24495170904458735,2.0,389.2026329700245,0.35000000000582077,14.360424502444642,7303.723117364236,0.6515515023070879,0.06276034209369605,0.2856881555992159,0.2439385084152402,0.5867631832832765,0.16929830830148335,2.0,389.2026329700245,0.12494658117066137,two-phase,0.075,6.0,0.175,0.013765565286844533,0.013767731992259027,0.0964060389128934,0.0963473525123509,0.04315407969867013,0.9090528133328051,0.04779310696852473,0.04101676889033999,0.9119787495407309,0.04700448156892924,0.5753877293562784,0.151508802232845,0.27310346841087674,0.5735277085335647,0.15271484463625792,0.2737574468301774,389.2026329700245,389.13462605462166,389.2026329700245,389.20382407164936
288,288.0,0.001171,49.512981945707566,20.54356041228963,21.52928260239397,1274.0266899703474,0.057979701858423556,0.024056509242791155,0.02521078992740334,0.10724700102861806,0.5406183977391787,0.22430938872008044,0.23507221354074068,2.0,394.78723274399704,0.35000000000582077,13.900803002996895,7156.619459574677,0.6768301610003035,0.05553988334749311,0.2676299556522035,0.28765369454435413,0.5377384701208541,0.17460783533479177,2.0,394.78723274399704,0.09551075924537145,two-phase,0.075,6.0,0.175,0.010243242495032443,0.010234264154113703,0.09700375853358562,0.0966887600141287,0.0444756940965071,0.910867906039164,0.04465639986432876,0.04499585689018053,0.9102834737089541,0.04472066940086535,0.5930092545670482,0.15181131765961403,0.2551794277733378,0.5931579174094792,0.1519323775213942,0.2549097050691266,394.78723274399704,394.7741933201051,394.78723274399704,394.98535274386575
289,289.0,0.001171,50.93402889373035,19.525464591051893,19.24352036604573,1270.0292301230206,0.05964374783455824,0.022864319036121766,0.022534162348639548,0.10504222921931955,0.5678073311832234,0.21766787706288054,0.2145247917538961,2.0,396.8575514159804,0.35000000000582077,13.678980731028814,7062.0665395618735,0.704679172401231,0.05332290141734309,0.24199792618142585,0.313616768925736,0.5228799746848716,0.16350325638939242,2.0,396.8575514159804,0.08598927993443795,two-phase,0.075,6.0,0.175,0.009032505653277467,0.009029701378178406,0.09600972356604208,0.09596621621900256,0.046265512595721314,0.9133260258750399,0.04040846152923881,0.045975699533202186,0.9134970033593129,0.040527297107484796,0.6168735012506321,0.15222100430617666,0.2309054944431912,0.6172166817178227,0.15176776833262268,0.23101554994955462,396.8575514159804,396.8989361545616,396.8575514159804,396.9154783971703
290,290.0,0.001171,52.187253848596725,17.620063205118058,17.793923155104665,1267.7195729393886,0.06111127425670676,0.020633094013193246,0.02083668401462756,0.10258105228452756,0.5957364727279587,0.20113942637246043,0.2031241008995809,2.0,400.8037119741572,0.35000000000582077,13.350096228332294,6948.364309749191,0.7266434499844666,0.048292927827420354,0.22506362218811307,0.35262351497016825,0.48499720937966195,0.1623792756501698,2.0,400.8037119741572,0.06379036771249957,two-phase,0.075,6.0,0.175,0.006543683045565157,0.0065387364652722425,0.0960373692389624,0.09582240929767435,0.04748196028085854,0.9149966836553423,0.03752135606379918,0.04738166993843279,0.9164559800966258,0.03616234996494138,0.6330928037722149,0.15249944728249876,0.2144077489452864,0.6341588319089854,0.15198415775760207,0.2138570103334126,400.8037119741572,400.7595263959279,400.8037119741572,400.6311484916427
291,291.0,0.001171,52.77047952629027,16.039450873808164,16.289550569092437,1265.8416028017352,0.06179423152528591,0.01878219697322936,0.019075063716407242,0.0996514922149225,0.6201034239608949,0.18847883313900626,0.1914177429000989,2.0,403.75436095656397,0.35000000000582077,12.984887740773132,6796.5235790624865,0.7462133304899489,0.044587145718031275,0.2091995237920199,0.38589931183999704,0.45570625262998166,0.15839443553002133,2.0,403.75436095656397,0.046768179192440584,two-phase,0.075,6.0,0.175,0.004660518844701593,0.004662651906089539,0.09499097337022092,0.09463466730003425,0.04861068242287472,0.9165468599695281,0.03484245760759718,0.0480845168480258,0.9176401288500176,0.03427535430195669,0.6481424322676529,0.1527578099861201,0.1990997577462269,0.6496031465541046,0.15231588784520964,0.19808096560068586,403.75436095656397,403.5969750635104,403.75436095656397,403.44331215005207
292,292.0,0.001171,56.301836287153726,15.520022977871871,14.570865725455826,1263.293471077414,0.06592945029225701,0.01817394690708796,0.017062483764508772,0.10116588096385373,0.6516964975159304,0.17964502195736778,0.16865848052670196,2.0,406.07535132176645,0.35000000000582077,13.26708373350728,6968.177036489475,0.7756795288622941,0.0420098270834678,0.1823106440542381,0.4214422964485582,0.43525324100396034,0.14330446254748153,2.0,406.07535132176645,0.03454176223021932,two-phase,0.075,6.0,0.175,0.0034944478060641064,0.003509873961754107,0.09767143315778963,0.09782122845965478,0.0504904647233399,0.9191285352258122,0.03038100005084798,0.05114733796670397,0.9194184542935196,0.029434207739776463,0.6732061962494151,0.15318808919024318,0.17360571456034152,0.6712750422548186,0.15438501039301802,0.1743399473521634,406.07535132176645,405.9887815036783,406.07535132176645,406.1486566810669
293,293.0,0.001171,58.37395976396712,13.980828247229212,14.841135233427984,1261.871651627055,0.0683559068836055,0.016371549877505408,0.017378969358344168,0.10210642611945507,0.6694574424104847,0.1603380952571213,0.17020446233239406,2.0,409.79138397000673,0.35000000000582077,13.33550267818681,7056.638606360284,0.7824727314973493,0.03681680154457353,0.18071046695807713,0.4595719055390199,0.38973478357589825,0.15069331088508187,2.0,409.79138397000673,0.009286811255151406,two-phase,0.075,6.0,0.175,0.0009482431073094408,0.0009409416587831487,0.10115818301214563,0.10127692187837277,0.05064435843962219,0.9193398913985088,0.030015750161869012,0.05035253361584892,0.9193151015700112,0.030332364814140027,0.6752581124506966,0.1532233152154767,0.17151857233382664,0.6732813315164751,0.15386802364436006,0.17285064483916499,409.79138397000673,409.91951735565317,409.79138397000673,409.78176262171394
294,294.0,0.001171,57.90858645814121,13.463150495055386,13.475957047599866,1260.2243233314412,0.06781095474248335,0.015765349229709857,0.015780345702739444,0.09935664967493266,0.6825004160702071,0.15867432407684537,0.15882525985294743,2.0,410.3489077678543,0.35000000000582077,13.02274735402413,6892.212240467932,0.7954943399576774,0.03633598931314317,0.16816967072917946,0.4726545574262623,0.3858740886334442,0.14147135394029361,2.0,410.3489077678543,0.006846464792033657,two-phase,0.075,6.0,0.175,0.0006802418038538488,0.0006797584575003288,0.09867640787107881,0.09814749023366458,0.05151376685384932,0.9205339287375066,0.027952304408643918,0.05333156180466202,0.9188212466109309,0.027847191584407106,0.6868502247606295,0.15342232146577534,0.15972745377359518,0.6880193804342252,0.1538874442609823,0.15809317530479255,410.3489077678543,410.3563854467679,410.3489077678543,410.46303436480537
295,295.0,0.001171,58.62043130267897,12.863958045375195,13.84541136713668,1258.7032462576535,0.06864452505543707,0.015063694871134353,0.01621297671091705,0.09992119663748847,0.6869866191102338,0.15075574931098004,0.16225763157878617,2.0,411.74613162655874,0.35000000000582077,13.057253494193427,6926.890075871581,0.7950833721868499,0.03428949385435864,0.17062713395879153,0.48623550625782,0.3670502237259388,0.14671427001624116,2.0,411.74613162655874,0.0,liquid,0.075,6.0,0.175,0.0,5.295372641173409e-16,0.09992119663748847,0.09988442025012582,0.05233765978795989,0.9188188414774329,0.0288434987346073,0.052768950720484036,0.9188853931647984,0.02834565611471753,0.6869866191102338,0.15075574931098004,0.16225763157878617,0.6876640203529745,0.14978163745946974,0.16255434218755582,411.74613162655874,411.79124035492913,411.74613162655874,411.6580598344876
296,296.0,0.001171,60.45587374903224,12.306450005420643,12.61641469807928,1257.3848574161989,0.07079382816011676,0.014410852956347572,0.014773821611450837,0.09997850272791517,0.7080905017429341,0.14413951562733188,0.14776998262973398,2.0,413.24721837888,0.35000000000582077,13.123841403033689,6976.954207642721,0.8132125233817608,0.03254817829537036,0.15423929832286892,0.5128638901321212,0.35138057066799705,0.1357555391998817,2.0,413.24721837888,0.0,liquid,0.075,6.0,0.175,0.0,8.879819690612984e-16,0.09997850272791517,0.10027714892909433,0.05626889538800267,0.9163316051999448,0.027399499412052435,0.054891657366293256,0.9186997866561896,0.026408555977517147,0.7080905017429341,0.14413951562733188,0.14776998262973398,0.7065249409906538,0.14468148145965598,0.14879357754969014,413.24721837888,413.2210762581627,413.24721837888,413.2822396286659
297,297.0,0.001171,60.69413660569195,11.258708290842792,11.833352590987728,1256.790241570751,0.07107283396526527,0.013183947408576908,0.013856855884046629,0.09811363725788881,0.7243930196823956,0.13437426006257713,0.14123272025502726,2.0,415.10870864541585,0.35000000000582077,12.898657686840941,6880.020130891661,0.8238784126198843,0.030073751194818803,0.14604783618529688,0.5396344328023908,0.3280752050986081,0.13229036209900114,2.0,415.10870864541585,0.0,liquid,0.075,6.0,0.175,0.0,0.0,0.09811363725788881,0.09842541013896787,0.061369076413310936,0.9107127219285456,0.02791820165814343,0.059856118800521614,0.9131765145572901,0.026967366642188365,0.7243930196823956,0.13437426006257713,0.14123272025502726,0.726571436168812,0.13378265235999254,0.13964591147119543,415.10870864541585,415.04275887579854,415.10870864541585,415.1933259917186
298,298.0,0.001171,60.66663891673213,11.003934563468947,12.430153636232678,1256.836067101435,0.07104063417149332,0.012885607373822137,0.014555709908028465,0.09848195145334393,0.7213568894920711,0.13084232373204674,0.14780078677588215,2.0,415.5946633407102,0.35000000000582077,12.910359070321489,6894.321306772976,0.8183186096740122,0.029215523299782265,0.15246586702620565,0.541285123443831,0.31957781024498405,0.1391370663111851,2.0,415.5946633407102,0.0,liquid,0.075,6.0,0.175,0.0,0.0,0.09848195145334393,0.09878503069582416,0.06254388771400526,0.9075549396359214,0.029901172650073325,0.06310994042327202,0.9079009121403757,0.02898914743635233,0.7213568894920711,0.13084232373204674,0.14780078677588215,0.7228245514870467,0.1305739802863928,0.1466014682265604,415.5946633407102,415.7624202856978,415.5946633407102,415.54991697688956
299,299.0,0.001171,62.67974969333876,10.848440950893549,11.137739647609507,1256.9126928708313,0.07339798689089969,0.012703524353496346,0.013042293127350732,0.09914380437174677,0.7403184430535739,0.1281323067436829,0.1315492502027431,2.0,416.37836599978664,0.35000000000582077,13.079815701512631,6992.678108889027,0.836331549668582,0.0285039893140525,0.13516446101736546,0.5620083879152673,0.313156324823286,0.12483528726144671,2.0,416.37836599978664,0.0,liquid,0.075,6.0,0.175,0.0,9.839864511423289e-16,0.09914380437174677,0.09915537838186432,0.06552736691113234,0.9073039047933559,0.02716872829551174,0.0654381157250471,0.9078176182105688,0.026744266064384067,0.7403184430535739,0.1281323067436829,0.1315492502027431,0.7415669314501042,0.12781944669530734,0.13061362185458839,416.37836599978664,416.3595468140815,416.37836599978664,416.3357574427635
300,300.0,0.001171,60.67346003269067,11.17918145839376,11.190774005670836,1255.582290888132,0.07104862169828077,0.013090821487779092,0.013104396360640548,0.09724383954670042,0.730623369351437,0.13461851721200654,0.13475811343655644,2.0,415.19382478969294,0.35000000000582077,12.809590981846359,6828.96364826068,0.8305910427010393,0.030116185096150303,0.1392927722028104,0.5449691188489378,0.3286942768516574,0.12633660429940485,2.0,415.19382478969294,0.0,liquid,0.075,6.0,0.175,0.0,5.182050642492555e-15,0.09724383954670042,0.09699731318985226,0.061841032156789676,0.9115446782598227,0.026614289583387726,0.06220823356870999,0.9119037494109697,0.025888017020320307,0.730623369351437,0.13461851721200654,0.13475811343655644,0.729252275723305,0.13553806397194432,0.13520966030475076,415.19382478969294,415.14948780174024,415.19382478969294,415.19635107280277
301,301.0,0.001171,60.55614616283609,10.459769710818223,12.002938817082534,1255.117216875954,0.07091124715668107,0.01224839033136814,0.014055441354803647,0.09721507884285285,0.7294264223280459,0.1259927006917058,0.1445808769802483,2.0,416.4934707397291,0.35000000000582077,12.745626458546715,6812.888718650625,0.823519754537095,0.028012709153829175,0.14846753630907567,0.5546816625150696,0.3079555421152034,0.13736279536972704,2.0,416.4934707397291,0.0,liquid,0.075,6.0,0.175,0.0,0.0,0.09721507884285285,0.09689902324202229,0.06544172565995651,0.9042918656561095,0.030266408683933946,0.0666075770480201,0.9043238922984406,0.029068530653539287,0.7294264223280459,0.1259927006917058,0.1445808769802483,0.7297866910481314,0.12669692488523362,0.14351638406663503,416.4934707397291,416.60308497636464,416.4934707397291,416.5477383743851
302,302.0,0.001171,61.8290301942684,10.5771600595264,10.961836761483594,1255.4028061262454,0.0724017943574883,0.012385854429705415,0.01283631084769729,0.097623959634891,0.7416395998304882,0.12687310037441552,0.13148729979509627,2.0,416.5951169557395,0.35000000000582077,12.868644171824565,6878.329503566034,0.8368527909728728,0.028194853268149567,0.13495235575897765,0.5648151019985419,0.31013270213914196,0.125052195862316,2.0,416.5951169557395,0.0,liquid,0.075,6.0,0.175,0.0,2.5914840410945647e-15,0.097623959634891,0.097724884720825,0.06622792513797508,0.9063747076655674,0.027397367196457408,0.0667457453755695,0.9054433898467875,0.02781086477764304,0.7416395998304882,0.12687310037441552,0.13148729979509627,0.7418872241153058,0.12705728762438212,0.131055488260312,416.5951169557395,416.52288091985275,416.5951169557395,416.5936835552883
303,303.0,0.001171,61.82757774244165,10.18587901433322,10.805095741456364,1255.1872049389035,0.07240009353639916,0.011927664325784201,0.012652767113245401,0.09698052497542875,0.7465426028034252,0.12299030479373282,0.13046709240284213,2.0,417.2749179709944,0.35000000000582077,12.784812256960278,6841.788047895314,0.8393126662335813,0.02724411017860542,0.13344322358781335,0.5742553421510928,0.30080466621803686,0.12493999163087041,2.0,417.2749179709944,0.0,liquid,0.075,6.0,0.175,0.0,0.0,0.09698052497542875,0.09709087330596505,0.0685518424345409,0.9034942642024877,0.02795389336297143,0.0688044676264506,0.9051531985072372,0.026042333866312294,0.7465426028034252,0.12299030479373282,0.13046709240284213,0.7468549453959445,0.12218972890124699,0.13095532570280838,417.2749179709944,417.21544523661703,417.2749179709944,417.37231760477033
304,304.0,0.001171,62.056449174191215,9.636690906487654,10.548866512873769,1254.5356353981222,0.0726681019829779,0.011284565051497043,0.012352722686575182,0.09630538972105013,0.754559035516725,0.11717480282446226,0.12826616165881277,2.0,418.29297977222274,0.35000000000582077,12.699058679782452,6807.017143023356,0.8436568613969191,0.025831441655376288,0.13051169694770456,0.5890916446000106,0.2868124735633124,0.124095881836677,2.0,418.29297977222274,0.0,liquid,0.075,6.0,0.175,0.0,0.0,0.09630538972105013,0.0966773204942596,0.07236011377073687,0.8989390268328517,0.028700859396411385,0.07258638899556284,0.8997817123442995,0.027631898660137717,0.754559035516725,0.11717480282446226,0.12826616165881277,0.7559991898630247,0.1143920530805784,0.1296087570563969,418.29297977222274,418.2940044406244,418.29297977222274,418.246786253296
305,305.0,0.001171,60.51264786264638,10.886900474793402,11.037600841532674,1254.4869508127858,0.0708603106471589,0.012748560455983073,0.01292503058543476,0.09653390168857674,0.7340458575450297,0.13206303933627975,0.1338911031186905,2.0,415.65525839769435,0.35000000000582077,12.711013055926731,6779.337581807372,0.8324455123262752,0.029479586909003548,0.13807490076472123,0.5513036415265544,0.3225751652686489,0.12612119320479664,2.0,415.65525839769435,0.0,liquid,0.075,6.0,0.175,0.0,0.0,0.09653390168857674,0.09685245767085342,0.06321713454451812,0.909877424170867,0.026905441284614754,0.06321154908727647,0.9089698918588947,0.027818559053828934,0.7340458575450297,0.13206303933627975,0.1338911031186905,0.7329319439220682,0.13179470871331103,0.13527334736462088,415.65525839769435,415.65528540810317,415.65525839769435,415.522418877148
306,306.0,0.001171,61.45509979371097,11.114658007153508,10.64582111972646,1254.7609660188095,0.07196392185843555,0.013015264526376758,0.012466256531199683,0.09744544291601198,0.7385047438335428,0.13356462998064042,0.12793062618581685,2.0,415.51149953130584,0.35000000000582077,12.864563084814959,6858.9296878389305,0.8381408639828917,0.02983519809326098,0.13202393792384723,0.5534662349885212,0.3262050034818493,0.12032876152962955,2.0,415.51149953130584,0.0,liquid,0.075,6.0,0.175,0.0,0.0,0.09744544291601198,0.09740678767600637,0.06300063194903395,0.9115344122112641,0.025464955839701924,0.06305066625485445,0.911511310045375,0.02543802369977054,0.7385047438335428,0.13356462998064042,0.12793062618581685,0.7403175058686621,0.1324796156425491,0.12720287848878883,415.51149953130584,415.53746066609614,415.51149953130584,415.70919706811713
307,307.0,0.001171,62.18403981225193,11.05652875902516,10.789315907914371,1255.0380581062748,0.072817510620147,0.01294719517681846,0.012634288928167729,0.0983989947251332,0.7400229120587537,0.13157853098992559,0.1283985569513208,2.0,415.846350916707,0.35000000000582077,12.988112009365002,6930.297174247725,0.8383723149791549,0.029344731671286556,0.13228295334955859,0.5573740209247975,0.3214413011490252,0.12118467792617726,2.0,415.846350916707,0.0,liquid,0.075,6.0,0.175,0.0,3.9001337840968756e-15,0.0983989947251332,0.09803170890200016,0.06398315587614788,0.9101134055281311,0.025903438595720977,0.0638697027183725,0.9112045651619385,0.024925732119688883,0.7400229120587537,0.13157853098992559,0.1283985569513208,0.7408761621250207,0.1296266429702207,0.12949719490475853,415.846350916707,416.0555178256466,415.846350916707,415.78588754305275
308,308.0,0.001171,60.94623651898996,10.566771948242916,10.461656919925264,1253.8973060785984,0.07136804296373725,0.012373689951392455,0.012250600253232484,0.0959923331683622,0.7434764903418267,0.1289028982105277,0.12762061144764547,2.0,416.3221179015067,0.35000000000582077,12.664693582349384,6760.678345579643,0.8401516814849908,0.02868307261382063,0.13116524590118853,0.5639368496513169,0.3150254314574733,0.12103771889120989,2.0,416.3221179015067,0.0,liquid,0.075,6.0,0.175,0.0,1.747965725963121e-15,0.0959923331683622,0.09590043780803272,0.0654844021660444,0.9082874131399549,0.02622818469400077,0.06805585386664001,0.9054298025566359,0.02651434357672426,0.7434764903418267,0.1289028982105277,0.12762061144764547,0.7447848006099224,0.12794472008420912,0.1272704793058686,416.3221179015067,416.35574272614195,416.3221179015067,416.26527369313493
309,309.0,0.001171,62.18831828580277,11.176198103786254,10.634660618673651,1254.477041215271,0.07282252071267505,0.013087327979533702,0.012453187584466846,0.09836303627667559,0.740344375989369,0.13305128099870422,0.1266043430119269,2.0,415.6265274995709,0.35000000000582077,12.99015545218532,6926.389393767757,0.8397163638363493,0.029704249212136918,0.1305793869515138,0.5557963985631196,0.3249814828840321,0.11922211855284831,2.0,415.6265274995709,0.0,liquid,0.075,6.0,0.175,0.0,5.196934816229832e-15,0.09836303627667559,0.09842713883636231,0.06338642473532362,0.9113213020837602,0.02529227318091621,0.06370799025337105,0.9102902978594597,0.02600171188716924,0.740344375989369,0.13305128099870422,0.1266043430119269,0.7388975354373265,0.13383968796785864,0.12726277659481483,415.6265274995709,415.38872210329583,415.6265274995709,415.6199471674637
310,310.0,0.001171,61.793316986344905,9.555461644627709,10.681927070817956,1254.0430134268402,0.07235997419100988,0.011189445585859046,0.012508536599927825,0.09605795637679676,0.7532949577562402,0.11648640058474019,0.1302186416590195,2.0,418.3712173427805,0.35000000000582077,12.653025693281231,6782.324204788729,0.841884509467568,0.025670219334043776,0.1324452711983882,0.5887715045815939,0.2851450229038396,0.12608347251456647,2.0,418.3712173427805,0.0,liquid,0.075,6.0,0.175,0.0,3.5322356669330807e-15,0.09605795637679676,0.09599972126608647,0.07259939199697701,0.8981174528031297,0.02928315519989335,0.07103287008373894,0.9000091621144942,0.02895796780176683,0.7532949577562402,0.11648640058474019,0.1302186416590195,0.7538266770322838,0.11643046271570484,0.12974286025201134,418.3712173427805,418.4038472371236,418.3712173427805,418.37793545374586
311,311.0,0.001171,61.79437891737855,11.11226164612925,9.717327390251006,1254.0734920487296,0.07236121771225028,0.01301245838761735,0.011378990373983927,0.09675266647385156,0.7478989504832579,0.1344919872687344,0.11760906224800761,2.0,415.55279479655553,0.35000000000582077,12.821615141813815,6832.662433680367,0.8486167287255962,0.0300364386009324,0.1213468326734714,0.5608516480371467,0.32848086336198906,0.11066748860086409,2.0,415.55279479655553,0.0,liquid,0.075,6.0,0.175,0.0,1.3172600367887285e-15,0.09675266647385156,0.09658492808616344,0.0634798270756552,0.9132279797278949,0.023292193196449883,0.06362807932648903,0.9125381312887061,0.02383378938480489,0.7478989504832579,0.1344919872687344,0.11760906224800761,0.7480347719509034,0.13293615085208302,0.11902907719701362,415.55279479655553,415.5565827960045,415.55279479655553,415.5141264323067
312,312.0,0.001171,62.378806242161566,10.128106016521189,10.292607943972566,1253.8427931670683,0.0730455821095712,0.011860012145346311,0.012052643902391875,0.09695823815730938,0.753371590674521,0.12232082977935405,0.12430757954612508,2.0,417.50485451763933,0.35000000000582077,12.803707160045658,6849.920790801969,0.8459393461982463,0.027066368242481483,0.12699428555927225,0.5814600447056193,0.2992219726297066,0.11931798266467424,2.0,417.50485451763933,0.0,liquid,0.075,6.0,0.175,0.0,5.231803578503376e-15,0.09695823815730938,0.09703179595565803,0.06956924919848688,0.9036463168425528,0.026784433958960303,0.06897549038781364,0.904502020326282,0.026522489285904314,0.753371590674521,0.12232082977935405,0.12430757954612508,0.7547515707645125,0.12138619142061369,0.1238622378148738,417.50485451763933,417.5091995200745,417.50485451763933,417.5031111279444
313,313.0,0.001171,61.340761232731765,10.819798134450789,10.459744197735402,1254.7598653934112,0.0718300314035289,0.012669983615441874,0.012248360455548155,0.09674837547451892,0.7424417314629445,0.13095810191437093,0.12660016662268467,2.0,415.98844069884177,0.35000000000582077,12.776977076639938,6818.414785629347,0.8404768935361832,0.02918663126315536,0.13033647520066133,0.5603764304735451,0.31996226169129804,0.11966130783515687,2.0,415.98844069884177,0.0,liquid,0.075,6.0,0.175,0.0,1.3169794762148961e-15,0.09674837547451892,0.09660210419615108,0.06447890560801944,0.9098664295503499,0.025654664841630634,0.06614240547498487,0.908257633288473,0.02559996123654214,0.7424417314629445,0.13095810191437093,0.12660016662268467,0.7431125234920002,0.12994094985959107,0.12694652664840878,415.98844069884177,416.0130354297814,415.98844069884177,415.9844644756989
314,314.0,0.001171,61.936557136171416,10.43536999371286,10.801765991572449,1254.028070018065,0.07252770840645673,0.012219818262637757,0.012648867976131337,0.09739639464522581,0.7446652278109958,0.12546479063367208,0.12986998155533225,2.0,416.8663722267497,0.35000000000582077,12.83671429842662,6860.631632535195,0.8390450402293418,0.027846053319655298,0.13310890645100304,0.5693884333234952,0.30675673135586234,0.12385483532064251,2.0,416.8663722267497,0.0,liquid,0.075,6.0,0.175,0.0,2.4839645303911766e-15,0.09739639464522581,0.09721288052876442,0.06717847490581069,0.9054842873674437,0.027337237726745522,0.06718893387414862,0.9043904602864369,0.028420605839414397,0.7446652278109958,0.12546479063367208,0.12986998155533225,0.7462641296120291,0.1237531963636227,0.12998267402434815,416.8663722267497,416.86350439798224,416.8663722267497,416.8838541594518
315,315.0,0.000888,66.01899687635996,12.443988801789803,13.35351380679426,1252.9061298298534,0.058624869226207646,0.011050262055989345,0.011857920260433303,0.0815330515426303,0.7190319522820153,0.13553107417071977,0.14543697354726484,2.0,414.82284057080307,0.35000000000582077,10.680504528673557,5685.001338960188,0.8190140595777209,0.030374081852509845,0.15061185856976936,0.5333508958795297,0.33082263132908735,0.135826472791383,2.0,414.82284057080307,0.0,liquid,0.075,6.0,0.175,0.0,0.0,0.0815330515426303,0.08160923264260737,0.06041843180239293,0.9110666012435572,0.02851496695404988,0.060075794482350786,0.9104373785957512,0.02948682692189786,0.7190319522820153,0.13553107417071977,0.14543697354726484,0.7197223004673293,0.13524742661178205,0.14503027292088866,414.82284057080307,414.8175793614975,414.82284057080307,414.58709182490435
316,316.0,0.000888,64.05139461989891,10.351774765961162,12.567719183445538,1251.560053993344,0.056877638422470234,0.009192375992173513,0.011160134634899638,0.07723014904954338,0.736469359731302,0.11902574454798183,0.14450489572071623,2.0,417.6779087437951,0.35000000000582077,10.103438569117365,5404.95463273028,0.8261864321429949,0.026315727935648146,0.147497839921357,0.5698519395418807,0.291201489681326,0.13894657077679323,2.0,417.6779087437951,0.0,liquid,0.075,6.0,0.175,0.0,1.9963744757761446e-16,0.07723014904954338,0.07713701120890282,0.06950639148355725,0.8986714668148361,0.031822141701606646,0.0691172034176594,0.9005765841028479,0.03030621247949259,0.736469359731302,0.11902574454798183,0.14450489572071623,0.7347266413374043,0.12088332085933291,0.1443900378032627,417.6779087437951,417.7392131647722,417.6779087437951,417.8659963744959
317,317.0,0.000888,64.83329904242224,10.881459176619993,12.000918431795176,1247.186126349862,0.05757196954967095,0.009662735748838554,0.010656815567434117,0.07789152086594361,0.7391301249433306,0.12405375631923726,0.13681611873743219,2.0,416.97347920592125,0.35000000000582077,10.200543332928616,5438.23615638654,0.8323291439420784,0.027518917223053607,0.1401519388348681,0.566046232520851,0.30333274320824866,0.13062102427090028,2.0,416.97347920592125,0.0,liquid,0.075,6.0,0.175,0.0,0.0,0.07789152086594361,0.07794856185226634,0.06729968608109418,0.9036329139587242,0.02906739996018155,0.06777572418133301,0.9025355909905348,0.02968868482813215,0.7391301249433306,0.12405375631923726,0.13681611873743219,0.7409945619722363,0.12254511793171409,0.13646032009604953,416.97347920592125,416.9192711262018,416.97347920592125,416.9587503745678
318,318.0,0.000888,64.82038707089407,11.609464933543642,13.124577628772716,1244.5136449072688,0.05756050371895394,0.010309204860986753,0.011654624934350172,0.07952433351429086,0.7238099481664951,0.129635853648923,0.1465541981845819,2.0,415.82809621108447,0.35000000000582077,10.3631580988408,5507.810463339587,0.8200842313866161,0.028913985660776215,0.15100178295260752,0.5450148507616092,0.31669075133710445,0.13829439790128645,2.0,415.82809621108447,0.0,liquid,0.075,6.0,0.175,0.0,2.968751803784559e-15,0.07952433351429086,0.07958951261778308,0.0632886995197323,0.9068109228787151,0.02990037760155253,0.06469537684732736,0.9051935765225894,0.030111046630083172,0.7238099481664951,0.129635853648923,0.1465541981845819,0.7239536977029607,0.12859861449126261,0.14744768780577663,415.82809621108447,415.7333275775205,415.82809621108447,415.8861584730292
319,319.0,0.000888,63.17223490789596,10.301306827789022,12.087336033454903,1241.649629837591,0.056096944598211615,0.00914756046307665,0.010733554397707954,0.07597805945899622,0.7383308417936888,0.12039739535613435,0.14127176285017692,2.0,417.50792476280225,0.35000000000582077,9.901487036336222,5272.656882700785,0.8290367613391355,0.02664037644323938,0.14432286221762505,0.5698769912129471,0.2945175733334422,0.13560543545361056,2.0,417.50792476280225,0.0,liquid,0.075,6.0,0.175,0.0,0.0,0.07597805945899622,0.07571834464581349,0.06900445220644152,0.9001879204665708,0.03080762732698778,0.06808844009587253,0.9003191247538325,0.03159243515029496,0.7383308417936888,0.12039739535613435,0.14127176285017692,0.7386609511559894,0.12036079162756613,0.14097825721644452,417.50792476280225,417.8103029080645,417.50792476280225,417.3701146286488
320,320.0,0.000888,62.57309578629809,10.756053337349805,11.580944505871082,1239.007848244602,0.055564909058232706,0.009551375363566627,0.010283878721213521,0.07540016314301284,0.7369335388948927,0.12667579174133034,0.13639066936377714,2.0,416.5344366228665,0.35000000000582077,9.835107647090297,5220.814527325636,0.8318128358898452,0.028159110645412096,0.14002805346474248,0.5607291301936895,0.309635342344184,0.12963552746212648,2.0,416.5344366228665,0.0,liquid,0.075,6.0,0.175,0.0,2.347051027252984e-15,0.07540016314301284,0.07529130616526111,0.06586090048102111,0.905697056561325,0.028442042957653773,0.06613638528936269,0.9066651818668287,0.027198432843808667,0.7369335388948927,0.12667579174133034,0.13639066936377714,0.737648929805892,0.12612952837832153,0.13622154181578652,416.5344366228665,416.4628508784884,416.5344366228665,416.48733659674156
321,321.0,0.000888,61.76888018260697,10.646893887005906,12.110139886937672,1236.992597947745,0.05485076560215499,0.009454441771661245,0.010753804219600652,0.07505901159341688,0.7307685571357261,0.12596011552716016,0.14327132733711384,2.0,416.52430540817437,0.35000000000582077,9.752996789169439,5173.737269593679,0.8248988614180476,0.02800136699973331,0.14709977158221926,0.5559551349007673,0.307883505645738,0.13616135945349458,2.0,416.52430540817437,0.0,liquid,0.075,6.0,0.175,0.0,0.0,0.07505901159341688,0.0753827659414227,0.06558755945732395,0.9044085420171807,0.03000389852549526,0.06413109387318768,0.9038387223691327,0.03203018375767955,0.7307685571357261,0.12596011552716016,0.14327132733711384,0.7308872172263564,0.12528654486310098,0.14382623791054255,416.52430540817437,416.5343196994204,416.52430540817437,416.45707382154234
322,322.0,0.000888,63.37160394687478,9.644687585281885,10.670848306629468,1233.8335704361652,0.0562739843048248,0.008564482575730314,0.009475713296286967,0.07431418017684208,0.7572442321359417,0.11524694957745352,0.12750881828660485,2.0,418.6275920691902,0.35000000000582077,9.694644736132974,5154.673835912812,0.8451147839765084,0.025366447321242224,0.12951876870224943,0.5940560644355511,0.28216788233538914,0.12377605322905966,2.0,418.6275920691902,0.0,liquid,0.075,6.0,0.175,0.0,3.513741280401958e-15,0.07431418017684208,0.07405510321797462,0.07370117290798942,0.897341702712518,0.028957124379492497,0.0749970675809359,0.8946516703332965,0.0303512620857676,0.7572442321359417,0.11524694957745352,0.12750881828660485,0.7576952933836758,0.11519066779852831,0.12711403881779593,418.6275920691902,418.47802604410265,418.6275920691902,418.77456444564103
323,323.0,0.000888,62.04748459104034,8.395459411030123,10.890825887363633,1230.9724442188012,0.05509816631684382,0.007455167956994749,0.009671053387978907,0.07222438766181748,0.7628748141809765,0.10322230756600843,0.13390287825301503,2.0,420.4784382080178,0.35000000000582077,9.379387116961354,4999.494346093588,0.8427543208795665,0.022523489180380527,0.13472218994005297,0.6145271588869932,0.25309154170731313,0.13238129940569368,2.0,420.4784382080178,0.0,liquid,0.075,6.0,0.175,0.0,2.2526069661937795e-15,0.07222438766181748,0.0717657654474118,0.08173863535236803,0.8847848062648327,0.03347655838279939,0.08275051260669916,0.8840458455474588,0.03320364184584211,0.7628748141809765,0.10322230756600843,0.13390287825301503,0.7634774254028317,0.10296032011399664,0.13356225448317183,420.4784382080178,420.4900850495229,420.4784382080178,420.4198568473342
324,324.0,0.000888,61.14186856091204,8.573799250718572,10.584887257073229,1229.7869777465112,0.05429397928208989,0.007613533734638092,0.009399379884281028,0.07130689290100901,0.7614127761458194,0.10677135722639737,0.13181586662778325,2.0,419.94084451192214,0.35000000000582077,9.262977886253314,4929.684275450132,0.8436518068035325,0.023356538583530855,0.13299165461293672,0.60868314778473,0.26168459184558274,0.12963226036968736,2.0,419.94084451192214,0.0,liquid,0.075,6.0,0.175,0.0,5.461938472940404e-15,0.07130689290100901,0.07090860572218743,0.07922559573683478,0.8887714678716377,0.03200293639152747,0.0802940702179777,0.8890224245151629,0.030683505266859333,0.7614127761458194,0.10677135722639737,0.13181586662778325,0.7611666288688635,0.10841797184305282,0.13041539928808357,419.94084451192214,419.8475219568532,419.94084451192214,420.01665251061615
325,325.0,0.000888,62.3541373069929,8.629714671257016,10.117544054365078,1227.5658387196313,0.05537047392860969,0.0076631866280762306,0.008984379120276189,0.07201803967696212,0.7688417260032999,0.10640648735302373,0.12475178664367625,2.0,420.1279519971685,0.35000000000582077,9.370006176255096,4982.7443098007425,0.851000712550695,0.023256353897149088,0.12574293355215604,0.6162607509899866,0.26082816376776,0.12291108524225333,2.0,420.1279519971685,0.0,liquid,0.075,6.0,0.175,0.0,2.1923240734159343e-15,0.07201803967696212,0.07202432900082477,0.08031819119010485,0.8892729211786773,0.03040888763121781,0.0810707731992179,0.8886902558278583,0.030238970972923874,0.7688417260032999,0.10640648735302373,0.12475178664367625,0.77030951498432,0.10460809542667622,0.12508238958900383,420.1279519971685,420.0837047028835,420.1279519971685,420.0629099519012
326,326.0,0.000888,62.4211267831175,7.9196331276125775,9.245706003563884,1226.1353169432718,0.05542996058340834,0.007032634217319969,0.008210186931164728,0.07067278173189304,0.7843183645111007,0.09950979776060377,0.11617183772829555,2.0,421.38903057388393,0.35000000000582077,9.216841581844887,4908.759297724158,0.8620470666796071,0.02162142279482874,0.11633151052556412,0.6399650604871883,0.24415963697943666,0.11587530253337495,2.0,421.38903057388393,0.0,liquid,0.075,6.0,0.175,0.0,0.0,0.07067278173189304,0.07067933676201948,0.0869901944311269,0.8829451964081376,0.030064609160735372,0.0880702526332212,0.8823834998560729,0.029546247510705774,0.7843183645111007,0.09950979776060377,0.11617183772829555,0.7841413803202513,0.09977553019205773,0.11608308948769097,421.38903057388393,421.49353704046104,421.38903057388393,421.3437686799185
327,327.0,0.000888,62.015300539295644,7.50763941079375,9.015323475970677,1224.665010488607,0.05506958687889453,0.006666783796784851,0.008005607246661961,0.06974197792234134,0.7896189428440828,0.09559212393156395,0.1147889332243533,2.0,422.0336771245233,0.35000000000582077,9.09215593560664,4844.957034773059,0.8647307020464778,0.020708057075984884,0.11456124087753727,0.650125675756963,0.23466253380317742,0.11521179043985955,2.0,422.0336771245233,0.0,liquid,0.075,6.0,0.175,0.0,0.0,0.06974197792234134,0.06971737068129388,0.09071044120514304,0.8785203360331323,0.030769222761724734,0.09130995707613845,0.8767122822868434,0.03197776063701829,0.7896189428440828,0.09559212393156395,0.1147889332243533,0.7896755972820196,0.09569795574304886,0.11462644697493146,422.0336771245233,422.0808780813611,422.0336771245233,422.0091221080032
328,328.0,0.000888,60.672584495688845,8.288125508406281,9.06306337740427,1223.4348320283634,0.053877255032171695,0.007359855451464778,0.00804800027913499,0.06928511076277147,0.7776166399826443,0.10622564314957267,0.11615771686778296,2.0,420.3121489845869,0.35000000000582077,9.024422249018015,4791.117832590237,0.8598340597469197,0.023196843049243906,0.1169690972038365,0.6249271461379435,0.2604219861897695,0.11465086767228702,2.0,420.3121489845869,0.0,liquid,0.075,6.0,0.175,0.0,0.0,0.06928511076277147,0.06953748659312449,0.08145394898674964,0.8901556549389765,0.02839039607427387,0.08210753497993142,0.8888472520966035,0.029045212923464982,0.7776166399826443,0.10622564314957267,0.11615771686778296,0.7775129084528181,0.1060288047420801,0.1164582868051018,420.3121489845869,420.3689899370444,420.3121489845869,420.4405334972698
329,329.0,0.000888,63.40128216961298,7.695340382284275,8.714830091285794,1222.3599818648709,0.05630033856661633,0.0068334622594684365,0.007738769121061785,0.07087256994714655,0.7943882747387669,0.09641899912144448,0.1091927261397886,2.0,422.0008567765119,0.35000000000582077,9.248161741680478,4922.228048665269,0.8701148344034649,0.02089036492620709,0.1089948006703278,0.65375323536461,0.23668646262375378,0.10956030201163611,2.0,422.0008567765119,0.0,liquid,0.075,6.0,0.175,0.0,0.0,0.07087256994714655,0.07030427801119486,0.09065574190580442,0.8802683702293159,0.029075887864879746,0.09091056329698037,0.8802542047111661,0.02883523199185353,0.7943882747387669,0.09641899912144448,0.1091927261397886,0.7959561880293422,0.09589404572158201,0.10814976624907567,422.0008567765119,421.8237362926727,422.0008567765119,421.8118715106089
330,330.0,0.000888,63.282803221488095,7.019778070195434,7.862431611687528,1221.1221157293417,0.05619512926068143,0.006233562926333545,0.006981839271178525,0.0694105314581935,0.8096052296405222,0.0898071631981102,0.10058760716136775,2.0,423.1818606172649,0.35000000000582077,9.080396504441591,4839.7548249921865,0.8808616566912575,0.019351691081527678,0.09978665222721478,0.6772718651207612,0.22065303998304966,0.10207509489618911,2.0,423.1818606172649,0.0,liquid,0.075,6.0,0.175,0.0,4.533685299830164e-15,0.0694105314581935,0.06949297740013313,0.098385802658744,0.8730921700863126,0.028522027254943436,0.09741206414238848,0.8742785738021976,0.028309362055413814,0.8096052296405222,0.0898071631981102,0.10058760716136775,0.8090512184939037,0.09024710412852226,0.10070167737757395,423.1818606172649,423.36555013424777,423.1818606172649,423.0502942617374
331,331.0,0.000888,62.65654527484096,6.366242063653091,8.147107821976443,1220.326366330022,0.05563901220405877,0.005653222952523945,0.0072346317459150815,0.0685268669024978,0.8119299001838756,0.08249644567243283,0.10557365414369148,2.0,424.2210620905591,0.35000000000582077,8.942742258447181,4774.441931898746,0.8781466584968057,0.0176913974634764,0.10416194403971779,0.6889559204626103,0.20284867805780568,0.10819540147958405,2.0,424.2210620905591,0.0,liquid,0.075,6.0,0.175,0.0,1.912601432693088e-15,0.0685268669024978,0.06884786830599221,0.10602397336801556,0.8618084843973985,0.03216754223458591,0.10609138605361287,0.861835483868147,0.032073130078240204,0.8119299001838756,0.08249644567243283,0.10557365414369148,0.8117220924241413,0.08246514712558527,0.10581276045027334,424.2210620905591,424.1018739594649,424.2210620905591,424.0263315739901
332,332.0,0.000888,62.81192665278352,5.947916467438318,8.07377179732373,1219.8199799659037,0.055776990867671766,0.005281749823085226,0.007169509356023472,0.06822825004678046,0.8175058107078589,0.07741294580271095,0.1050812434894303,2.0,425.00004370704767,0.35000000000582077,8.90282103863967,4758.70146420814,0.8802078018751567,0.01654192983012627,0.10325026829471706,0.7010592556856191,0.19045911832056325,0.10848162599381767,2.0,425.00004370704767,0.0,liquid,0.075,6.0,0.175,0.0,0.0,0.06822825004678046,0.06799741052270551,0.1126703575222833,0.8535371043190296,0.033792538158687206,0.11346377320697651,0.8530371537783675,0.033499073014655927,0.8175058107078589,0.07741294580271095,0.1050812434894303,0.8180702234785119,0.07734604238673101,0.10458373413475713,425.00004370704767,425.15289978847704,425.00004370704767,424.8912934950715
333,333.0,0.000888,61.83178941506461,5.355095824102995,7.703285635182485,1219.1638275498624,0.05490662900057738,0.004755325091803459,0.006840517644042047,0.06650247173642289,0.8256329060699475,0.07150599019312849,0.10286110373692393,2.0,425.92067953089276,0.35000000000582077,8.682101527489486,4646.7563703592,0.884208141139458,0.015215429537495894,0.10057642932304614,0.7168503266577398,0.17604560283680742,0.10710407050545281,2.0,425.92067953089276,0.0,liquid,0.075,6.0,0.175,0.0,0.0,0.06650247173642289,0.06642669752097603,0.12166491900687623,0.8429674196746632,0.03536766131846073,0.12205537419693557,0.8413161190000358,0.03662850680302861,0.8256329060699475,0.07150599019312849,0.10286110373692393,0.8269404640705788,0.07097622627831277,0.10208330965110837,425.92067953089276,426.0228339174909,425.92067953089276,425.83951952577354
334,334.0,0.000888,61.714694762816656,6.086504230947119,6.508040853878634,1218.9717911422654,0.054802648949381194,0.005404815757081041,0.005779140278244227,0.06598660498470646,0.8305117222212396,0.08190777140805625,0.08758050637070422,2.0,424.6095792774879,0.35000000000582077,8.664922148506625,4624.413586172151,0.8962338374685077,0.017533805833990716,0.08623235669750158,0.7084563653361583,0.2014594217572452,0.09008421290659654,2.0,424.6095792774879,0.0,liquid,0.075,6.0,0.175,0.0,9.834627862878237e-17,0.06598660498470646,0.06583756264009143,0.10945806144584584,0.8636088460446327,0.026933092509521438,0.11013720145423585,0.8627575258741069,0.027105272671657313,0.8305117222212396,0.08190777140805625,0.08758050637070422,0.8315435514123107,0.08221873511732744,0.08623771347036183,424.6095792774879,424.6673125516664,424.6095792774879,424.4481311520789
335,335.0,0.000888,61.93131984200812,6.185913383494393,7.51192933929402,1218.4009021720706,0.054995012019703214,0.005493091084543021,0.0066705932532930895,0.06715869635753932,0.8188814703448216,0.08179269971678597,0.09932582993839248,2.0,424.4322677230357,0.35000000000582077,8.775975108653979,4682.572057399398,0.8845880434836088,0.017523447284678393,0.09788850923171284,0.6968549773755741,0.2011498828022608,0.10199513982216511,2.0,424.4322677230357,0.0,liquid,0.075,6.0,0.175,0.0,0.0,0.06715869635753932,0.06697850701389806,0.10783187339398605,0.8616494923690328,0.03051863423698134,0.10927077614768448,0.8598220493427904,0.030907174509525234,0.8188814703448216,0.08179269971678597,0.09932582993839248,0.8200717613970493,0.08170524152747297,0.09822299707547767,424.4322677230357,424.3467692449449,424.4322677230357,424.35885294837425
336,336.0,0.000888,62.78480247066026,5.569428688637553,8.06026038637627,1218.6160114887557,0.055752904593946315,0.004945652675510147,0.007157511223102127,0.0678560684925586,0.8216347606413482,0.07288445654720638,0.10548078281144527,2.0,425.6728921956704,0.35000000000582077,8.846979264105283,4732.17174109907,0.8811998808293162,0.015526329844851123,0.10327378932583267,0.7110138231520101,0.17940669184907473,0.10957948499891518,2.0,425.6728921956704,0.0,liquid,0.075,6.0,0.175,0.0,0.0,0.0678560684925586,0.0677896519216805,0.11910316722220124,0.8452193146517007,0.03567751812609805,0.11964665744749689,0.8441658389204535,0.03618750363204972,0.8216347606413482,0.07288445654720638,0.10548078281144527,0.822371308222271,0.07346972981440404,0.10415896196332483,425.6728921956704,425.68805118015234,425.6728921956704,425.47142074757704
337,337.0,0.000888,62.88990499190445,6.124040905454293,6.988844483488432,1218.2537754655173,0.05584623563281115,0.005438148324043412,0.006206093901337728,0.06749047785819229,0.8274683689475802,0.08057652718758022,0.09195510386483959,2.0,424.73869635503297,0.35000000000582077,8.84377802228688,4720.096901134443,0.8922835480682825,0.01723860281520941,0.0904778491165081,0.7070973220119442,0.19820410101923613,0.09469857696881967,2.0,424.73869635503297,0.0,liquid,0.075,6.0,0.175,0.0,9.360284146537315e-16,0.06749047785819229,0.0677795028499865,0.1105036755253518,0.8608428067524228,0.0286535177222256,0.10921290855856318,0.8610297676853671,0.029757323756069695,0.8274683689475802,0.08057652718758022,0.09195510386483959,0.8272388489469518,0.08103874206452964,0.09172240898851866,424.73869635503297,424.6916042139685,424.73869635503297,424.6368974826562
338,338.0,0.000888,62.7575285024492,5.455325964744761,6.318946491574076,1217.5793628559766,0.055728685310174886,0.004844329456693348,0.00561122448451778,0.06618423925138602,0.8420235080213274,0.07319460813462321,0.08478188384404933,2.0,425.961346325718,0.35000000000582077,8.693333541285535,4647.684103582091,0.9015473009062324,0.015571848351909648,0.08288085074185798,0.7314793212375832,0.18020830487152076,0.08831237389089605,2.0,425.961346325718,0.0,liquid,0.075,6.0,0.175,0.0,3.4659361083200883e-15,0.06618423925138602,0.06654905736936934,0.12211350849872794,0.849197231893149,0.028689259608123192,0.12240921447814604,0.8484695887836969,0.02912119673815692,0.8420235080213274,0.07319460813462321,0.08478188384404933,0.842163997497081,0.07322784904492335,0.08460815345799566,425.961346325718,425.96425028286853,425.961346325718,426.081388365709
339,339.0,0.000888,62.10660249627948,5.905418939946347,7.372838444797118,1218.5485179256657,0.055150663016696175,0.0052440120186723555,0.006547080538979841,0.06694175557434837,0.8238604222956701,0.07833693594796946,0.09780264175636048,2.0,424.98042909391364,0.35000000000582077,8.753418268225284,4675.228475364802,0.8871506522750313,0.01674087830923693,0.09610846941573191,0.7063214237653556,0.19272961441719114,0.10094896181745329,2.0,424.98042909391364,0.0,liquid,0.075,6.0,0.175,0.0,1.8262844166733193e-15,0.06694175557434837,0.06687429048987695,0.1125642856148278,0.856255840781058,0.031179873604114238,0.11243568576614472,0.8557470085395092,0.031817305694346196,0.8238604222956701,0.07833693594796946,0.09780264175636048,0.8228724927888924,0.07888737711848928,0.09824013009261821,424.98042909391364,424.9554418680051,424.98042909391364,425.02078790094174
340,340.0,0.000888,61.13247091244072,5.877813651899806,7.299782457452028,1217.6164373447946,0.054285634170247364,0.0052194985228870274,0.006482206822217401,0.0659873395153518,0.8226674172493035,0.07909848406106332,0.0982340986896332,2.0,424.8584430642288,0.35000000000582077,8.622646099393872,4602.620039536521,0.8864921293402532,0.016913088552539864,0.09659478210720703,0.704135809083148,0.19458564714564086,0.10127854377121123,2.0,424.8584430642288,0.0,liquid,0.075,6.0,0.175,0.0,0.0,0.0659873395153518,0.06636446908077978,0.11147618951962598,0.8574641382432775,0.031059672237096554,0.11085960372883703,0.8583622356272163,0.030778160643946773,0.8226674172493035,0.07909848406106332,0.0982340986896332,0.823213379843625,0.07835906879777466,0.09842755135860028,424.8584430642288,424.6545820135716,424.8584430642288,424.87718983144606
341,341.0,0.000888,60.91335071161447,5.394152308742535,7.218669016260079,1217.4303608900073,0.05409105543191365,0.004790007250163371,0.0064101780864389505,0.06529124076851597,0.8284580717908006,0.07336370382584544,0.09817822438335398,2.0,425.7197971663153,0.35000000000582077,8.531008340760055,4560.338138023871,0.8882748473992422,0.015625069173310087,0.09610008342744764,0.7173697742348489,0.18059259674948924,0.10203762901566175,2.0,425.7197971663153,0.0,liquid,0.075,6.0,0.175,0.0,9.131001870907793e-16,0.06529124076851597,0.06529820926548947,0.11960466292393795,0.847322645837662,0.0330726912384002,0.11812984794426741,0.8471967358137901,0.03467341624194255,0.8284580717908006,0.07336370382584544,0.09817822438335398,0.830776827378467,0.0722379196993977,0.09698525292213532,425.7197971663153,425.83197558141376,425.7197971663153,425.6195193106874
342,342.0,0.000888,61.64849442342081,4.8726817854393705,6.812350587091286,1218.114969324766,0.05474386304799768,0.004326941425470161,0.006049367321337062,0.0651201717948049,0.8406590698270391,0.06644548541893361,0.09289544475402724,2.0,426.8272655802048,0.35000000000582077,8.529877853442397,4569.299424252007,0.8955252084021166,0.014080268495331578,0.09039452310255178,0.7387648124757037,0.16369517398906597,0.09754001353523033,2.0,426.8272655802048,0.0,liquid,0.075,6.0,0.175,0.0,2.1610071969773374e-16,0.0651201717948049,0.06546277377760626,0.13190835627570283,0.8340803141854881,0.03401132953880918,0.13262187831892927,0.8348264437679405,0.03255167791313022,0.8406590698270391,0.06644548541893361,0.09289544475402724,0.8427676040905709,0.06396072994987453,0.0932716659595545,426.8272655802048,426.8191548645499,426.8272655802048,426.6736570843004
343,343.0,0.000888,62.78083735888702,5.870764377997038,6.553568892135138,1218.508057577067,0.055749383574691676,0.0052132387676613705,0.005819569176216002,0.06678219151856904,0.8347941615421582,0.07806330773394596,0.08714253072389588,2.0,425.1963848334957,0.35000000000582077,8.768451417055285,4683.613970272736,0.8977989674549501,0.0166658904393503,0.08553514210569949,0.7177852362781503,0.1920870827070843,0.09012768101476552,2.0,425.1963848334957,0.0,liquid,0.075,6.0,0.175,0.0,1.2416708561180791e-15,0.06678219151856904,0.06676349945370029,0.11461928174096414,0.8574626584603273,0.02791805979870843,0.11436276178672705,0.8579408966580458,0.027696341555227193,0.8347941615421582,0.07806330773394596,0.08714253072389588,0.8340352626980815,0.07934483930318165,0.08661989799873697,425.1963848334957,425.1479047935455,425.1963848334957,425.08246922594225
344,344.0,0.000888,63.66922896007272,5.569527063889251,7.410019351045069,1216.866668309426,0.05653827531654458,0.004945740032733655,0.006580097183728021,0.06806411253300626,0.8306620510056241,0.07266296214962506,0.09667498684475083,2.0,425.8484885209979,0.35000000000582077,8.895679041848393,4755.03276315244,0.8899692896043158,0.015466719488283123,0.09456399090740114,0.7205200364677166,0.17888455566111566,0.10059540787116772,2.0,425.8484885209979,0.0,liquid,0.075,6.0,0.175,0.0,4.8486290449536215e-15,0.06806411253300626,0.06809087353686727,0.12092428573079976,0.8462374595194365,0.032838254749763714,0.12197146401559698,0.844789835218386,0.033238700766016906,0.8306620510056241,0.07266296214962506,0.09667498684475083,0.8310088112085332,0.07223886348572428,0.09675232530574245,425.8484885209979,425.7924557977149,425.8484885209979,425.8441675383083
345,345.0,0.000888,63.654052875016575,5.52549023535682,7.3658549946992276,1217.1225778623966,0.05652479895301472,0.004906635328996856,0.006540879235292914,0.06797231351730448,0.8315856269718487,0.07218579264258408,0.09622858038556725,2.0,425.9266522058585,0.35000000000582077,8.886530709036254,4751.254947140825,0.8905521024965751,0.01535966226252956,0.09408823524089521,0.7220764581427676,0.17772003477450984,0.10020350708272262,2.0,425.9266522058585,0.0,liquid,0.075,6.0,0.175,0.0,0.0,0.06797231351730448,0.06804683995361563,0.1217373401329942,0.8453928116771104,0.03286984818989535,0.12048995437873891,0.8469512596581013,0.03255878596315979,0.8315856269718487,0.07218579264258408,0.09622858038556725,0.8312660609171102,0.07163220416400311,0.0971017349188868,425.9266522058585,425.9624981634952,425.9266522058585,426.01346988383114
346,346.0,0.000888,61.05237290502104,5.428650140579081,6.962100803518928,1217.5971578148217,0.05421450713965868,0.004820641324834224,0.006182345513524808,0.06521749397801771,0.8312878007537715,0.07391638394537324,0.09479581530085528,2.0,425.692199218693,0.35000000000582077,8.53333765376954,4561.256210851336,0.8914523624574199,0.01574476709110794,0.09280287045147216,0.7195536147352802,0.18194938667223806,0.09849699859248166,2.0,425.692199218693,0.0,liquid,0.075,6.0,0.175,0.0,0.0,0.06521749397801771,0.06583944459009117,0.11933864639591253,0.8489075575051503,0.03175379609893698,0.1201745827804388,0.8479017856142215,0.03192363160533965,0.8312878007537715,0.07391638394537324,0.09479581530085528,0.8301085448218931,0.0741943917676987,0.09569706341040822,425.692199218693,425.6028235848636,425.692199218693,425.78243596040653
347,347.0,0.000888,61.5221116834456,3.947427474913471,6.793808331543022,1217.2604081413278,0.0546316351748997,0.0035053155977231624,0.006032901798410204,0.06416985257103307,0.8513598362163135,0.05462558284426382,0.0940145809394226,2.0,428.521435748896,0.35000000000582077,8.399514463393837,4511.214317824594,0.8978562709000996,0.011486874907787041,0.09065685419211345,0.7650093146628026,0.13474032615292303,0.10025035918427429,2.0,428.521435748896,0.0,liquid,0.075,6.0,0.175,0.0,1.7727189683800638e-15,0.06416985257103307,0.06433373318053398,0.15647771153415618,0.8032031421804651,0.040319146285378714,0.15673527915794677,0.8025655512168746,0.04069916962517879,0.8513598362163135,0.05462558284426382,0.0940145809394226,0.8504779206239048,0.05643970011489326,0.09308237926120184,428.521435748896,428.2959181930486,428.521435748896,428.58449698514437
348,348.0,0.000888,62.64242081503,5.226058878247034,6.5225772310870616,1217.0529788038673,0.05562646968374664,0.0046407402838833664,0.005792048581205311,0.06605925854883532,0.8420692406443515,0.07025117123366785,0.08767958812198066,2.0,426.3504471771331,0.35000000000582077,8.664776383477722,4634.936303364619,0.8995446052110586,0.014919113023457616,0.0855362817654838,0.735329277880079,0.1730107079073954,0.09166001421252563,2.0,426.3504471771331,0.0,liquid,0.075,6.0,0.175,0.0,0.0,0.06605925854883532,0.06591909443749587,0.12630883290935033,0.8430036886040039,0.030687478486645915,0.12595552317847114,0.8417737825880443,0.03227069423348468,0.8420692406443515,0.07025117123366785,0.08767958812198066,0.842132699903438,0.06937567956370362,0.0884916205328583,426.3504471771331,426.39116015745395,426.3504471771331,426.2766914907263
349,349.0,0.000888,61.47139850962342,5.334619329862021,6.579164471955403,1216.8055574911346,0.0545866018765456,0.004737141964917475,0.005842298051096398,0.06516604189255946,0.8376540954649908,0.07269341250965794,0.08965249202535133,2.0,425.95727580871517,0.35000000000582077,8.539785658563074,4564.676480910266,0.8968903473816696,0.015465508752523222,0.08764414386580717,0.7276439133365277,0.1789738051990528,0.09338228146441958,2.0,425.95727580871517,0.0,liquid,0.075,6.0,0.175,0.0,4.427847144160527e-15,0.06516604189255946,0.06535547915998406,0.12206579610217744,0.8474504516759676,0.03048375222185492,0.12300938743938299,0.8459649904845405,0.031025622076076384,0.8376540954649908,0.07269341250965794,0.08965249202535133,0.838590414562132,0.07283374500917322,0.08857584042869486,425.95727580871517,426.00918610851085,425.95727580871517,425.95973079195556
350,350.0,0.001346,50.25844089540127,0.5225209485681382,0.0,1202.7441508600266,0.06764786144521011,0.000703313196772714,0.0,0.06835117464198283,0.9897102983166477,0.010289701683352245,0.0,2.0,435.8234027458728,0.34999999997671694,9.207655627693791,4962.152321099312,0.9979055640432779,0.0020944359557220657,9.999999999993018e-13,0.9744905191056766,0.025509480893323406,9.999999999984395e-13,2.0,435.8234027458728,0.0,liquid,0.075,6.0,0.175,0.0,1.105069838101975e-15,0.06835117464198283,0.06827697960518261,0.5459306663130905,0.45406933367955477,7.354753773121133e-12,0.5456755780849736,0.4532896878754737,0.0010347340395526516,0.9897102983166477,0.010289701683352245,0.0,0.9897832166223507,0.00905864577955366,0.0011581375980956622,435.8234027458728,435.803439563405,435.8234027458728,435.79126849286905
351,351.0,0.001346,50.53298478809967,0.8691633437830436,0.0,1205.790303893696,0.06801739752478216,0.0011698938607319768,0.0,0.06918729138551413,0.983090913991512,0.016909086008487964,0.0,2.0,434.9758741215203,0.35000000000582077,9.334063805051676,5029.999165358349,0.9965453419016567,0.003454658097343225,9.999999999990228e-13,0.9581041192990752,0.04189588069992466,9.999999999989575e-13,2.0,434.9758741215203,0.0,liquid,0.075,6.0,0.175,0.0,2.5397519575302117e-15,0.06918729138551413,0.06908563791968265,0.4208765410679468,0.5791234589263449,5.7082077907270144e-12,0.4194984939694051,0.5805015059305171,1.0007778481953245e-10,0.983090913991512,0.016909086008487964,0.0,0.9822090846830708,0.017210018653536142,0.0005808966633931488,434.9758741215203,434.8610838340013,434.9758741215203,434.9557551451708
352,352.0,0.001346,52.43563848831713,1.635000552687762,0.025250590643684,1216.823933421961,0.07057836940527486,0.0022007107439177276,3.398729500639866e-05,0.07281306744419898,0.9693091073159814,0.030224118021181627,0.0004667746628370679,2.0,433.2318316488589,0.35000000000582077,9.879562573293532,5333.958127754701,0.9933384000238199,0.006222867101753362,0.00043873287442664416,0.9246832780025647,0.07479786972755166,0.0005188522698836662,2.0,433.2318316488589,0.0,liquid,0.075,6.0,0.175,0.0,0.0,0.07281306744419898,0.07301154160049213,0.2860730118305991,0.7136055491057581,0.00032143906364273976,0.2856388373383737,0.7134592277571462,0.0009019349044801232,0.9693091073159814,0.030224118021181627,0.0004667746628370679,0.971507174413833,0.028492825485889092,1.0027775410182894e-10,433.2318316488589,433.24072520294783,433.2318316488589,433.43554443855487
353,353.0,0.001346,51.42735110102257,2.2461897688330823,0.5952758326176223,1230.541013746937,0.06922121458197639,0.003023371428849329,0.0008012412707033196,0.07304582728152903,0.9476409147258742,0.0413900634898257,0.01096902178430017,2.0,431.5901020435358,0.35000000000582077,9.94634496544852,5388.159587523211,0.9810126107542045,0.008584388341661421,0.010403000904133899,0.8856649078176001,0.10231488876353034,0.012020203418869517,2.0,431.5901020435358,0.0,liquid,0.075,6.0,0.175,0.0,2.4412910698986315e-15,0.07304582728152903,0.07305263929895486,0.2211819586929539,0.7728442426531215,0.005973798653924752,0.22035456817748486,0.7735582915625598,0.006087140259955259,0.9476409147258742,0.0413900634898257,0.01096902178430017,0.9473224933981036,0.03997574067546625,0.012701765926430174,431.5901020435358,431.44364880670446,431.5901020435358,431.41390201983546
354,354.0,0.001346,52.60647820467532,4.0631795346789685,2.782081909491508,1244.656111810713,0.07080831966349298,0.0054690396536778915,0.00374468225017557,0.08002204156734644,0.8848601994726765,0.06834416551438713,0.04679563501293641,2.0,427.2757572574631,0.35000000000582077,10.827284001612842,5862.6946708514515,0.9401200954824057,0.014453087441846648,0.04542681707574771,0.7822346783142349,0.16842759621811107,0.04933772546765391,2.0,427.2757572574631,0.0,liquid,0.075,6.0,0.175,0.0,3.2054146679671146e-15,0.08002204156734644,0.08008891820757862,0.1369417005806481,0.8461599928108833,0.016898306608468562,0.13569170445778458,0.8460278936934762,0.018280401848739185,0.8848601994726765,0.06834416551438713,0.04679563501293641,0.8848290986559562,0.06870025265292026,0.04647064869112366,427.2757572574631,427.1730341977943,427.2757572574631,427.25228957587086
355,355.0,0.001346,50.34337952078109,6.874049533318321,4.122084321104584,1255.5170943793798,0.06776218883497134,0.009252470671846461,0.00554832549620677,0.08256298500302459,0.8207332720890477,0.11206560266089591,0.06720112525005624,2.0,420.2489364695901,0.35000000000582077,11.153006738606246,5993.216394039138,0.9078279635295622,0.02447936601047615,0.06769267045996163,0.6589859879886406,0.27472575643682257,0.06628825557453688,2.0,420.2489364695901,0.0,liquid,0.075,6.0,0.175,0.0,6.98634060411505e-16,0.08256298500302459,0.08256644898801398,0.08254561931186573,0.9016838858408031,0.0157704948473313,0.08412096613481404,0.9013164100766319,0.014562623788554125,0.8207332720890477,0.11206560266089591,0.06720112525005624,0.8199377874127621,0.11294438986990503,0.06711782271733278,420.2489364695901,420.1738666759397,420.2489364695901,420.3701113603097
356,356.0,0.001346,47.63839201341186,8.54804787541949,5.731437867261695,1264.0118570810096,0.06412127565005236,0.011505672440314633,0.007714515369334241,0.08334146345970123,0.7693802458971392,0.13805460046760595,0.09256515363525508,2.0,415.4253049103897,0.35000000000582077,11.213051682369668,5994.927619195058,0.8735807362747814,0.030850820101211745,0.09556844362400692,0.5758650494856626,0.3371473354295019,0.08698761508483537,2.0,415.4253049103897,0.0,liquid,0.075,6.0,0.175,0.0,7.032026780960877e-16,0.08334146345970123,0.08342561745074265,0.0639565487322621,0.9180891586031031,0.017954292664634743,0.06431420686336055,0.9170443276747721,0.018641465461867398,0.7693802458971392,0.13805460046760595,0.09256515363525508,0.7699166859162951,0.1378596250506837,0.09222368903302114,415.4253049103897,415.50969881747886,415.4253049103897,415.2787157608863
357,357.0,0.001346,46.99256738723528,10.236982093902684,7.689121698214722,1269.8226197907763,0.06325199570321868,0.013778977898393012,0.010349557805797015,0.0873805314074087,0.7238682883296789,0.15768933510084765,0.11844237656947358,2.0,411.3873861863428,0.35000000000582077,11.693124678705164,6220.054456576221,0.8392986299651308,0.03592887384925974,0.12477249618560948,0.5094976538681586,0.38381590599209753,0.1066864401397438,2.0,411.3873861863428,0.004643271764507517,two-phase,0.075,6.0,0.175,0.0004057315542516831,0.00040606061459964876,0.08697479985315702,0.0870856838247788,0.054524304958713216,0.924668573314774,0.020807121726512823,0.055249821211884244,0.9240377519334089,0.02071242685470702,0.7269907327058875,0.15411142886948223,0.11889783842463025,0.7282391424012562,0.1526904234661203,0.11907043413262337,411.3873861863428,411.3511250912991,411.3873861863428,411.32301144381614
358,358.0,0.001346,43.63043124293248,10.99283723474199,9.624368025001672,1274.2258538857473,0.05872656045298712,0.014796358917962717,0.01295439936165225,0.08647731873260209,0.6790978410717897,0.17110103706747404,0.14980112186073619,2.0,408.17794076407813,0.35000000000582077,11.473014761137552,6078.232083084382,0.8001010250540275,0.03959942708919366,0.16029954785677886,0.45437764225186855,0.4153183127368213,0.13030404501131004,2.0,408.17794076407813,0.022873087640618905,two-phase,0.075,6.0,0.175,0.0019780032902965428,0.0019728801909735935,0.08449931544230554,0.08400829830276157,0.05203323680316478,0.9212473638640438,0.0267193993327914,0.05153653151293029,0.9213456723094642,0.027117796177605583,0.6937764907635313,0.15354122732277256,0.15268228191369607,0.6947111775584814,0.15244780781147668,0.15284101463004182,408.17794076407813,408.13315412290046,408.17794076407813,408.12503691432136
359,359.0,0.001346,42.18855589698392,12.861497227055596,11.204159989075375,1276.9467271042738,0.056785796237340355,0.01731157526761683,0.015080799345295454,0.08917817085025263,0.636767896178255,0.19412346208228815,0.16910864173945694,2.0,403.11233996167755,0.35000000000582077,11.801447749269672,6193.033509598324,0.7685543472021236,0.046070154021799946,0.18537549877607645,0.3920216299955683,0.46907960561814155,0.1388987643862901,2.0,403.11233996167755,0.053537254309048876,two-phase,0.075,6.0,0.175,0.004774354411625784,0.004772241349009744,0.08440381643862685,0.08457260027011983,0.05024586599440935,0.9187926056446042,0.030961528360986437,0.05046188891115815,0.9198965218364654,0.0296415892523764,0.6699448798773143,0.15313210092976295,0.17692301919292272,0.6720263915024116,0.15143302391693927,0.17654058458064917,403.11233996167755,403.30780921321866,403.11233996167755,403.09001098947215
360,360.0,0.001346,39.55124660535149,14.41478814752062,11.96055550146649,1279.7882854037505,0.0532359779308031,0.019402304846562753,0.016098907704973898,0.08873719048233975,0.5999285941039343,0.21864907758629287,0.18142232830977292,2.0,397.48709721482584,0.35000000000582077,11.769316274021863,6104.633461502013,0.7425312008921454,0.053390557161227196,0.20407824194662752,0.3350951815019343,0.5255577583702795,0.13934706012778614,2.0,397.48709721482584,0.08614890041644685,two-phase,0.075,6.0,0.175,0.0076446113860983616,0.007641113459633696,0.08109257909624139,0.08085367563381149,0.048890627848691304,0.9169313343919241,0.03417803775938455,0.04939841515214573,0.9164399982522797,0.034161586595574424,0.6518750380095122,0.15282188907164135,0.19530307291884652,0.6525167853064436,0.15326402357938587,0.19421919111417038,397.48709721482584,397.5223434645447,397.48709721482584,397.3275014988652
361,361.0,0.001346,39.91880006829744,15.780481837734705,13.424176459244276,1281.6111041669535,0.053730704891928355,0.02124052855359091,0.018068941514142796,0.09304017495966205,0.5775000414092463,0.22829415962297825,0.1942057989677756,2.0,394.93530683493094,0.35000000000582077,12.321866672968763,6358.600033300749,0.7225578408419066,0.05648319915750667,0.22095896000058673,0.3081069853248351,0.5473716576245792,0.14452135705058572,2.0,394.93530683493094,0.0993081619089935,two-phase,0.075,6.0,0.175,0.0092396487589352,0.009250276032864073,0.08380052620072685,0.08343792992123066,0.04769364357930645,0.9152874074867128,0.037018948933980715,0.04752363985101923,0.9135138959093924,0.03896246423958846,0.6359152477093393,0.15254790124424789,0.2115368510464129,0.6348307427243075,0.15327021638538568,0.21189904089030678,394.93530683493094,394.96920628597843,394.93530683493094,394.9948354409647
362,362.0,0.001346,38.43220412388512,15.151632374928695,13.955681568803804,1282.7779293784524,0.05172974675074937,0.020394097176654025,0.01878434739160992,0.09090819131901332,0.5690328451175574,0.2243372888707844,0.2066298660116583,2.0,395.5302408621587,0.35000000000582077,11.970259833653426,6191.641660951453,0.710190333773467,0.05533372905458219,0.23447593717195084,0.30688322333272133,0.5382010428095203,0.15491573385775845,2.0,395.5302408621587,0.09453008041600697,two-phase,0.075,6.0,0.175,0.008593558635860076,0.008619334780734211,0.08231463268315324,0.08230020838290486,0.04676676443592594,0.9140144404298031,0.03921879513427094,0.045817345275153624,0.9157011732320259,0.038481481492820456,0.6235568591552972,0.15233574007398354,0.22410740077071928,0.6242060055607072,0.15204909851674384,0.2237448959225489,395.5302408621587,395.4932707876378,395.5302408621587,395.59686959041
363,363.0,0.001346,36.6697272195696,16.064353480262024,14.685253814131396,1282.7320291755573,0.049357452837540686,0.021622619784432685,0.01976635163382086,0.09074642425579423,0.5439052088533304,0.23827517130022965,0.21781961984644,2.0,391.9137683417181,0.35000000000582077,11.948894502731687,6126.377075546298,0.6889935414039815,0.059887861636355504,0.2511185969596631,0.2744554484069369,0.5695658892415034,0.1559786623515596,2.0,391.9137683417181,0.11339117636089213,two-phase,0.075,6.0,0.175,0.010289843796909103,0.010257167284098253,0.08045658045888512,0.08047685093193568,0.045572886650582525,0.912374779943457,0.04205233340596049,0.0449921050870915,0.9116407951706221,0.043367099742286454,0.6076384886547443,0.1520624633189822,0.24029904802627355,0.6073214500671801,0.15206105456976207,0.2406174953630579,391.9137683417181,391.85413117495443,391.9137683417181,391.9646058742199
364,364.0,0.001346,34.860679419548674,17.078789585363673,15.16507125682042,1285.2613143360372,0.046922474498712514,0.022988050781899503,0.020412185911680286,0.09032271119229231,0.5194980739541468,0.2545101943735851,0.22599173167226805,2.0,387.6051567873511,0.35000000000582077,11.943291432351028,6062.309585787177,0.6692088661855548,0.06544242328690474,0.2653487105275406,0.24146374552915753,0.6056360549571127,0.15290019951372985,2.0,387.6051567873511,0.13526823624852113,two-phase,0.075,6.0,0.175,0.01221779383616594,0.012213211832485629,0.07810491735612636,0.07794241863111671,0.04453467267500828,0.9109489066746843,0.04451642065030736,0.046249060152067006,0.9096936129404439,0.04405732690748906,0.5937956356554498,0.1518248177762178,0.2543795465683323,0.5933073666338725,0.15248420062035054,0.2542084327457771,387.6051567873511,387.3865161433494,387.6051567873511,387.518119419922
365,365.0,0.001346,35.72754227865121,17.25226821967347,15.152282116708472,1285.277516929053,0.048089271907064524,0.02322155302368049,0.020394971729089603,0.09170579665983462,0.5243863927756128,0.25321794117133584,0.22239566605305125,2.0,388.0414348518576,0.35000000000582077,12.137408160400422,6167.451091812902,0.6743902629853537,0.06495892994870439,0.26065080706594185,0.24580777667630752,0.6028418191505766,0.151350404173116,2.0,388.0414348518576,0.1333998506597709,two-phase,0.075,6.0,0.175,0.012233539579057255,0.012287909914287956,0.07947225708077738,0.07967038901308209,0.044865102595675575,0.9114027160093054,0.043732181395019026,0.04728719210525375,0.9096161509085602,0.043096656986186054,0.5982013679359598,0.1519004526665972,0.24989817939744302,0.5984767619908056,0.15264137993419916,0.24888185807499513,388.0414348518576,388.13830890505,388.0414348518576,388.05008593093635
366,366.0,0.001346,34.2646567673437,18.225768542053444,15.124148066253191,1286.1933875127686,0.04612022800884462,0.024531884457603934,0.020357103297176795,0.09100921576362535,0.5067643712987361,0.26955384959386564,0.22368177910739828,2.0,383.67231471673074,0.35000000000582077,12.136914018232748,6095.956357565674,0.6622997167922476,0.07079204230186224,0.26690824090589027,0.21791301538668512,0.6386829202733021,0.14340406434001277,2.0,383.67231471673074,0.15516987969749607,two-phase,0.075,6.0,0.175,0.014121889061405208,0.014090386449981234,0.07688732670222014,0.07657773792069504,0.044376829028473654,0.9107321256987745,0.04489104527275196,0.042576791473478134,0.9115909309361807,0.04583227759034108,0.5916910536947081,0.15178868761177453,0.2565202586935173,0.589887624301164,0.1533334059789251,0.25677896971991093,383.67231471673074,383.71714568730636,383.67231471673074,383.58237069277385
367,367.0,0.001346,34.08882154928838,17.16898397064687,16.28415039710805,1286.6540296625578,0.04588355380534216,0.023109452424490688,0.021918466434507435,0.09091147266434027,0.5047058689143844,0.2541973168756653,0.24109681420995044,2.0,387.25344610402607,0.35000000000582077,11.95200351058798,6067.409973641999,0.6510158615978172,0.0654848033518088,0.28349933505037395,0.23298731107816886,0.6046634134142359,0.16234927550759518,2.0,387.25344610402607,0.13549229604541324,two-phase,0.075,6.0,0.175,0.012317804168161285,0.012287419224090537,0.07859366849617898,0.07849771888991611,0.043276843094097,0.9092214153981044,0.047501741507798616,0.045581312838555106,0.9055802094252287,0.04883847773621619,0.5770245745556368,0.15153690255786206,0.2714385228865012,0.5762646313174838,0.15107332561562564,0.2726620430668906,387.25344610402607,387.23552950470474,387.25344610402607,387.22018643794894
368,368.0,0.001346,34.649407296712255,17.433382348460164,16.375627600790093,1285.881583594656,0.0466381022213747,0.02346533264102738,0.022041594750663463,0.09214502961306553,0.5061380132733903,0.25465652069962713,0.2392054660269827,2.0,387.1884085211665,0.35000000000582077,12.12202196564512,6150.245188150458,0.6530226857172037,0.06562590004700666,0.2813514142357897,0.23335219302504373,0.6057133876201954,0.16093441935476077,2.0,387.1884085211665,0.13602364281541668,two-phase,0.075,6.0,0.175,0.012533902595303618,0.012541509653612136,0.0796111270177619,0.07947143955062524,0.04342404560159304,0.9094235819271762,0.047152372471230795,0.04352776459265033,0.9109325042890503,0.045539731118299384,0.5789872746399654,0.1515705969753122,0.2694421283847225,0.5783552963758158,0.1509665752313883,0.2706781283927958,387.1884085211665,387.1746858509828,387.1884085211665,387.40375531388355
369,369.0,0.001346,34.79907835711896,17.591089456296345,16.961738595624883,1286.8306563032415,0.04683955946868212,0.02367760640817488,0.02283050014971109,0.09334766602656809,0.5017753679599327,0.25364968848215114,0.24457494355791606,2.0,387.29586361171596,0.35000000000582077,12.252587887311085,6221.864241748033,0.6471326366469649,0.0653289231476602,0.28753844020537495,0.23182615468873904,0.6033882526686583,0.16478559264260265,2.0,387.29586361171596,0.13491004396928474,two-phase,0.075,6.0,0.175,0.012593537728074408,0.01262543911833462,0.08075412829849368,0.08074284195527551,0.04299908547006323,0.9088399457098562,0.04816096882008059,0.04436885971875184,0.9076154692679206,0.04801567101332763,0.573321139600519,0.15147332428489038,0.27520553611459064,0.5732105093965315,0.15092178527844732,0.27586770532502114,387.29586361171596,387.3694780379421,387.29586361171596,387.30543314947556
370,370.0,0.001346,35.07927894212229,18.00629149491996,16.008054201968353,1286.6420151934572,0.04721670945609661,0.024236468352162265,0.0215468409558494,0.09300001876410827,0.5077064508541699,0.2606071340010945,0.23168641514473573,2.0,385.8439904096665,0.35000000000582077,12.309796660944093,6223.138267283549,0.658329090458415,0.06764492539274408,0.27402598414884083,0.22797869159366038,0.618965521410815,0.1530557869955246,2.0,385.8439904096665,0.14362252617138438,two-phase,0.075,6.0,0.175,0.013356897628887377,0.013357355478850655,0.07964312113522089,0.07970975000122822,0.04391168835560096,0.9100933058838746,0.045995005760524454,0.04458800474108135,0.9099646244822982,0.04544737077662041,0.5854891780349565,0.15168221763702142,0.2628286043280222,0.5848280909991708,0.15190542923932893,0.2632664797615003,385.8439904096665,385.6885194023585,385.8439904096665,385.7252377520678
371,371.0,0.001346,34.23081472307274,18.64722586536888,16.49304736948075,1286.8140543098866,0.04607467661725591,0.025099166014786515,0.022199641759321088,0.0933734843913635,0.4934449744227125,0.2688039991052111,0.23775102647207652,2.0,383.4588741374721,0.35000000000582077,12.379035322761535,6218.205231383229,0.645382637286966,0.07067687508318625,0.28394048762984775,0.2112750291080213,0.636754372282925,0.15197059860905374,2.0,383.4588741374721,0.1548148031870369,two-phase,0.075,6.0,0.175,0.014455597608936801,0.014513230367537277,0.0789178867824267,0.07867926443736512,0.04319389891952292,0.9091075006636149,0.04769860041686221,0.042792692596299024,0.9085762187573915,0.04863108864630949,0.5759186522654467,0.15151791677862173,0.27256343095593155,0.5758703245839152,0.1519421550171411,0.2721875203989436,383.4588741374721,383.3998860043167,383.4588741374721,383.47690767153847
372,372.0,0.001346,33.75620692281468,17.781120471809185,16.374636314852253,1287.0508549068504,0.045435854518108554,0.023933388155055163,0.022040260479791133,0.09140950315295485,0.4970583249104973,0.26182603919209146,0.24111563589741133,2.0,385.2447389633644,0.35000000000582077,12.061314459737828,6090.284483088966,0.6459395120012864,0.0681807488595948,0.2858797391391188,0.22056469174663948,0.6214530069462634,0.1579823013070972,2.0,385.2447389633644,0.14566123051918112,two-phase,0.075,6.0,0.175,0.013314820710406369,0.013349044885197253,0.07809468244254848,0.07826437031963224,0.04308442494271329,0.9089571501497158,0.047958424907570796,0.04423892631939474,0.9074949146378566,0.048266159042748606,0.5744589992801583,0.15149285836988438,0.2740481423499574,0.5743004020539167,0.1515419987777279,0.2741575991683553,385.2447389633644,385.13110867707513,385.2447389633644,385.10955937075806
373,373.0,0.001346,33.958259192345125,18.41791980679475,16.490170831927514,1286.7267090120388,0.04570781687289654,0.024790520059945732,0.022195769939774432,0.0926941068726167,0.4931038057868094,0.26744440284659826,0.2394517913665924,2.0,383.77936452937246,0.35000000000582077,12.27135466830532,6169.804867552753,0.6442002937498159,0.07019730682977929,0.28560239942040483,0.21249604243145997,0.6337604383005045,0.15374351926803542,2.0,383.77936452937246,0.15307915947050788,two-phase,0.075,6.0,0.175,0.014189535967929592,0.014225371076282576,0.07850457090468711,0.0785194088263634,0.04308330481370074,0.9089556117716417,0.047961083414657504,0.04284196335447107,0.9097977793265595,0.04736025731896953,0.5744440642156153,0.15149260197062692,0.27406333381375775,0.5744285440718643,0.1518394387481044,0.2737320171800314,383.77936452937246,383.95651545762115,383.77936452937246,383.65946349012097
374,374.0,0.001346,33.86885317058341,17.88434246559465,16.465986796462186,1287.3043818652552,0.04558747636760527,0.024072324958690397,0.0221632182280381,0.09182301955433377,0.4964711091931596,0.26216002343994205,0.24136886736689836,2.0,385.14814681264363,0.35000000000582077,12.117866684185818,6117.910096572638,0.6454037636283598,0.0683032524811107,0.28629298389052954,0.21988189381827156,0.6221797409287065,0.157938365253022,2.0,385.14814681264363,0.14611778370453976,two-phase,0.075,6.0,0.175,0.013416976110337866,0.013439279813919694,0.0784060434439959,0.07796102338360326,0.04305453954249377,0.9089161058158639,0.04802935464164237,0.042166696196039175,0.9098728450033009,0.047960458800659966,0.5740605272537288,0.1514860176413813,0.2744534551048899,0.5736928421410168,0.15167039509932287,0.2746367627596603,385.14814681264363,385.235712365829,385.14814681264363,385.04403449904873
375,375.0,0.001346,33.04217197646288,17.684583401650464,16.62253410952289,1287.1815968341657,0.044474763480319035,0.023803449258621524,0.022373930911417806,0.09065214365035835,0.4906090654828461,0.2625801034604373,0.24681083105671667,2.0,384.87630204838854,0.35000000000582077,11.938136671987682,6023.334338574441,0.6384142214705719,0.06851303688321958,0.2930727416462085,0.21611377579593594,0.6229903699549698,0.16089585424909422,2.0,384.87630204838854,0.14691973497974686,two-phase,0.075,6.0,0.175,0.013318588920456592,0.013411592084835399,0.07733355472990176,0.07687916021485337,0.042582701142232275,0.9082680873943241,0.04914921146344362,0.044553914335585726,0.9072779766411442,0.04816810902327008,0.5677693485274519,0.151378014556217,0.28085263691633133,0.5668990648155504,0.1532969648582637,0.279803970326186,384.87630204838854,384.656032784275,384.87630204838854,384.83187110316896
376,376.0,0.001346,34.69323310540802,17.842855435053895,17.402911568693195,1287.1900115899764,0.04669709175987919,0.024016483415582542,0.02342431897146104,0.09413789414692277,0.4960498870624636,0.2551202534666812,0.24882985947085526,2.0,386.7909220318224,0.35000000000582077,12.344304732332345,6261.638183259389,0.6409600311630259,0.06588530581804616,0.29315466301892806,0.22693104802298508,0.6065565848083706,0.16651236716864432,2.0,386.7909220318224,0.13705248918267898,two-phase,0.075,6.0,0.175,0.012901832719251312,0.012893891833880865,0.08123606142767145,0.08123305911516,0.0426049183888689,0.908298600355033,0.04909648125609804,0.04371886288441454,0.906586225156213,0.04969491195937238,0.5680655784950513,0.15138310005298944,0.2805513214519592,0.5675861133735299,0.15220973844158406,0.280204148184886,386.7909220318224,386.6395458691584,386.7909220318224,386.8846189313813
377,377.0,0.001346,32.470754899929126,17.916935731886756,16.534413502926597,1286.864535290587,0.043705636095304604,0.024116195495119574,0.0222553205749392,0.09007715216536338,0.48520224101967524,0.26772821870353014,0.24706954027679454,2.0,383.47592986483255,0.35000000000582077,11.889793761126525,5974.632549214267,0.6345633862044067,0.07038750563889815,0.29504910815669516,0.2078172571095033,0.6342181143892698,0.15796462850122694,2.0,383.47592986483255,0.15380517052835785,two-phase,0.075,6.0,0.175,0.013854331749502553,0.013771059361997113,0.07622282041586083,0.07617229215931662,0.04242612344256607,0.9080530450627305,0.049520831494703474,0.043598824577089926,0.9070278675018865,0.049373307921023714,0.565681645873877,0.15134217416989715,0.2829761799562257,0.566725150227869,0.1506201342990458,0.2826547154730853,383.47592986483255,383.4626952974968,383.47592986483255,383.53376968463425
378,378.0,0.001346,33.256626892144425,17.580140475760217,16.3555501868478,1287.2878985559432,0.044763419796826395,0.023662869080373253,0.02201457055149714,0.09044085942869678,0.494946864498979,0.2616391444071688,0.24341399109385223,2.0,385.2274046586556,0.35000000000582077,11.922306566945279,6020.849233979509,0.6432363102522617,0.06813844212909052,0.28862524761864766,0.21955217953335038,0.6209975914888254,0.1594502289778243,2.0,385.2274046586556,0.14551357374875806,two-phase,0.075,6.0,0.175,0.013160372668378731,0.013223710424136044,0.07728048676031805,0.07725650969016448,0.042894635114369827,0.9086964945744586,0.04840887031117165,0.04279704384418262,0.9089744438785056,0.04822851227731188,0.5719284681813914,0.15144941575970705,0.2766221160589016,0.571644941225571,0.151234213025397,0.27712084574903206,385.2274046586556,385.18016063744835,385.2274046586556,385.27970419148033
379,379.0,0.001346,34.255367580340184,18.315990468755,16.19032126183635,1287.4732943134777,0.04610772476313789,0.02465332317094423,0.021792172418431725,0.09255322035251384,0.49817526162270975,0.2663691557899921,0.23545558258729812,2.0,384.1896574918362,0.35000000000582077,12.270220673900216,6177.559804550653,0.6498697123275955,0.06975995260204017,0.28037033507036435,0.2164569960321819,0.6315005331335245,0.15204247083429365,2.0,384.1896574918362,0.15146446324069984,two-phase,0.075,6.0,0.175,0.014018523841891726,0.01399927503073586,0.07853469651062212,0.07852810372942845,0.043450803273349284,0.9094603306695386,0.047088866057112086,0.044776988970555015,0.9094906175646379,0.045732393464807064,0.5793440436243901,0.15157672177295387,0.269079234602656,0.578787070478509,0.15152843383628214,0.26968449568520897,384.1896574918362,384.05721927102854,384.1896574918362,384.07976503527715
380,380.0,0.001346,33.45828687338121,18.47916973548967,16.216744393599072,1286.5790110511286,0.04503485413157111,0.024872962463969094,0.02182773795378435,0.09173555454932455,0.4909203890772435,0.2711376476238049,0.23794196329895154,2.0,382.81217432182183,0.35000000000582077,12.174516970728298,6103.659355295954,0.6435513684079701,0.07154137425766424,0.2849072573343658,0.2074628560390115,0.6418164410121218,0.15072070294886675,2.0,382.81217432182183,0.15793609272805043,two-phase,0.075,6.0,0.175,0.01448835504976125,0.014493044080302954,0.07724719949956331,0.0772994710973285,0.043118206100644825,0.9090035448729389,0.04787824902641621,0.04156159291033709,0.910651366755264,0.047787040334399046,0.5749094147189087,0.15150059082365766,0.27358999445743365,0.5735086554994938,0.15082501616469177,0.2756663283358144,382.81217432182183,383.00665054558687,382.81217432182183,382.75804288627825
381,381.0,0.001346,33.82055538796203,18.64567260760216,16.6897579906241,1287.0607403601098,0.045522467552196896,0.02509707532983251,0.022464414255380035,0.09308395713740944,0.48904740357134974,0.2696176237198909,0.2413349727087594,2.0,383.1291946140351,0.35000000000582077,12.328909642230474,6188.588878440317,0.6403792260098028,0.0710178041397627,0.2886029698504344,0.20800259047597722,0.6384458600769338,0.1535515494470891,2.0,383.1291946140351,0.15606471672072075,two-phase,0.075,6.0,0.175,0.014527121401893517,0.014584193407236223,0.07855683573551592,0.07878016879972295,0.04286680075170924,0.9086582671179486,0.04847493213034209,0.0423209061150731,0.9105684647847326,0.0471106291001943,0.5715573433280228,0.15144304451221244,0.27699961215976476,0.572535285085534,0.15087738361436615,0.27658733130009994,383.1291946140351,383.1604486054334,383.1291946140351,383.15639472472344
382,382.0,0.001346,34.24907478440136,17.809516683269155,15.814966018595008,1286.8287271973195,0.046099254659804224,0.023971609455680283,0.02128694426102888,0.09135780837651339,0.5046011444343667,0.26239256262459765,0.23300629294103567,2.0,385.33073555308124,0.35000000000582077,12.097046097749004,6107.649395305617,0.6555356561361156,0.06829663876171517,0.27616770510216904,0.22429419413542298,0.6228564212215582,0.15284938464301887,2.0,385.33073555308124,0.14605759878759272,two-phase,0.075,6.0,0.175,0.013343502121970571,0.013279362861212368,0.07801430625454282,0.0777542600204795,0.04375676876377344,0.9098805408021533,0.04636269043407333,0.045071806792255614,0.9073122577722507,0.047615935435493674,0.5834235835516263,0.1516467568093645,0.2649296596390092,0.5826967857173508,0.15263987738545742,0.2646633368971918,385.33073555308124,385.37821718536753,385.33073555308124,385.2679035545424
383,383.0,0.001346,34.883713649695764,18.860671862668816,16.25019599835137,1287.1710123491662,0.0469534785724905,0.025386464327152226,0.021872763813780942,0.09421270671342366,0.49837734431421926,0.26945902747888145,0.23216362820689937,2.0,383.4458910681345,0.35000000000582077,12.52520469429476,6291.251616413228,0.6518638256205689,0.07085409325021969,0.27728208112921143,0.21333102189265574,0.6382967624691261,0.14837221563821817,2.0,383.4458910681345,0.15543197383522056,two-phase,0.075,6.0,0.175,0.014643666964826175,0.014588680849943707,0.07956903974859748,0.07928928178581823,0.043654742978845314,0.9097404195306669,0.04660483749048776,0.04363057007722285,0.9095891962809247,0.046780233641852374,0.5820632396821114,0.1516234032457787,0.26631335707210985,0.5817279270562217,0.15143944778063093,0.2668326251631473,383.4458910681345,383.37668957321125,383.4458910681345,383.41805442410435
384,384.0,0.001346,33.748674742351746,17.849774943103924,16.487295274069755,1287.213730571356,0.04542571620320545,0.02402579707341788,0.02219189943889789,0.09164341271552122,0.4956790112587318,0.26216611059649836,0.24215487814476983,2.0,385.1235128160919,0.35000000000582077,12.089786771035651,6103.230926226992,0.6444319010146616,0.06831390574886677,0.2872541932364716,0.2194236445735349,0.6221773481649544,0.15839900726151082,2.0,385.1235128160919,0.14616071732598357,two-phase,0.075,6.0,0.175,0.013394666940701745,0.013330321186760143,0.07824874577481948,0.07799209211300336,0.042987821912408984,0.9088244764602552,0.04818770162733588,0.04374500730341103,0.9075509354481165,0.04870405724847234,0.5731709588767258,0.15147074608849714,0.27535829503477716,0.5732976851871343,0.15065098204305546,0.27605133276981025,385.1235128160919,385.1957402308097,385.1235128160919,385.1676486853449
385,385.0,0.000872,27.35063071676413,18.53597602569712,14.71136889728042,1294.4012857675289,0.023849749985018324,0.01616337109440789,0.012828313678428528,0.052841434757854744,0.4513456172094782,0.3058844099990159,0.24276997279150586,2.0,372.40661896286974,0.35000000000582077,7.180742604654685,3500.563872791725,0.6120194898767073,0.08551471348305602,0.30246579664023676,0.15295128226060667,0.7151424178081243,0.131906299931269,2.0,372.40661896286974,0.2046397874073591,two-phase,0.075,6.0,0.175,0.010813459975147231,0.010787697892186227,0.04202797478270751,0.042064402529913725,0.0417547539665242,0.9071309925788865,0.051114253454589295,0.042017371395756405,0.9050604000197772,0.052922228584466574,0.5567300529081028,0.15118849876888146,0.29208144832301575,0.557261890615583,0.1515022390671419,0.2912358703172752,372.40661896286974,372.3685756867715,372.40661896286974,372.37174169474963
386,386.0,0.000872,25.76554818610966,19.53402217292961,16.88431903599659,1299.9259012592024,0.022467558018287623,0.01703366733479462,0.014723126199389027,0.054224351552471274,0.41434442967098356,0.31413316797918095,0.2715224023498354,2.0,368.8163366659503,0.35000000000582077,7.347396412280483,3551.651500185111,0.5677141956303973,0.08964278495219594,0.34264301941740677,0.12951486432177411,0.731043879309174,0.13944125636905189,2.0,368.8163366659503,0.21735796690336429,two-phase,0.075,6.0,0.175,0.011786094810098442,0.01180163960625996,0.04243825674237283,0.04259675693183006,0.038896138988339116,0.9032049977601079,0.05789886325155316,0.038022956634612345,0.9040118360044473,0.057965207360940324,0.5186151865338663,0.15053416629993388,0.3308506471661999,0.5195981507823746,0.1498784211042832,0.33052342811334223,368.8163366659503,368.78800234857954,368.8163366659503,368.8389426248605
387,387.0,0.000872,26.098906528874465,20.920791516898333,17.94087017927972,1303.0980254868343,0.022758246493178536,0.018242930202735347,0.015644438796331917,0.056645615492245796,0.4017653669293064,0.32205370255413,0.2761809305165636,2.0,366.02281800761466,0.35000000000582077,7.724414204576979,3704.1684556743166,0.5547049914757666,0.09340290631924379,0.35189210220498957,0.1177346356327722,0.7466908955557437,0.1355744688114841,2.0,366.02281800761466,0.22833412417094223,two-phase,0.075,6.0,0.175,0.0129341270015459,0.01295446673794072,0.0437114884906999,0.043654925024029324,0.038200746455405186,0.9022499522135957,0.05954930133099902,0.03859208371003615,0.9015610874486076,0.0598468288413563,0.5093432860725319,0.15037499203573593,0.34028172189173217,0.5078961971842175,0.15152604468954076,0.3405777581262415,366.02281800761466,366.0839182035972,366.02281800761466,366.1820908532166
388,388.0,0.000872,21.69029930124346,22.0508636182087,17.945399334249508,1305.578011384145,0.0189139409906843,0.01922835307507799,0.015648388219465573,0.05379068228522786,0.35162113933398637,0.35746624244546027,0.2909126182205533,2.0,352.63896403820695,0.35000000000582077,7.597120270664206,3468.8186725576656,0.5010698924175849,0.11232920906098612,0.3866008985214289,0.07407345503938928,0.8127207330108617,0.11320581194974899,2.0,352.63896403820695,0.2774141690169927,two-phase,0.075,6.0,0.175,0.014922297427013556,0.01493466536343959,0.038868384858214304,0.03857667376118671,0.035474674494231445,0.898505990729596,0.06601933477617256,0.03536741516662143,0.8984885249017468,0.06614405993163183,0.472995659943828,0.1497509984614996,0.37725334159467244,0.47140163350261427,0.150297095867026,0.3783012706303598,352.63896403820695,352.4760642817009,352.63896403820695,352.62177815830825
389,389.0,0.000872,21.284652109192,23.075270373109053,19.64290774117652,1309.3641671317898,0.018560216639215425,0.020121635765351094,0.017128615550305926,0.05581046795487245,0.3325579827465871,0.36053515590697366,0.3069068613464392,2.0,350.89762224483115,0.35000000000582077,7.8746395562897264,3577.5771911418205,0.4755840535681484,0.11451923300801689,0.4098967134238347,0.06693813693862948,0.817421869856136,0.11563999320523455,2.0,350.89762224483115,0.28276609201566316,two-phase,0.075,6.0,0.175,0.015781307917164682,0.01571442203687897,0.04002916003770776,0.039824531828706135,0.03377634283740636,0.8961735180629671,0.07005013909962648,0.032764177804319304,0.8968589274397651,0.07037689475591552,0.4503512378396047,0.14936225301298853,0.40028650914740677,0.45002077538288354,0.14908062634087751,0.40089859827623897,350.89762224483115,351.05732503081623,350.89762224483115,351.01555602580305
390,390.0,0.000872,19.128279160599416,23.254934593086773,20.151366900729546,1312.9457131779104,0.01667985942804269,0.020278302965171666,0.017571991937436165,0.05453015433065052,0.3058832242964552,0.3718731995917635,0.3222435761117814,2.0,345.8251973364329,0.35000000000582077,7.786919021349108,3467.528464168958,0.4416584010493668,0.12193521862780747,0.43640638032282564,0.053729324615728914,0.8360437356616942,0.11022693972257677,2.0,345.8251973364329,0.2995123946748208,two-phase,0.075,6.0,0.175,0.016332457105560687,0.016219268109696053,0.03819769722508983,0.0381022369715456,0.03173277402507007,0.8933668999457166,0.07490032602921325,0.03216977276175211,0.8924819128558534,0.07534831438239442,0.4231036536608471,0.14889448332190935,0.42800186301724363,0.4231957378133607,0.1481469798318303,0.4286572823548091,345.8251973364329,345.8434362579053,345.8251973364329,345.88113434316364
391,391.0,0.000872,17.43817066560232,24.120522113912173,21.395808476589057,1315.6984892644873,0.015206084820405225,0.021033095283331416,0.018657144991585658,0.0548963250953223,0.2769964072094314,0.38314213650566636,0.33986145628490216,2.0,340.5461112508094,0.35000000000582077,7.940317906101848,3455.312126810195,0.40354032498092474,0.1299468399260055,0.46651283509306973,0.04198627420832405,0.8533619730045593,0.10465175278711666,2.0,340.5461112508094,0.3165211839659605,two-phase,0.075,6.0,0.175,0.017375849814551685,0.017378683133761563,0.03752047528077062,0.03745769652196071,0.02937528928372685,0.8901291526599183,0.0804955580563548,0.02747897483186837,0.8899429356179145,0.0825780895502171,0.39167052377340433,0.1483548587730091,0.4599746174535866,0.39077821244811833,0.14881339587560533,0.46040839167627634,340.5461112508094,340.67420567168745,340.5461112508094,340.39938705146074
392,392.0,0.000872,17.146449104213524,25.0904412003759,22.172945450485457,1318.63537446366,0.014951703618874193,0.021878864726727787,0.01933480843282332,0.0561653767784253,0.26620855189593534,0.38954362957522387,0.3442478185288408,2.0,337.66298293937666,0.35000000000582077,8.215563005470417,3528.861059981573,0.3895547637164056,0.13461950561653702,0.4758257306670573,0.03713701566076812,0.862974145492611,0.09988883884662084,2.0,337.66298293937666,0.32579797072685324,two-phase,0.075,6.0,0.175,0.018298565779520087,0.01827266730516589,0.03786681099890521,0.03782041787401814,0.028577995302747707,0.8890341566489225,0.08238784804833,0.027561746800323517,0.8906454644958203,0.08179278870385619,0.381039937391014,0.1481723594496705,0.4707877031593155,0.3809146398564739,0.1484438004082744,0.4706415597352517,337.66298293937666,337.5554409637148,337.66298293937666,337.55276923645033
393,393.0,0.000872,15.883901369285908,25.33158004760702,21.34140941683752,1321.7310160284037,0.013850761994017313,0.022089137801513323,0.01860970901148232,0.054549608807012956,0.2539112983013114,0.4049366857911091,0.3411520159075795,2.0,330.9593670573021,0.35000000000582077,8.266445726242669,3427.395103314194,0.375016646564775,0.14630139917730006,0.4786819542579248,0.029001365814832966,0.8852593609250367,0.08573927326013041,2.0,330.9593670573021,0.3470246979559306,two-phase,0.075,6.0,0.175,0.018930061519867845,0.018956150122627687,0.035619547287145115,0.035623670013548346,0.028046077982127163,0.8883036264207982,0.08365029559707475,0.028125526850874518,0.8876633066923465,0.08421116645677897,0.3739477064440792,0.14805060440968892,0.4780016891462318,0.37283527625479884,0.14987467139702212,0.47729005234817906,330.9593670573021,330.86705054489926,330.9593670573021,330.8760074689951
394,394.0,0.000872,13.704764920886085,25.24520272987608,22.33869861055264,1324.8335057969673,0.011950555011012666,0.022013816780451945,0.019479345188401904,0.05344371697986651,0.22361010211012677,0.41190654438846497,0.3644833535014083,2.0,327.1310711191045,0.35000000000582077,8.162169346162923,3314.9879564060993,0.33180213706027567,0.1527288269467333,0.5154690359929911,0.022682037205082214,0.8932365910602775,0.08408137173464025,2.0,327.1310711191045,0.35897935371031053,two-phase,0.075,6.0,0.175,0.01918519098130923,0.019225592324446462,0.034258525998557283,0.03422648608921898,0.025108025825769906,0.884268533324212,0.09062344085001806,0.025279222351149162,0.8850253717807789,0.089695405868072,0.33477367767928373,0.14737808888840395,0.5178482334323123,0.3344514634849061,0.14705294540813776,0.5184955911069561,327.1310711191045,327.0148810969445,327.1310711191045,327.04558762741124
395,395.0,0.000872,13.538350925901891,26.31937634051744,22.835894111558968,1328.1092768611068,0.01180544200738645,0.02295049616893121,0.01991289966527942,0.05466883784159708,0.21594463086251642,0.419809476020512,0.36424589311697153,2.0,323.5321238073417,0.35000000000582077,8.535756814102458,3391.925007730525,0.3217052235814965,0.15955749123995122,0.5187372851785523,0.019532101529855368,0.9031345906066146,0.07733330786353004,2.0,323.5321238073417,0.37012947877519764,two-phase,0.075,6.0,0.175,0.02023454845555613,0.0202429402144228,0.034434289386040956,0.03454268917748202,0.02462758937119373,0.8836087064261057,0.0917637042027006,0.02490825268177812,0.8828528317958564,0.09223891552236553,0.3283678582708605,0.14726811773242687,0.5243640239967124,0.32857343140077444,0.14723066040790797,0.5241959081913176,323.5321238073417,323.55715357460815,323.5321238073417,323.52309483273103
396,396.0,0.000872,11.86534572025955,25.983821934151152,22.43158836767892,1331.4560103501974,0.010346581468066328,0.022657892726579806,0.01956034505661602,0.05256481925126215,0.19683471978870912,0.4310467162128739,0.3721185639984171,2.0,318.1468361581839,0.35000000000582077,8.4659860072461,3243.0268934047253,0.2947928273897564,0.17011734166674505,0.5350898309434985,0.014912519960430684,0.9156298403640091,0.06945763967556025,2.0,318.1468361581839,0.38688422113773413,two-phase,0.075,6.0,0.175,0.02033649915527033,0.020382874492816245,0.032228320095991816,0.03216295938963803,0.022989979925994643,0.8813596290824346,0.09565039099157072,0.025496757486040394,0.8785848408046183,0.09591840170934132,0.3065330656791183,0.14689327151335083,0.5465736628075308,0.30753343466547584,0.14695934490023949,0.5455072204342847,318.1468361581839,318.1534344883757,318.1468361581839,318.20830056299206
397,397.0,0.000872,10.708516742570128,26.888186478131743,22.66331063489636,1333.5427994570653,0.009337826599521152,0.02344649860893088,0.019762406873629627,0.05254673208208166,0.17770518221637105,0.44620279282650377,0.3760920249571252,2.0,311.0408198661853,0.35000000000582077,8.920756690781943,3222.338725266655,0.26771606844332413,0.18529644342580423,0.5469874881308716,0.010542107797116437,0.9307431559927687,0.05871473621011494,2.0,311.0408198661853,0.40899209657800384,two-phase,0.075,6.0,0.175,0.021491198122573236,0.0215059762037324,0.031055533959508424,0.030975194725485263,0.021438423512746833,0.8792287361502935,0.09933284033695972,0.021424516494302936,0.8802358214966013,0.09833966200909572,0.28584564682940605,0.14653812268801508,0.5676162304825788,0.28545505762428125,0.1458150659206219,0.5687298764550968,311.0408198661853,310.9943786842622,311.0408198661853,311.16633570785575
398,398.0,0.000872,9.274459370116498,27.745459601332566,23.669062358025265,1336.2617716102448,0.008087328570741587,0.024194040772362,0.020639422376198032,0.05292079171930163,0.1528194932086007,0.45717458084697904,0.39000592594442013,2.0,305.72208839069253,0.35000000000582077,9.367442289316672,3210.6059612348445,0.2310757321158122,0.19740421049358495,0.5715200573906027,0.007486478097115518,0.9396052686398072,0.05290825326307725,2.0,305.72208839069253,0.4264240626071114,two-phase,0.075,6.0,0.175,0.02256669900132938,0.02260258443331699,0.030354092717972247,0.030397700215462103,0.018927116596697446,0.8757797309511235,0.10529315245217906,0.020214077905388112,0.8751704484269888,0.10461547366762303,0.25236155462664994,0.14596328849417747,0.6016751568791726,0.25300606676933185,0.144376037764191,0.6026178954664771,305.72208839069253,305.620681471404,305.72208839069253,305.75290589956506
399,399.0,0.000872,8.223142333118332,28.03135467037987,24.715858120734136,1338.4261256543864,0.007170580114479186,0.024443341272571247,0.02155222828128017,0.05316614966833061,0.13487115691491336,0.45975383632362926,0.40537500676145727,2.0,304.2605725131539,0.35000000000582077,9.46833132803915,3196.274175430727,0.2041230124295463,0.20068400098504022,0.5951929865854136,0.006260568103681216,0.9408835305176654,0.05285590137865339,2.0,304.2605725131539,0.43201869862969033,two-phase,0.075,6.0,0.175,0.02296877079086353,0.022920214354891607,0.03019737887746708,0.03005826178124987,0.016848148197662425,0.8729244953859736,0.11022735641636412,0.016723545085912412,0.8740076707747565,0.10926878413933105,0.22464197597781713,0.1454874159034812,0.6298706081187017,0.22488418575733593,0.14541979038822417,0.6296960238544399,304.2605725131539,304.1339128861808,304.2605725131539,304.21600455754856
400,400.0,0.000872,7.441155257634107,27.003895167888952,25.341974406958265,1340.65848680273,0.006488687384656942,0.023547396586399167,0.022098201682867608,0.052134285653923716,0.1244610394727561,0.45166815447920017,0.4238708060480437,2.0,307.53979729266393,0.35000000000582077,8.872956793210957,3113.51918018104,0.18797056477003038,0.19242749599976816,0.6196019392302016,0.006514778207931481,0.9331150916489944,0.06037013014307416,2.0,307.53979729266393,0.4223991748003755,two-phase,0.075,6.0,0.175,0.022021479239024432,0.02200961331196209,0.030112806414899284,0.030148010547550664,0.015320651040566582,0.8708266452079167,0.1138527037515166,0.015295920339867623,0.8714017040855006,0.11330237557463174,0.20427534720980783,0.1451377742029205,0.6505868785872716,0.20386334778681825,0.14505165850764148,0.6510849937055402,307.53979729266393,307.53494890261686,307.53979729266393,307.33157316830096
401,401.0,0.000872,6.753750145991468,27.90426402633144,24.53241337831036,1343.2860688276714,0.00588927012730456,0.02433251823096102,0.021392264465886636,0.05161405282415221,0.11410206726778764,0.47143204029842994,0.41446589243378246,2.0,298.913884984529,0.35000000000582077,9.784578274191894,3079.9652365369784,0.17321142393394642,0.21422049299775314,0.6125680830683005,0.004327547746373254,0.9491106281362262,0.046561824117400626,2.0,298.913884984529,0.4503043510194402,two-phase,0.075,6.0,0.175,0.023242032560462967,0.023255752989799833,0.028372020263689245,0.028380749186709606,0.014666867889273934,0.8699287456066649,0.11540438650406129,0.013892497475102572,0.8708786693663814,0.11522883315851606,0.19555823853196477,0.14498812427394026,0.6594536371940949,0.19589048766649303,0.14586603705220877,0.6582434752812983,298.913884984529,298.86732630657013,298.913884984529,298.9209439420707
402,402.0,0.000872,6.344361483594671,28.850275407764897,25.393374768866902,1344.5247880836096,0.005532283213694553,0.025157440155570993,0.022143022798451942,0.05283274616771749,0.10471314885151581,0.4761713516785353,0.4191154994699488,2.0,296.77753755252127,0.35000000000582077,10.325550371314371,3138.916089649513,0.1591288671471653,0.21992374444693247,0.6209473884059022,0.003655386303754568,0.9520597651025233,0.04428484859372209,2.0,296.77753755252127,0.4579244691703934,two-phase,0.075,6.0,0.175,0.02419340724366617,0.024252961382348566,0.028639338924051322,0.028626670957729604,0.01362459315988182,0.8684972953312466,0.1178781115088716,0.013442306621312643,0.8688541470076357,0.11770354637105147,0.18166124213616186,0.1447495492253838,0.6735892086384543,0.18109781366538702,0.14510125498399068,0.6738009313506225,296.77753755252127,296.70897685328544,296.77753755252127,296.78011457189075
403,403.0,0.000872,7.643498960152041,27.968390615975288,25.195290581781265,1346.545095678796,0.00666513109325258,0.024388436617130454,0.021970293387313263,0.0530238610976963,0.12570059884873522,0.4599521066976778,0.4143472944535869,2.0,304.0030530056979,0.35000000000582077,9.43189201140065,3188.420496373385,0.19027355270029123,0.20115602184904205,0.6085704254506668,0.005779398840244132,0.9405734071246807,0.053647194035075126,2.0,304.0030530056979,0.43339952381211333,two-phase,0.075,6.0,0.175,0.022980516150421217,0.02295337102431904,0.030043344947275084,0.030186496328150885,0.015736036224111134,0.8713971313049539,0.11286683247093489,0.015444494098946703,0.8711180765190305,0.11343742938202264,0.20981381633316498,0.1452328552255794,0.6449533284412555,0.20910030423324302,0.14582845420551985,0.6450712415612372,304.0030530056979,304.15776195431107,304.0030530056979,304.0213458810518
404,404.0,0.000872,7.059634707620181,28.469034508779902,24.88173584143514,1347.541432452781,0.006156001465044798,0.024824998091656076,0.021696873653731446,0.052677873210432324,0.11686123774309218,0.47126044729421107,0.41187831496269667,2.0,299.0318658401004,0.35000000000582077,9.995843692680664,3158.776135460159,0.17738908694737268,0.2139509256876768,0.6086599873649505,0.004452374936553572,0.9491209874146344,0.04642663764881202,2.0,299.0318658401004,0.4497181614569854,two-phase,0.075,6.0,0.175,0.02369019628965981,0.023727235953423922,0.028987676920772514,0.028933567875566807,0.015007589451725534,0.8703966893730616,0.11459572117521287,0.014873132175133487,0.8712163115718651,0.11391055625300148,0.2001011926866779,0.14506611489333834,0.6548326924199838,0.2009500673455187,0.14652156217010928,0.652528370484372,299.0318658401004,299.02363327228113,299.0318658401004,299.2424898698707
405,405.0,0.000872,6.694509038732227,28.69594941345116,25.40471028757093,1348.8145850679964,0.005837611881774503,0.025022867888529414,0.02215290737076185,0.053013387141065765,0.11011580652715006,0.4720103588541685,0.4178738346186815,2.0,298.6049984136731,0.35000000000582077,10.084403217429971,3168.4379032935167,0.16718675172005412,0.2149868889063889,0.6178263593735569,0.004126908313079005,0.9493396601798041,0.04653343150711679,2.0,298.6049984136731,0.4515992533706594,two-phase,0.075,6.0,0.175,0.023940806051555016,0.02392171286668034,0.02907258108951075,0.029252275646404147,0.014183584408746553,0.8692650086386408,0.11655140695261265,0.013318194628747662,0.8697267890215773,0.11695501634967508,0.1891144587923127,0.1448775014466876,0.6660080397609998,0.18914214502191293,0.1448993419666452,0.6659585130114419,298.6049984136731,298.7320027070658,298.6049984136731,298.72905806829243
406,406.0,0.000872,5.8672031640970586,28.594822480925185,25.99953340537773,1349.7047396896785,0.005116201159092636,0.024934685203366763,0.02267159312948938,0.052722479491948776,0.09704022284979841,0.472942195504567,0.43001758164563464,2.0,298.0029964381512,0.35000000000582077,10.039237601693141,3126.880286722043,0.14737942491030492,0.21639973484632677,0.6362208402433682,0.003553133309998199,0.9493781938640578,0.047068672825944013,2.0,298.0029964381512,0.45456619482138194,two-phase,0.075,6.0,0.175,0.023965856884203503,0.023957405887923368,0.028756622607745273,0.028737174666417165,0.012558562213971825,0.8670332184887197,0.12040821929730837,0.013003687138914475,0.8666360548655441,0.12036025799554144,0.16744749618390184,0.1445055364127248,0.6880469674033735,0.16713955655370422,0.14331263966836247,0.6895478037779332,298.0029964381512,297.94967121988293,298.0029964381512,298.08150252997615
407,407.0,0.000872,4.638541125928873,28.43721078454389,25.44075107421428,1351.0041236493737,0.004044807861809978,0.024797247804122274,0.022184334936714855,0.051026390602647104,0.07926893934763524,0.4859690742624438,0.43476198638992103,2.0,292.3862060669712,0.35000000000582077,10.80016696104758,2999.5635685783063,0.1207008401459613,0.23217098044871814,0.6471281794053205,0.002323980723177328,0.9573083913389218,0.04036762793790091,2.0,292.3862060669712,0.4746898775047157,two-phase,0.075,6.0,0.175,0.02422171110467833,0.02428198821645354,0.026804679497968775,0.02670198944840559,0.010599116973614226,0.8643421348983323,0.12505874812805343,0.011266880020396145,0.8630826414319428,0.12565047854766104,0.14132155964736492,0.14405702248221466,0.7146214178704203,0.14076102436941934,0.14435614420004844,0.7148828314305322,292.3862060669712,292.4106836953511,292.3862060669712,292.28999835396405
408,408.0,0.000872,4.66933780701362,29.099755578046526,26.26565315138605,1352.1810748563762,0.004071662567715877,0.02537498686405657,0.022903649548008637,0.052350298979781086,0.07777725527963936,0.48471522338118805,0.43750752133917253,2.0,292.8725580994518,0.35000000000582077,10.931425049254827,3076.446686737813,0.11840518021669856,0.2307003056780854,0.650894514105216,0.0023253946832187734,0.9564572133951393,0.04121739192164191,2.0,292.8725580994518,0.4731899044418242,two-phase,0.075,6.0,0.175,0.024771632971743538,0.024623518891736695,0.027578666008037548,0.027584450874352583,0.01037400143930569,0.8640329633607269,0.12559303519996745,0.010257686457040699,0.8641111081695333,0.125631205373426,0.13832001919888215,0.14400549390192863,0.7176744868991892,0.13731846644655157,0.14434291639301197,0.7183386171604365,292.8725580994518,292.8670104978262,292.8725580994518,292.8212586245321
409,409.0,0.000872,5.649953779425656,29.032542688249794,25.18711753885536,1351.8081925167785,0.004926759695659172,0.02531637722415382,0.021963166493881876,0.052206303413694866,0.09437097387682067,0.4849295117400091,0.42069951438317027,2.0,293.01650688318125,0.35000000000582077,10.991254866433962,3101.18393935906,0.1436580144593857,0.23054509650737398,0.6257968890332403,0.0028378985103492543,0.9573577114518277,0.03980439003782296,2.0,293.01650688318125,0.4711707640381064,two-phase,0.075,6.0,0.175,0.024598083867035814,0.024502411661863992,0.02760821954665905,0.027519079905329737,0.01254561592197309,0.8670154381822072,0.12043894589581981,0.013162704018292578,0.8662913539690108,0.12054594201269654,0.1672748789653081,0.14450257303526326,0.6882225479994286,0.16734502453190991,0.14624350041815407,0.6864114750499358,293.01650688318125,292.84674465222946,293.01650688318125,293.0070224224884
410,410.0,0.000872,5.178904140961202,29.14827228862582,25.87313980457044,1353.657044416614,0.004516004410918168,0.025417293435681717,0.022561377909585425,0.05249467575618531,0.086027856079977,0.4841880261101882,0.4297841178098348,2.0,293.2013915265343,0.35000000000582077,10.9397550312091,3105.000781527986,0.13094715983747277,0.22986334468930358,0.6391894954732238,0.002606291960045598,0.956505291599707,0.040888416440247315,2.0,293.2013915265343,0.47132095854613,two-phase,0.075,6.0,0.175,0.024741840895973553,0.024631824910127956,0.02775283486021176,0.02769024479251306,0.01143930427098821,0.8654960402034235,0.12306465552558837,0.010673550070964571,0.8637694273947923,0.12555702253424303,0.1525240569489841,0.1442493400362443,0.7032266030147717,0.15329724356309518,0.14344136053596615,0.7032613959009386,293.2013915265343,293.34422535716067,293.2013915265343,293.1238508141332
411,411.0,0.000872,4.200451226494495,28.95842190424239,25.01453807399393,1353.616383910833,0.0036627934695032003,0.025251743900499366,0.02181267720052271,0.05072721457052527,0.0722056888105077,0.49779480529908166,0.4299995058904107,2.0,287.60115195482865,0.35000000000582077,12.900119002893288,2977.4942708957324,0.11014928303412772,0.24689054325917464,0.6429601737066976,0.0017390138247300152,0.9637598633669443,0.034501122808325534,2.0,287.60115195482865,0.4918373530090321,two-phase,0.075,6.0,0.175,0.024949538939888355,0.024774871001129635,0.025777675630636918,0.025808379417504,0.009935642977389955,0.8634309259878288,0.12663343103478125,0.00956802397438848,0.8641500380915537,0.12628193793405781,0.13247523970610062,0.14390515433952564,0.7236196059543738,0.13410964697270636,0.14303668566855707,0.7228536673587366,287.60115195482865,287.5876365941254,287.60115195482865,287.6511984073272
412,412.0,0.000872,4.540011604082547,28.521882792140552,25.97835052999752,1354.2244026617784,0.0039588901187599815,0.024871081794746563,0.02265312166215784,0.051483093575664385,0.07689689651111632,0.48309221663600477,0.4400108868528789,2.0,293.51824631513216,0.35000000000582077,10.578358136713197,3027.5274532962712,0.1170324449952846,0.22878172166692493,0.6541858333377906,0.0023594493272015636,0.9553831358581548,0.04225741481464365,2.0,293.51824631513216,0.47109858263866045,two-phase,0.075,6.0,0.175,0.024253612413349016,0.024204261324813174,0.02722948116231537,0.027274865798366424,0.010221413756776517,0.8638234008637978,0.12595518537942565,0.009729662932688518,0.8650361448284853,0.12523419223882615,0.13628551675408818,0.1439705668075356,0.7197439164383763,0.1363871417913171,0.14402898318805843,0.7195838750206244,293.51824631513216,293.59288813709543,293.51824631513216,293.5539372000537
413,413.0,0.000872,6.343165389663862,29.15393120095024,26.304553220658413,1354.190540591261,0.005531240219786888,0.02542222800722861,0.022937570408414137,0.05389103863542964,0.10263747665368764,0.47173386616667007,0.4256286571796422,2.0,298.5989993008485,0.35000000000582077,10.210235258361582,3217.7217591844724,0.15583302422027842,0.21487074684867555,0.629296228931046,0.0038457454599685973,0.9487653734648627,0.047388881075168775,2.0,298.5989993008485,0.4521971809153911,two-phase,0.075,6.0,0.175,0.024369375747543706,0.024424165456444942,0.029521662887885936,0.02946656061256602,0.01323289968836521,0.8679593472112814,0.11880775310035342,0.012794890378306894,0.8688212221635564,0.11838388745813665,0.1764386625113332,0.14465989120171385,0.678901446286953,0.17611283596717991,0.14587199437841217,0.6780151696544078,298.5989993008485,298.52379642860234,298.5989993008485,298.490168521543
414,414.0,0.000872,4.427296037207108,29.10230863190519,26.68129585087796,1354.445048332552,0.003860602144444598,0.025377213127021327,0.023266089981965582,0.05250390525343151,0.07352980936960456,0.4833395345456278,0.44313065608476765,2.0,293.37054011397026,0.35000000000582077,10.800532601970986,3081.215885029688,0.11191511076862382,0.22916043761663413,0.658924451614742,0.002242821058104474,0.9553864288359453,0.04237075010595017,2.0,293.37054011397026,0.4719064210949,two-phase,0.075,6.0,0.175,0.02477693002165258,0.024755754363921446,0.027726975231778927,0.027809108505780226,0.009786809640661667,0.8632265196881123,0.12698667067122615,0.008064513767679622,0.8623723688096543,0.12956311742266602,0.13049079521602533,0.14387108662262704,0.7256381181613476,0.12909180181951446,0.144807711552253,0.7261004866282326,293.37054011397026,293.3540556758123,293.37054011397026,293.49022178487985
415,415.0,0.000872,3.2700388008034724,29.20744364292373,25.604521962218698,1354.6579489498442,0.002851473834300628,0.025468890856629494,0.022327143151054704,0.050647507841984823,0.0563003779612798,0.5028656283758304,0.4408339936628899,2.0,285.464413401457,0.35000000000582077,16.360047613733517,2944.4134632495334,0.08594871455860849,0.2536565464904599,0.6603947389509317,0.0012391814241336004,0.9656824947280719,0.033078323847794536,2.0,285.464413401457,0.5011864963162225,two-phase,0.075,6.0,0.175,0.025383847002472777,0.025398909022008632,0.025263660839512047,0.025351389489765296,0.007871940228853827,0.860596656113764,0.131531403657382,0.007513777829472449,0.8599045458630188,0.13258167630750875,0.10495920305456768,0.14343277602331087,0.7516080209221214,0.10464711180766365,0.14226992242902287,0.7530829657633135,285.464413401457,285.3777281654647,285.464413401457,285.4746444348379
416,416.0,0.000872,4.190990607685789,29.565516254175662,26.048742668894377,1354.3968014809595,0.0036545438099020084,0.02578113017364118,0.022714503607275897,0.05215017759081909,0.07007730325630535,0.49436322874919386,0.43555946799450074,2.0,288.9197865770832,0.35000000000582077,12.348640682404042,3057.278659559449,0.10685118308155012,0.24265848421556413,0.6504903327028857,0.0017829550104137414,0.9618148971620051,0.036402147827581215,2.0,288.9197865770832,0.48746603322797455,two-phase,0.075,6.0,0.175,0.025421440202330992,0.02550450863471089,0.026728737388488095,0.026843908985873507,0.009571764610253025,0.8629311788709217,0.1274970565188251,0.008842271918127234,0.8639796322299396,0.12717809585193313,0.12762352814170205,0.14382186315078263,0.7285546087075153,0.12755933511720383,0.1449767510467217,0.7274639138360744,288.9197865770832,289.04338642535953,288.9197865770832,288.74687946240897
417,417.0,0.000872,5.023063992625389,29.185223094119632,25.737274789210208,1355.4681326091254,0.0043801118015693394,0.02544951453807232,0.022442903616191303,0.052272529955832966,0.08379375946161896,0.4868621159063006,0.4293441246320804,2.0,292.08730312274724,0.35000000000582077,11.20006014562792,3092.40847553793,0.12760655912522306,0.23313805288161266,0.6392553879931643,0.0024271315159797332,0.9580639472317595,0.0395089212522607,2.0,292.08730312274724,0.4752690666646231,two-phase,0.075,6.0,0.175,0.024843516524307285,0.024942469701405543,0.027429013431525682,0.027472577293890327,0.011214846261283367,0.8651877716932183,0.12359738204549836,0.010583580881193398,0.865054793945132,0.12436162517367472,0.14953128348701514,0.14419796195199117,0.7062707545609938,0.14971484938694019,0.1451329879171628,0.7051521626958971,292.08730312274724,292.1184440574923,292.08730312274724,292.08216883691273
418,418.0,0.000872,4.851304787851871,28.132107416450044,25.807608877696502,1355.518930873953,0.004230337775006831,0.024531197667144438,0.022504234941351352,0.05126577038350262,0.08251778415424257,0.47851027076418623,0.4389719450815712,2.0,295.4717330019763,0.35000000000582077,10.136316115276326,3026.922570231166,0.1254769552195239,0.22322637184561156,0.6512966729348647,0.0027364664626373897,0.9526089401780966,0.044654593359266095,2.0,295.4717330019763,0.46407641950645484,two-phase,0.075,6.0,0.175,0.02379123516281595,0.023786300532224726,0.02747453522068667,0.027586913931199955,0.010843728685402725,0.864678082309554,0.12447818900504327,0.010626115714376317,0.8649797139332854,0.12439417035233817,0.14458304913456244,0.1441130137141319,0.7113039371513056,0.14559014410280774,0.1429043643291631,0.7115054915680292,295.4717330019763,295.5084383546444,295.4717330019763,295.4998536475686
419,419.0,0.000872,5.776452745724124,29.804183502223307,26.238821750348453,1355.8009139428375,0.005037066794271437,0.025989248013938725,0.02288025256630385,0.05390656737451401,0.09344068894753749,0.4821165449726992,0.4244427660797633,2.0,294.15226481588945,0.35000000000582077,11.04880379664015,3208.2249450498357,0.14217148754115244,0.22720449200316878,0.6306240204556788,0.0029406344177929943,0.955524643338121,0.04153472224408594,2.0,294.15226481588945,0.46748706538346596,two-phase,0.075,6.0,0.175,0.025200622986807645,0.025302956609857548,0.028705944387706368,0.02854397410247264,0.012347369568793976,0.8667431684979439,0.12090946193326225,0.011105071088202963,0.8694542963357191,0.11944063257607794,0.16463159424277346,0.14445719474280186,0.6909112110144247,0.16456852751015735,0.1452683579139458,0.690163114575897,294.15226481588945,294.28808323059997,294.15226481588945,294.249544052033
420,420.0,0.000873,24.66475716727596,33.2282679528174,36.23327866308924,1348.254332965946,0.02153233300703191,0.029008277922809588,0.031631652272876905,0.08217226320271839,0.26203894316397003,0.3530178772275795,0.38494317960845065,2.0,351.2377460909736,0.35000000000582077,11.244967827654706,5219.8816820320835,0.37448110848687405,0.11189537138490133,0.5136235201282245,0.05321777899553227,0.8008168166439705,0.14596540436049718,2.0,351.2377460909736,0.2780618044489529,two-phase,0.075,6.0,0.175,0.02284896778180217,0.02285528277895339,0.059323295420916224,0.059266717628614636,0.02645814542231414,0.8861227748174628,0.08741907976022298,0.025997949123058178,0.8863341289651978,0.08766792191174401,0.35277527227508143,0.14768712912684925,0.49953759859806934,0.3514607515114868,0.14734791001006128,0.5011913384784519,351.2377460909736,351.3533802206635,351.2377460909736,351.20399845066095
421,421.0,0.000873,24.65240974715321,32.43260931622241,35.63212086491283,1339.0822833364468,0.021521553709264753,0.028313667933062163,0.031106841515068897,0.08094206315739581,0.2658883758301915,0.34980165847767986,0.38430996569212866,2.0,352.4817453747436,0.35000000000582077,11.000073067001603,5111.811336204713,0.37902134570673207,0.11002720580430006,0.5109514484889679,0.05578428891936922,0.7950970705795503,0.14911864050108053,2.0,352.4817453747436,0.27353162845247425,two-phase,0.075,6.0,0.175,0.022140214345745497,0.022084593817240636,0.05880184881165032,0.05864890427564661,0.026696218900411888,0.886449742683456,0.08685403841613203,0.027240366477957082,0.8848847986225916,0.08787483489945135,0.35594958531436177,0.14774162377042213,0.49630879091521596,0.35537364580415787,0.1480605140142157,0.49656584018162647,352.4817453747436,352.5582796283572,352.4817453747436,352.5645392014883
422,422.0,0.000873,29.42207558093785,30.626047664332177,35.30611430149207,1332.358895661268,0.02568547198215874,0.02673653961096199,0.03082223778520258,0.08324424937832331,0.30855551193001934,0.32118182109434873,0.3702626669756319,2.0,363.22967077711803,0.35000000000582077,11.013404914106534,5314.056198344835,0.42912301828527516,0.09468775782915627,0.4761892238855685,0.08464442870198917,0.7418136528666285,0.1735419184313823,2.0,363.22967077711803,0.23291038660681807,two-phase,0.075,6.0,0.175,0.019388450305499655,0.019353876800429125,0.06385579907282365,0.06387863886072095,0.029496438209725646,0.8902955374549681,0.08020802433530626,0.030351378224361545,0.888699104897564,0.08094951687807457,0.3932858427953621,0.1483825895754583,0.45833156762917954,0.3944671239962703,0.148383791672054,0.4571490843316756,363.22967077711803,363.08749804241427,363.22967077711803,363.24838497579503
423,423.0,0.000873,30.681028542775103,31.34909441074525,34.93986747523694,1323.8990514601553,0.026784537917842664,0.0273677594205806,0.030502504305881844,0.08465480164430511,0.31639714933576374,0.3232865577498129,0.3603162929144233,2.0,362.8339980696122,0.35000000000582077,11.23653575169103,5392.358949217513,0.44046932786546245,0.09553102581392794,0.4639996463206097,0.08597738921252561,0.7462611170531733,0.16776149373430105,2.0,362.8339980696122,0.23518933975719847,two-phase,0.075,6.0,0.175,0.019909906906000717,0.019821474873592402,0.06474489473830439,0.06463389947966885,0.030327548628531383,0.8914369766539292,0.07823547471753947,0.031110107021747324,0.8919188107496558,0.07697108222859687,0.4043673150397242,0.14857282943961697,0.44705985552065886,0.40436859252108726,0.14915768018968337,0.4464737272892293,362.8339980696122,362.76443015766057,362.8339980696122,362.70249260870844
424,424.0,0.000873,34.838796315570185,30.11203364573344,33.982800750352425,1315.4557731123848,0.03041426918349277,0.026287805372725292,0.029666985055057667,0.08636905961127572,0.3521431091224027,0.3043660020271119,0.3434908888504855,2.0,369.6467567406238,0.35000000000582077,11.328635966362235,5541.968577037845,0.4813581797603756,0.0864416916587794,0.4322001285808449,0.11217226365558898,0.7090825784191906,0.17874515792522042,2.0,369.6467567406238,0.20822058760677464,two-phase,0.075,6.0,0.175,0.017983816343304378,0.017935900234962925,0.06838524326797134,0.0683511550346435,0.032711005019025303,0.8947103931587822,0.07257860182219242,0.03306335835111842,0.8934187884243293,0.07351785322455236,0.4361467335860505,0.149118398859471,0.41473486755447847,0.4360513135387571,0.1497771832381187,0.4141715032231243,369.6467567406238,369.5463679270227,369.6467567406238,369.50524006327555
425,425.0,0.000873,38.73076677749607,29.69200447720006,33.19546886533921,1306.761580814813,0.03381195939675407,0.025921119908595653,0.02897964431944113,0.08871272362479085,0.3811399088563806,0.2921916817505079,0.3266684093931115,2.0,373.977490175424,0.35000000000582077,11.580024283714232,5719.807843427199,0.5143732639368251,0.08096374615306452,0.4046629899101104,0.13370653513923197,0.6844721335685022,0.1818213312922658,2.0,373.977490175424,0.19069475078140385,two-phase,0.075,6.0,0.175,0.01691705072276905,0.01689888096335379,0.0717956729020218,0.0722010689381524,0.03470767104354405,0.8974525954210817,0.06783973353537419,0.0338181152190658,0.8977876719005304,0.06839421288040387,0.4627689472381965,0.1495754325672527,0.38765562019455085,0.4608368347418605,0.14866241137672404,0.3905007538814156,373.977490175424,374.0502435447866,373.977490175424,374.0897461624389
426,426.0,0.000873,42.11928688201719,29.57237893341134,32.82094630374535,1298.3135552412757,0.036770137448001006,0.0258166868088681,0.02865268612316969,0.0912395103800388,0.4030067379235466,0.2829551221979839,0.31403813987846946,2.0,377.1320618994306,0.35000000000582077,11.86381691357972,5893.4369008269505,0.5385188797132571,0.07703039372753528,0.3844507265592075,0.15134133174642828,0.6653867607802267,0.1832719074733449,2.0,377.1320618994306,0.17750354085001163,two-phase,0.075,6.0,0.175,0.016195336157878278,0.016234379146439094,0.07504417422216052,0.07500596477624595,0.03616316313801729,0.8994515545147683,0.0643852823472143,0.036149177657114895,0.8989878302254666,0.06486299211741853,0.48217550848135915,0.14990859241118826,0.36791589910745254,0.4822536983463223,0.1481163240550733,0.36962997759860444,377.1320618994306,377.1491270936056,377.1320618994306,377.2516603172688
427,427.0,0.000873,48.412223970730025,28.291126997815844,32.6997145157222,1289.6361966534682,0.04226387152644731,0.024698153869093232,0.02854685077222548,0.09550887616776602,0.44251249959437017,0.2585953773103739,0.298892123095256,2.0,384.418562046079,0.35000000000582077,12.293783914014362,6211.828306840129,0.5767821456236603,0.06764029542394545,0.35557755895239435,0.1931545855440344,0.6132262436651096,0.19361917079085603,2.0,384.418562046079,0.1438904473616276,two-phase,0.075,6.0,0.175,0.013742814918786143,0.013813759582708779,0.08176606124897987,0.08186756375283506,0.038283984674679784,0.9023642708003904,0.05935174452492989,0.036484318014000046,0.9027243519408328,0.06079133004516716,0.5104531290029426,0.1503940451355233,0.33915282586153406,0.5097552461630237,0.15128790046187857,0.3389568533750977,384.418562046079,384.27951080271595,384.418562046079,384.45085296911947
428,428.0,0.000873,53.61601750878407,28.537025596937,30.771699228863906,1282.5922329975965,0.04680678328516849,0.024912823346126,0.026863693426798188,0.09858330005809268,0.4747942426109333,0.2527083525449594,0.2724974048441073,2.0,386.73942526587314,0.35000000000582077,12.76014549474692,6463.90856052228,0.6136129223526346,0.06528041930981356,0.32110665833755175,0.21698812309487614,0.6007887999759272,0.18222307692919676,2.0,386.73942526587314,0.13483860084670596,two-phase,0.075,6.0,0.175,0.013292834246684204,0.013237714917335991,0.08529046581140848,0.08523103473337965,0.0406838958137613,0.9056602861045805,0.05365581808165823,0.04249688288157842,0.904191608792829,0.05331150832559252,0.5424519442088453,0.15094338102448715,0.30660467476666753,0.5420870423935772,0.151076895901894,0.3068360617045287,386.73942526587314,386.720550844572,386.73942526587314,386.8889959379911
429,429.0,0.000873,58.43628051343911,26.988797241398533,31.09045285584279,1275.3763926698402,0.05101487288823234,0.02356121999174092,0.027141965343150755,0.10171805822312402,0.501532115136611,0.2316326166987785,0.26683526816461045,2.0,392.19167841541935,0.35000000000582077,13.04855928245177,6684.361359370643,0.634608217711104,0.0581336377430484,0.30725814454584754,0.25439078178843516,0.5538450061821846,0.19176421202938024,2.0,392.19167841541935,0.10643066270858981,two-phase,0.075,6.0,0.175,0.010825920346118012,0.01083867850276146,0.09089213787700601,0.0909127831048303,0.041722411775226835,0.9070865741115198,0.05119101411325334,0.041709519740747956,0.9076597236437222,0.050630756615529834,0.5562988236685193,0.15118109568493487,0.2925200806465458,0.5576460461601772,0.15189872015062042,0.2904552336892023,392.19167841541935,392.0422671818475,392.19167841541935,392.2973394003235
430,430.0,0.000873,63.868946018688135,26.452548660546032,30.27772805315616,1269.3424501417692,0.05575758987431474,0.023093074980656686,0.026432456590405325,0.10528312144537676,0.529596663822729,0.21934261317126594,0.25106072300600507,2.0,395.5227492526356,0.35000000000582077,13.505816356204965,6955.6684093839085,0.6609922304509159,0.05410386474622259,0.28490390480286154,0.2855763258032511,0.5262145745266561,0.1882090996700929,2.0,395.5227492526356,0.08947884853114374,two-phase,0.075,6.0,0.175,0.009420612476696878,0.009391204793049541,0.09586250896867989,0.09586423929092668,0.043303926343730634,0.9092586112831904,0.047437462373078915,0.04279721042319847,0.9101728986539673,0.04702989092283425,0.5773856845691844,0.15154310187688594,0.27107121355392955,0.5762241947722395,0.15225964985332266,0.2715161553744378,395.5227492526356,395.51743360382864,395.5227492526356,395.59111212558355
431,431.0,0.000873,69.09912244445877,26.494132142578216,29.992618444132265,1262.2111214987535,0.06032353389401251,0.02312937736047078,0.026183555901727468,0.10963646715621075,0.5502141345731538,0.2109642709256209,0.23882159450122528,2.0,397.7495958888202,0.35000000000582077,14.056400447046176,7254.060724920971,0.6802272688133733,0.05144485238888609,0.26832787879774067,0.3087611709883375,0.5072146196315925,0.18402420938006997,2.0,397.7495958888202,0.07793117026449181,two-phase,0.075,6.0,0.175,0.008544098189148025,0.008556265764749823,0.10109236896706272,0.10122833539274524,0.04447187441502718,0.9108626601583455,0.0446654654266274,0.04523597250560383,0.9102285472079317,0.04453548028646453,0.5929583255913791,0.15181044337449243,0.2552312310341284,0.5915461562869836,0.15272094222793592,0.2557329014850805,397.7495958888202,397.5840586384215,397.7495958888202,397.6584647399468
432,432.0,0.000873,72.58641335055982,25.651716028066343,28.41932257130908,1256.7417088916138,0.06336793885503872,0.022393948092501916,0.024810068604752825,0.11057195555229346,0.5730923228998128,0.202528281069525,0.22437939603066215,2.0,399.97835199616463,0.35000000000582077,14.194299662618636,7344.024958707001,0.7016104458080331,0.04883003386357029,0.24955952032839676,0.3344158089320242,0.4879678830179154,0.1776163080500604,2.0,399.97835199616463,0.06628825262305327,two-phase,0.075,6.0,0.175,0.007329621722675446,0.007326739275988145,0.10324233382961802,0.10360326103841541,0.04578958758397548,0.912672394972245,0.04153801744377959,0.044212926647306916,0.9133302127321461,0.04245686062054697,0.6105278344771501,0.15211206583472284,0.2373600996881271,0.6122951133500055,0.15116326699980118,0.2365416196501934,399.97835199616463,400.03123474550307,399.97835199616463,400.15149487126786
433,433.0,0.000873,78.50909366420942,24.21040568983893,27.992452079548613,1252.9369494636685,0.06853843876885482,0.021135684167229385,0.024437410665445938,0.11411153360153015,0.6006267430265767,0.1852195260212152,0.21415373095220808,2.0,403.8907106811897,0.35000000000582077,14.629485857487644,7623.275224242146,0.7223161783060692,0.04378629042018372,0.233897531273747,0.374632077511687,0.4478812492754296,0.17748667321288344,2.0,403.8907106811897,0.04311743032303639,two-phase,0.075,6.0,0.175,0.004920196099118802,0.004893170852012235,0.10919133750241135,0.1097309809643866,0.04691827658176087,0.91422252578806,0.038859197630179046,0.04692081743902915,0.9149260885235523,0.038153094037418664,0.6255770211267042,0.15237042097358133,0.22205255789971437,0.626327116294328,0.15213675646056976,0.22153612724510235,403.8907106811897,403.92850694379314,403.8907106811897,403.9443408244105
434,434.0,0.000873,80.7926851489038,23.42056651522187,27.0569424525486,1248.7902862753274,0.07053201413499302,0.020446154567788692,0.02362071076107493,0.11459887946385665,0.6154686194574714,0.17841496063002263,0.20611641991250593,2.0,405.46365195336125,0.35000000000582077,14.692418377938687,7667.801876529276,0.7347004747412726,0.04184881558863404,0.2234507096700934,0.39403803107777957,0.43203780141600684,0.1739241675062135,2.0,405.46365195336125,0.03392668333253823,two-phase,0.075,6.0,0.175,0.0038879598938339833,0.0038987874382523384,0.11071091957002266,0.11081375454197918,0.04765568587034654,0.9152352767326881,0.03710903739696538,0.04738464223370867,0.914563867102074,0.0380514906642174,0.6354091449410618,0.15253921278952742,0.21205164226941078,0.6344406784084712,0.15253588738619345,0.21302343420533532,405.46365195336125,405.65444680269593,405.46365195336125,405.42506807590007
435,435.0,0.000873,84.76477649671008,23.357812843820785,26.91428963765802,1244.2801503787218,0.0739996498816279,0.020391370612655543,0.02349617485367545,0.11788719534795888,0.6277157554152393,0.17297358336898125,0.1993106612157795,2.0,406.7049671554114,0.35000000000582077,15.10840368325036,7889.873907472014,0.7448796178276845,0.04032404898124296,0.21479633319107255,0.41012572522504764,0.4193227186555707,0.17055155611938158,2.0,406.7049671554114,0.026584913983242586,two-phase,0.075,6.0,0.175,0.0031340209480512026,0.0031283326933286173,0.11475317439990768,0.11495613152979818,0.048265582791231595,0.9160729034209959,0.03566151378777251,0.04579144767519933,0.9182694218127615,0.03593913051203919,0.6435411039428136,0.15267881725100244,0.2037800788061839,0.6421132636712784,0.154389479120767,0.20349725720795458,406.7049671554114,406.78975448436114,406.7049671554114,406.6381401548809
436,436.0,0.000873,88.60153472241363,22.93139703954612,26.366889702511106,1242.0275848001577,0.0773491398126671,0.02001910961552376,0.023018294710292195,0.12038654413848306,0.6425065223542826,0.16629025908821984,0.1912032185574975,2.0,408.19409983768963,0.35000000000582077,15.44662610472401,8083.018426165132,0.7569298077415814,0.038482975006630456,0.20458721725178816,0.4300061352107553,0.4036466438063539,0.16634722098289076,2.0,408.19409983768963,0.017595389246707782,two-phase,0.075,6.0,0.175,0.0021182481041825767,0.0021148553046793045,0.11826829603430047,0.1178599636808973,0.0489852602944091,0.9170613016927535,0.03395343801283738,0.04885844753679461,0.9169401391994179,0.03420141326378753,0.6531368039285751,0.15284355028285582,0.19401964578856915,0.6528747374894233,0.15274162025698415,0.1943836422535925,408.19409983768963,408.15180841210736,408.19409983768963,408.219778215841
437,437.0,0.000873,91.17878235664512,22.28682446046629,25.36261360160908,1239.1087879478507,0.07959907699735118,0.019456397753987068,0.022141561674204727,0.12119703642554297,0.6567741204320011,0.1605352600015104,0.18269061956648855,2.0,409.4841235628928,0.35000000000582077,15.56896787349346,8157.458661239609,0.7688243314943334,0.036917363036899686,0.1942583054687669,0.4486808713204547,0.3901113543597101,0.16120777431983513,2.0,409.4841235628928,0.009836943383561447,two-phase,0.075,6.0,0.175,0.0011922083855735006,0.0011883822821878195,0.12000482803996947,0.11997319113988257,0.04971038237877623,0.9180571775321086,0.032232440089115036,0.04945879264244955,0.918519774548707,0.032021432808843425,0.6628050984432241,0.1530095296024299,0.18418537195434595,0.661956389123776,0.15411570638210675,0.1839279044941173,409.4841235628928,409.5659305722203,409.4841235628928,409.31701765440897
438,438.0,0.000873,94.81027812363658,22.067271755754405,24.44651103424136,1235.7886373121542,0.08276937280193473,0.019264728242773595,0.021341804132892706,0.12337590517760104,0.6708714532451637,0.1561466010323636,0.17298194572247258,2.0,410.52023432490734,0.35000000000582077,15.875178390147608,8322.080444153664,0.7812671177502817,0.03572737358392549,0.18300550866579296,0.46585093345401546,0.37978230914645156,0.154366757399533,2.0,410.52023432490734,0.003860992466798052,two-phase,0.075,6.0,0.175,0.0004763534404751084,0.0004754184302054221,0.12289955173712593,0.12324623519833793,0.050495700249305386,0.9191357256588156,0.030368574091878996,0.0516261706676054,0.9180787842191092,0.03029504511328534,0.6732760033036541,0.153189287605157,0.17353470909118882,0.6733854874895209,0.15346750438057347,0.17314700812990583,410.52023432490734,410.3804679368128,410.52023432490734,410.5902016524426
439,439.0,0.000873,97.14956570688028,20.537792815293653,24.167919173967668,1233.1162680681005,0.08481157086210649,0.01792949312775136,0.021098593438873773,0.12383965742873161,0.6848498503875031,0.14477989926667545,0.17037025034582146,2.0,412.6685880462034,0.35000000000582077,15.909321242139773,8367.23507770097,0.7888744802459452,0.03278396045405971,0.17834155929999523,0.4916612520829584,0.3527723570572369,0.15556639085980456,2.0,412.6685880462034,0.0,liquid,0.075,6.0,0.175,0.0,1.2836713220847517e-15,0.12383965742873161,0.12416138120730842,0.054075180355612325,0.9145361320041805,0.031388687640207164,0.054180319515323365,0.9147761089246916,0.03104357155998499,0.6848498503875031,0.14477989926667545,0.17037025034582146,0.6836353200327712,0.14666683594049093,0.1696978440267378,412.6685880462034,412.5723407858353,412.6685880462034,412.573230964734
440,440.0,0.000873,100.74217460747106,20.86445147078563,23.43881834884672,1232.4463894269106,0.08794791843232223,0.018214666133995857,0.020462088418543186,0.12662467298486127,0.6945559373159205,0.14384768548364604,0.16159637720043352,2.0,413.0173208538229,0.35000000000582077,16.31738992340639,8583.353562607068,0.7986175910093275,0.032518217250269904,0.1688641917404025,0.5012985804607647,0.35060241219846283,0.1480990073407725,2.0,413.0173208538229,0.0,liquid,0.075,6.0,0.175,0.0,0.0,0.12662467298486127,0.12670505802450804,0.055213629958643456,0.914812178543225,0.02997419149813144,0.05605320965554534,0.9140998385267927,0.02984695181766213,0.6945559373159205,0.14384768548364604,0.16159637720043352,0.6930228124274308,0.14469777885863558,0.16227940871393362,413.0173208538229,413.0506351070304,413.0173208538229,413.0543816647054
441,441.0,0.000873,100.17793077984544,20.68226264933272,23.407592833320507,1230.4534317710104,0.08745533357080507,0.018055615292867463,0.0204348285434888,0.12594577740716134,0.6943887708761907,0.14336022742943355,0.1622510016943757,2.0,413.09179678006166,0.35000000000582077,16.207791748017492,8519.988428538234,0.7981181626326923,0.03239641199556707,0.16948542537174066,0.5017484719037407,0.34943588465957426,0.14881564343668494,2.0,413.09179678006166,0.0,liquid,0.075,6.0,0.175,0.0,9.85986006847443e-16,0.12594577740716134,0.12628069013614174,0.055365990416015955,0.9144480798997369,0.030185929684247183,0.055199187678011526,0.9148468745453335,0.02995393777665487,0.6943887708761907,0.14336022742943355,0.1622510016943757,0.6956909728066484,0.1412388324481643,0.16307019474518733,413.09179678006166,412.87597181378686,413.09179678006166,413.0396347463258
442,442.0,0.000873,100.79699315900436,19.98213636963858,22.747101427719965,1229.2221738412536,0.08799577502781081,0.01744440505069448,0.01985821954639953,0.1252983996249048,0.7022896963667238,0.1392228879452277,0.15848741568804867,2.0,413.9091268766095,0.35000000000582077,16.13202972209023,8488.940877434878,0.8037815278201572,0.031338204408715424,0.16488026777112727,0.5138048665285572,0.3395801573660075,0.14661497610543542,2.0,413.9091268766095,0.0,liquid,0.075,6.0,0.175,0.0,1.085765561786531e-15,0.1252983996249048,0.12548287647458312,0.05751793835846305,0.9121948994381112,0.030287162203425894,0.05829519710586129,0.9112226039307536,0.030482198963385016,0.7022896963667238,0.1392228879452277,0.15848741568804867,0.70047654274253,0.14077448326728598,0.15874897399018395,413.9091268766095,413.9054107981161,413.9091268766095,413.882685005337
443,443.0,0.000873,102.91343320060088,19.093358760597425,23.68435077181697,1227.3325195767782,0.08984342718412457,0.01666850219800155,0.020676438223796213,0.12718836760592234,0.7063808497212063,0.1310536687572473,0.16256548152154635,2.0,415.2676605569587,0.35000000000582077,16.32104072194924,8606.06840381143,0.8027182725480605,0.029308351976101234,0.16797337547583827,0.5274684930465391,0.32000925706110184,0.15252224989235905,2.0,415.2676605569587,0.0,liquid,0.075,6.0,0.175,0.0,3.961984966584501e-15,0.12718836760592234,0.12764636258676787,0.06105282867848782,0.9061624124698642,0.03278475885164803,0.05992456500094836,0.9051490012536682,0.03492643374538348,0.7063808497212063,0.1310536687572473,0.16256548152154635,0.708411222818353,0.13034119683847023,0.16124758034317666,415.2676605569587,415.1656342277468,415.2676605569587,415.19196956968216
444,444.0,0.000873,104.08295633213903,19.90684634744865,22.02465795987172,1226.2213258061313,0.09086442087795737,0.01737867686132267,0.019227526398968013,0.12747062413824806,0.7128263589531852,0.13633475931266056,0.15083888173415413,2.0,414.57401784623084,0.35000000000582077,16.43146716547184,8645.234559509336,0.8130081131172534,0.030590556226584374,0.15640133065616213,0.5267745297951948,0.3327168507541664,0.14050861945063878,2.0,414.57401784623084,0.0,liquid,0.075,6.0,0.175,0.0,0.0,0.12747062413824806,0.12758127851526038,0.05954329187885274,0.9110572598811566,0.029399448239990612,0.05933707327827481,0.9098471247219224,0.03081580199980273,0.7128263589531852,0.13633475931266056,0.15083888173415413,0.7132756962144622,0.1363372020494627,0.1503871017360751,414.57401784623084,414.5841485517462,414.57401784623084,414.55789490311275
445,445.0,0.000873,103.83801026567666,19.441826246737104,21.70928588037832,1226.0729078410593,0.09065058296193572,0.016972714313401492,0.018952206573570274,0.12657550384890748,0.7161779349513382,0.13409161960486235,0.1497304454437995,2.0,414.9901136527196,0.35000000000582077,16.31893392696699,8592.390612820447,0.8150447918551029,0.03002748670201451,0.15492772144288264,0.5325680578482875,0.3273535807060031,0.1400783614457094,2.0,414.9901136527196,0.0,liquid,0.075,6.0,0.175,0.0,0.0,0.12657550384890748,0.12644043576837263,0.06072969651621713,0.9096447088417638,0.029625594642018933,0.06096749163341708,0.9095662329870021,0.029466275379580773,0.7161779349513382,0.13409161960486235,0.1497304454437995,0.713631705373234,0.13635636103825616,0.1500119335885099,414.9901136527196,414.88234001691484,414.9901136527196,415.1790516073213
446,446.0,0.000873,106.03124951352584,19.47991707461401,22.110561022776004,1224.460871269377,0.09256528082530806,0.017005967606138032,0.019302519772883452,0.12887376820432953,0.7182631664695773,0.13195833289498488,0.14977850063543793,2.0,415.3617744441522,0.35000000000582077,16.597684170370133,8739.715282528918,0.8158149406642706,0.029497428573285567,0.15468763076244377,0.5370955858261484,0.3222428694883731,0.14066154468547842,2.0,415.3617744441522,0.0,liquid,0.075,6.0,0.175,0.0,3.201667249715949e-15,0.12887376820432953,0.12900361158922782,0.06178919903800366,0.9081462145467507,0.03006458641524569,0.061585752745062346,0.9096786347469947,0.02873561250794294,0.7182631664695773,0.13195833289498488,0.14977850063543793,0.7168946527920002,0.13235584706217404,0.15074950014582578,415.3617744441522,415.40419925789774,415.3617744441522,415.5002804068571
447,447.0,0.000873,106.26754521043851,18.95147223033692,21.70773004171151,1224.4239631631756,0.09277156696871282,0.01654463525708413,0.01895084832641415,0.1282670505522111,0.7232688876006402,0.12898585557129993,0.14774525682805972,2.0,415.9172344749597,0.35000000000582077,16.528888259262878,8712.464222379398,0.8190827842161325,0.02875681314629139,0.15216040263757605,0.5453287938899478,0.31512550578520515,0.13954570032484703,2.0,415.9172344749597,0.0,liquid,0.075,6.0,0.175,0.0,0.0,0.1282670505522111,0.1271393544613445,0.06351776121133214,0.9062071286927513,0.030275110095916567,0.0632995273634044,0.9046408961539766,0.032059576482619014,0.7232688876006402,0.12898585557129993,0.14774525682805972,0.7248426619155847,0.12724072427409927,0.1479166138103161,415.9172344749597,415.91916721732645,415.9172344749597,415.95268237045923
448,448.0,0.000873,107.570830997891,18.690204820714303,21.68776382033173,1223.708775901686,0.09390933546115883,0.016316548808483586,0.018933417815149598,0.129159302084792,0.727081471836292,0.1263288709764931,0.14658965718721495,2.0,416.39706146782487,0.35000000000582077,16.641950856195823,8777.44312153251,0.8212957618324163,0.028100307386350328,0.15060393078123346,0.5521120761329258,0.30875334621144934,0.13913457765562487,2.0,416.39706146782487,0.0,liquid,0.075,6.0,0.175,0.0,3.3437773337321307e-15,0.129159302084792,0.12930766184826115,0.06506069405760805,0.9043326607662739,0.030606645176118087,0.06529963553965991,0.904116071304657,0.0305842931556831,0.727081471836292,0.1263288709764931,0.14658965718721495,0.7281367187719567,0.12540100852036334,0.1464622727076798,416.39706146782487,416.537098059513,416.39706146782487,416.39453204126835
449,449.0,0.000873,107.02247153844662,18.30187195111853,21.473411552462665,1223.724459091817,0.0934306176530639,0.015977534213326476,0.018746288285299905,0.12815444015169028,0.729047058708809,0.12467405884973344,0.1462788824414575,2.0,416.68631877656617,0.35000000000582077,16.51281943415607,8714.277634358823,0.8222415746290216,0.02769418165748904,0.1500642437134894,0.5559715291464093,0.30477954506004173,0.13924892579354894,2.0,416.68631877656617,0.0,liquid,0.075,6.0,0.175,0.0,1.1501313395474111e-15,0.12815444015169028,0.12675175924251733,0.06601122518703244,0.9030843510471621,0.030904423765805558,0.06855910788713067,0.9014312337286055,0.030009658384263817,0.729047058708809,0.12467405884973344,0.1462788824414575,0.7272210303080551,0.1259795956445318,0.14679937404741317,416.68631877656617,416.68699222997634,416.68631877656617,416.7707388956355
450,450.0,0.000873,108.5791942302139,18.34388906242557,21.214862647789325,1222.9314026862987,0.09478963656297673,0.016014215151497525,0.01852057509152008,0.12932442680599432,0.7329600362750893,0.12382977869696037,0.14321018502795044,2.0,416.8892047499711,0.35000000000582077,16.6758292116276,8800.080282494262,0.8257550222863832,0.02748020052573236,0.1467647771878845,0.5606264908290796,0.3027647095827121,0.13660879958820832,2.0,416.8892047499711,0.0,liquid,0.075,6.0,0.175,0.0,0.0,0.12932442680599432,0.1286557690541429,0.06679364599432404,0.9027550744920593,0.03045127951361662,0.06748630011837044,0.9033723785207987,0.02914132136083085,0.7329600362750893,0.12382977869696037,0.14321018502795044,0.7327060308746947,0.12429776131657902,0.14299620780872627,416.8892047499711,416.812340469475,416.8892047499711,417.00220178938184
451,451.0,0.000873,108.98567657252188,18.777558297888017,20.973848161426663,1222.4754274962536,0.0951444956478116,0.016392808394056237,0.018310169444925476,0.12984747348679332,0.7327404461010839,0.12624664888626838,0.14101290501264768,2.0,416.5187941162376,0.35000000000582077,16.756460893509512,8833.930291915985,0.8271491530324475,0.028065798274361273,0.14478504869319128,0.557409990375024,0.30858251430462197,0.13400749532035403,2.0,416.5187941162376,0.0,liquid,0.075,6.0,0.175,0.0,1.0463276821388853e-15,0.12984747348679332,0.13002345652109187,0.06564890776631353,0.9048720760690698,0.029479016164616588,0.06543985976153749,0.9068943792145935,0.02766576102386896,0.7327404461010839,0.12624664888626838,0.14101290501264768,0.7352718067708189,0.12545968215379158,0.13926851107538948,416.5187941162376,416.49410553065485,416.5187941162376,416.43581227801684
452,452.0,0.000873,108.85432202784736,17.970400497082373,21.17829012224317,1222.6696452049523,0.09502982313031075,0.01568815963395291,0.018488647276718288,0.12920663004098196,0.7354872044891895,0.1214191534054941,0.14309364210531633,2.0,417.30067128804103,0.35000000000582077,16.656516915469858,8795.968392546054,0.826768596024515,0.026892801341352697,0.14633860263413218,0.5659646202130595,0.29696809294929133,0.1370672868376491,2.0,417.30067128804103,0.0,liquid,0.075,6.0,0.175,0.0,5.853037680378898e-15,0.12920663004098196,0.1293917299102238,0.06820863477130862,0.9008270586709924,0.030964306557699068,0.06716337701703354,0.9022331461173135,0.030603476865652873,0.7354872044891895,0.1214191534054941,0.14309364210531633,0.7344010419402159,0.12153855344482872,0.14406040461495542,417.30067128804103,417.1662476483394,417.30067128804103,417.29292740127784
453,453.0,0.000873,107.87828239874874,18.084738472772344,21.167520998477148,1222.239147837612,0.09417774053410764,0.015787976686730255,0.01847924583167055,0.12844496305250844,0.7332147426879455,0.12291627722510312,0.14386898008695145,2.0,417.03198989301524,0.35000000000582077,16.55088449920584,8734.201703965555,0.8254080570551161,0.027259035247891614,0.14733290769699223,0.5619985874382895,0.3005654408932686,0.1374359716684418,2.0,417.03198989301524,0.0,liquid,0.075,6.0,0.175,0.0,6.230941587161259e-15,0.12844496305250844,0.1279970386873597,0.06725376428032512,0.9019548411595883,0.030791394560086435,0.06765572969210756,0.9008354301502756,0.03150884015761693,0.7332147426879455,0.12291627722510312,0.14386898008695145,0.7332145718610522,0.12422003358200404,0.14256539455694373,417.03198989301524,417.0726036184858,417.03198989301524,416.8497940700584
454,454.0,0.000873,109.11973337024251,17.420744990654775,20.56563155677292,1222.219330099729,0.09526152723222171,0.015208310376841618,0.01795379634906276,0.1284236339581261,0.7417756708495163,0.11842298732802135,0.13980134182246226,2.0,417.8679364737411,0.35000000000582077,16.570267724412208,8757.592077309877,0.8312825699970813,0.026158983371472072,0.14255844663144676,0.5755485724360747,0.289770423243756,0.13468100432016925,2.0,417.8679364737411,0.0,liquid,0.075,6.0,0.175,0.0,2.081434053983361e-16,0.1284236339581261,0.12814928176222481,0.0703650628161276,0.8986912102594624,0.03094372692440999,0.06926835902062932,0.901466892899126,0.029264748080244783,0.7417756708495163,0.11842298732802135,0.13980134182246226,0.73945647087326,0.11858788095113018,0.14195564817560977,417.8679364737411,417.9269214983726,417.8679364737411,417.9802466847672
455,455.0,0.001136,81.50241133170935,7.016088776787304,2.300139875656672,1204.5197109837034,0.09258673927282184,0.007970276850430377,0.00261295889874598,0.10316997502199819,0.8974194212325847,0.07725384103980767,0.025326737727607643,2.0,426.31383439165756,0.35000000000582077,13.75791364880973,7307.653356033882,0.9588785514535115,0.016408998450893334,0.024712450095595133,0.7832810365391045,0.19025140584528993,0.02646755761560562,2.0,426.31383439165756,0.0,liquid,0.075,6.0,0.175,0.0,4.805717799512259e-16,0.10316997502199819,0.10359417106068403,0.12574495590512053,0.8659746473246116,0.00828039677026793,0.12452923602073095,0.8655359599732613,0.009934804006007892,0.8974194212325847,0.07725384103980767,0.025326737727607643,0.8969158042089215,0.07820028198047271,0.024883913810605663,426.31383439165756,426.5607539953268,426.31383439165756,426.5203368174277
456,456.0,0.001136,80.18743544198219,7.581464602230138,3.217890951275571,1209.3702670341204,0.09109292666209177,0.008612543788133437,0.0036555241206490488,0.10336099457087426,0.8813085346196982,0.08332489275950075,0.03536657262080106,2.0,425.25312723548296,0.35000000000582077,13.770747062537184,7317.682085326765,0.947511647035839,0.017784570950523455,0.03470378201363765,0.7583598972781623,0.20504263325918898,0.0365974694626487,2.0,425.25312723548296,0.0,liquid,0.075,6.0,0.175,0.0,3.2287204723991564e-15,0.10336099457087426,0.10321090506346939,0.11550840104164704,0.8736758809462707,0.010815718012082219,0.11571982416628691,0.8734566127481028,0.010823563085610279,0.8813085346196982,0.08332489275950075,0.03536657262080106,0.8814786605690093,0.08421443293317188,0.03430690649781889,425.25312723548296,425.1909436364225,425.25312723548296,425.26113549794525
457,457.0,0.001136,77.0019930000384,7.375517518290244,3.32969763460062,1219.2042624274293,0.08747426404804362,0.008378587900777718,0.0037825365129063046,0.09963538846172765,0.8779437245998654,0.08409248992887838,0.03796378547125621,2.0,425.0960190671207,0.35000000000582077,13.335892218463307,7114.703110887543,0.9447553247356211,0.01796133537586191,0.037283339888516946,0.7538650386363354,0.20690749123877905,0.039227470124885574,2.0,425.0960190671207,0.0,liquid,0.075,6.0,0.175,0.0,0.0,0.09963538846172765,0.10030581117157256,0.11410869158453142,0.8743780476128407,0.011513260802627864,0.11339167625515645,0.8762787890792613,0.010329534665582243,0.8779437245998654,0.08409248992887838,0.03796378547125621,0.876618546175272,0.0838737338973969,0.039507719927331125,425.0960190671207,425.0692396097532,425.0960190671207,424.88351805463043
458,458.0,0.001136,72.64308413326863,8.930689665374453,4.316966601915476,1229.5299998927649,0.08252254357539317,0.01014526345986538,0.0049040740597759815,0.09757188109503453,0.8457615313885013,0.10397732775064511,0.05026114086085352,2.0,421.83691505089604,0.35000000000582077,13.07933241435787,6969.172064671811,0.9272419164785913,0.022545127380166206,0.0502129561412424,0.6944408162245734,0.2552085570067258,0.05035062676870075,2.0,421.83691505089604,0.0,liquid,0.075,6.0,0.175,0.0,9.992111178547653e-16,0.09757188109503453,0.09757131912397701,0.09112607932566388,0.89623808745432,0.012635833220016096,0.0900274367479465,0.8984368349537101,0.011535728298343416,0.8457615313885013,0.10397732775064511,0.05026114086085352,0.8473468366116674,0.10177108324060148,0.050882080147731094,421.83691505089604,421.7793391984522,421.83691505089604,421.8978041025537
459,459.0,0.001136,67.04065904358202,9.090953678251582,5.597485975547751,1241.0243999513843,0.07615818867350918,0.010327323378493798,0.006358744068222245,0.09284425612022522,0.8202789473038694,0.11123276560179247,0.06848828709433813,2.0,420.3600805378467,0.35000000000582077,12.439523915328703,6645.40561623694,0.9067655916721783,0.02428482463186002,0.06894958369596159,0.6596608934804585,0.2727075131139143,0.06763159340562723,2.0,420.3600805378467,0.0,liquid,0.075,6.0,0.175,0.0,0.0,0.09284425612022522,0.09295790756616326,0.08303505851955822,0.9007881264192064,0.016176815061235417,0.0834118235053519,0.9001036719269229,0.016484504567725152,0.8202789473038694,0.11123276560179247,0.06848828709433813,0.8201894045306223,0.11135814636696983,0.06845244910240789,420.3600805378467,420.38129190795985,420.3600805378467,420.2696716212318
460,460.0,0.001136,62.321750360632485,10.85617097275284,6.534376554299384,1250.9053961271852,0.07079750840967851,0.012332610225047228,0.007423051765684101,0.09055317040040983,0.7818335691243571,0.1361919209511345,0.08197450992450846,2.0,415.95382270164305,0.35000000000582077,12.149986528912633,6464.975225915927,0.8852333349437438,0.030358089627839625,0.08440857542841648,0.5898054326067673,0.33274046483302777,0.07745410256020503,2.0,415.95382270164305,0.0,liquid,0.075,6.0,0.175,0.0,9.417246343726607e-16,0.09055317040040983,0.09099240970917975,0.06587488996463059,0.9180089636494634,0.01611614638590604,0.06530512117048136,0.9182754008234444,0.016419478006074257,0.7818335691243571,0.1361919209511345,0.08197450992450846,0.7823549163292001,0.1371216083908634,0.08052347527993643,415.95382270164305,415.991991755091,415.95382270164305,415.8874877574766
461,461.0,0.001136,55.71165511680698,13.275785197792953,8.710001471655946,1259.897178234749,0.06328844021269274,0.015081291984692794,0.009894561671801156,0.08826429386918669,0.7170333261430748,0.17086515196104363,0.11210152189588156,2.0,409.0504701468973,0.35000000000582077,11.802744643477041,6220.338371973728,0.8411723138661313,0.03937619581342518,0.11945149032044351,0.4864894918049353,0.4150589276588069,0.09845158053625787,2.0,409.0504701468973,0.021626820525852963,two-phase,0.075,6.0,0.175,0.0019088760423500446,0.0019041036491056886,0.08635541782683664,0.08638936253093323,0.054875268732537855,0.9251505836576357,0.019974147609826427,0.05608097654652722,0.9238994685806162,0.020019554872856567,0.7316702497291422,0.15419176393492504,0.11413798633593288,0.7314802518608363,0.15494507176027694,0.1135746763788867,409.0504701468973,409.0451326624544,409.0504701468973,409.1131277858764
462,462.0,0.001136,48.5738106041365,15.011496371475012,10.70082259012712,1267.4567296007149,0.05517984884629906,0.017053059877995616,0.012156134462384408,0.08438904318667909,0.6538745643108472,0.2020767060988252,0.14404872959032752,2.0,402.04297404003495,0.35000000000582077,11.248744256411184,5860.761272230512,0.7930896214208775,0.04821573005154725,0.15869464852757537,0.39533231539693464,0.487818518752845,0.11684916585022041,2.0,402.04297404003495,0.06320089925429784,two-phase,0.075,6.0,0.175,0.005333463416607894,0.005308029716386517,0.07905557977007119,0.07881785711650353,0.052085557326794395,0.9213192203753104,0.026595222297895158,0.05118928039560234,0.9224339005044209,0.02637681909997682,0.6944740977380993,0.1535532034063893,0.1519726988555113,0.6927386284366105,0.15419356549477717,0.1530678060686124,402.04297404003495,402.15160663172225,402.04297404003495,402.0684294525862
463,463.0,0.001136,40.96697039792378,14.99934239485001,12.303580858220966,1273.859947156663,0.04653847837204142,0.017039252960549613,0.01397686785493902,0.07755459918753005,0.6000737397856903,0.21970654402259285,0.18021971619171684,2.0,397.2787004426884,0.35000000000582077,10.266031831857346,5308.663115594365,0.7433782810861317,0.05370611116691608,0.20291560774695233,0.3339367345181875,0.5279930621776385,0.13807020330417397,2.0,397.2787004426884,0.08749911011545919,two-phase,0.075,6.0,0.175,0.006785958414269993,0.006743756876099671,0.07076864077326006,0.0707453449854243,0.048968911447449505,0.917038848332509,0.03399224022004137,0.04840544761757108,0.9189061639175444,0.0326883884648845,0.6529188192727557,0.15283980804919825,0.1942413726780459,0.6537235804281677,0.15107534091417413,0.19520107865765818,397.2787004426884,397.2170024923129,397.2787004426884,397.2298895651545
464,464.0,0.001136,34.23237033299348,17.780766541225326,14.021226164395998,1279.307693029403,0.0388879726982806,0.020198950790831973,0.015928112922753854,0.07501503641186642,0.5184023704896719,0.26926536007968604,0.21233226943064215,2.0,384.0880916994961,0.35000000000582077,10.018803685971543,5021.392152640448,0.6765026767282144,0.07055720736690979,0.25294011590487575,0.22478751605121552,0.63829478654055,0.1369176974082345,2.0,384.0880916994961,0.15426887801731937,two-phase,0.075,6.0,0.175,0.011572485501686993,0.01153369276734483,0.06344255091017943,0.06343577320234836,0.04535182477398154,0.9120711756682459,0.042576999557772534,0.043131490532401076,0.9135440679347562,0.04332444153284284,0.6046909970300045,0.15201186262233077,0.24329714034766475,0.6043840545421185,0.1526624046960762,0.24295354076180528,384.0880916994961,384.18670910428517,384.0880916994961,384.0231311362359
465,465.0,0.001136,31.79118483433891,18.15740320831086,15.325011805209098,1284.985552653597,0.036114785971809005,0.02062681004464114,0.017409213410717536,0.07415080942716767,0.4870450673540068,0.2781737678116809,0.23478116483431236,2.0,380.94155372098976,0.35000000000582077,9.885075666835794,4925.312958669064,0.6426303662202064,0.07415152021881327,0.28321811356098026,0.19810094089262834,0.6570722276212092,0.14482683148616252,2.0,380.94155372098976,0.16717362016788684,two-phase,0.075,6.0,0.175,0.012396059250318692,0.012379001952292398,0.061754750176848984,0.06150191233748604,0.043210217978780996,0.9091299130917235,0.04765986892949546,0.04166070088295281,0.9088303227836908,0.049508976333356394,0.576136239678145,0.15152165217171418,0.27234210815014076,0.5760045955866574,0.1513499088340501,0.2726454955792925,380.94155372098976,380.99540350635385,380.94155372098976,380.95413732651184
466,466.0,0.001136,29.839810047924985,20.08800083257568,16.07663627467694,1289.156279422241,0.03389802421444278,0.022819968945805975,0.018263058808033004,0.07498105196828175,0.4520878718637105,0.30434314199084866,0.24356898614544092,2.0,372.8661110813408,0.35000000000582077,10.152266593549276,4945.3370268399285,0.612183036528013,0.08486236696210736,0.3029545965098797,0.15476828034847315,0.7119502956099212,0.13328142404160567,2.0,372.8661110813408,0.20261774302343838,two-phase,0.075,6.0,0.175,0.01519249151933639,0.015179128587255284,0.059788560448945365,0.05974267295515895,0.04172715218515694,0.9070930845346838,0.05117976328015917,0.04107722934023927,0.9071176236315767,0.05180514702818414,0.5563620291000722,0.15118218074617384,0.29245579015375417,0.5559966945306973,0.15184704660818657,0.2921562588611161,372.8661110813408,372.86490808935093,372.8661110813408,372.82516452608957
467,467.0,0.001136,24.485000503817435,20.7462630662573,17.29528028917553,1293.921402924332,0.02781496057233661,0.023567754843268292,0.019647438408503404,0.07103015382410831,0.39159369753322915,0.3317992933202571,0.27660700914651376,2.0,362.6423111061224,0.35000000000582077,9.742753340152037,4597.911086375075,0.5454164274591616,0.09815762569029886,0.3564259468505394,0.10592291338907661,0.765705247484092,0.12837183912683148,2.0,362.6423111061224,0.2415518736524973,two-phase,0.075,6.0,0.175,0.017157466742038458,0.017257180679761532,0.053872687082069846,0.05375273543476572,0.03781981622499768,0.9017267862322437,0.06045339754275856,0.03852436657456071,0.9011875304192117,0.06028810300622762,0.5042642163346656,0.15028779770578024,0.3454479859595542,0.5049597074740256,0.15048412689276677,0.34455616563320757,362.6423111061224,362.6108174420467,362.6423111061224,362.5313873927621
468,468.0,0.001136,22.219808323521463,21.681819514440733,17.340567817512962,1297.317168082841,0.025241702255520384,0.024630546968404676,0.019698885040694728,0.06957113426461979,0.3628186103666414,0.3540340002898368,0.2831473893435218,2.0,354.23108138007774,0.35000000000582077,9.782118753222761,4477.870062356083,0.5152993665254026,0.11016889490127937,0.3745317385733181,0.07964006321835425,0.8069263388626723,0.1134335979189734,2.0,354.23108138007774,0.27218564474605955,two-phase,0.075,6.0,0.175,0.018936264035530212,0.018999094182952543,0.05063487022908958,0.050775284434330895,0.03636777245201005,0.8997325630137917,0.0638996645341982,0.03477621104816487,0.9028711886633284,0.06235260028850677,0.4849036326654152,0.14995542716029023,0.3651409401742945,0.48511596148695973,0.14863830967882594,0.36624572883421425,354.23108138007774,354.4737481559509,354.23108138007774,354.1978250619299
469,469.0,0.001136,20.97500255944309,22.075787567365825,18.21228586366641,1301.3834061367734,0.02382760290752735,0.02507809467652758,0.020689156741125043,0.06959485432517998,0.34237592906213377,0.36034409324791306,0.2972799776899532,2.0,351.29608432233215,0.35000000000582077,9.828108645404553,4455.0946577559125,0.4892336812834636,0.11417629610755832,0.396590022608978,0.06964010351167937,0.8175128593599418,0.1128470371283788,2.0,351.29608432233215,0.281804859143449,two-phase,0.075,6.0,0.175,0.019612168120216194,0.01955556204205422,0.04998268620496378,0.04998787618830288,0.03473168562239017,0.8974855768087665,0.06778273756884343,0.03380503990449445,0.8996703856483927,0.06652457444711286,0.4630891416018532,0.14958092945843246,0.38732992893971424,0.4642491660060966,0.1476905741254045,0.38806025986849896,351.29608432233215,351.21438345725795,351.29608432233215,351.3300435846577
470,470.0,0.001136,17.437608938913947,23.3048166808676,18.523103271177213,1303.583698281715,0.019809123754606243,0.026474271749465594,0.021042245316057317,0.06732564082012915,0.29422852145632566,0.393227178040469,0.31254430050320536,2.0,337.0558555935835,0.35000000000582077,10.005869620202201,4249.57811891045,0.43094552953582366,0.13643409370744275,0.4326203767567337,0.04032550645463644,0.8701286203674229,0.08954587317794063,2.0,337.0558555935835,0.32823203210136853,two-phase,0.075,6.0,0.175,0.022098431898917838,0.022121483333589334,0.045227208921211313,0.04518883873392513,0.03168811415241834,0.8933055645119534,0.07500632133562825,0.03293205557190951,0.8927824617618223,0.07428548266626823,0.4225081887241739,0.14888426076089437,0.4286075505149317,0.42204106991100243,0.15061479069827635,0.42734413939072113,337.0558555935835,337.0856489112803,337.0558555935835,337.0380452469015
471,471.0,0.001136,17.165453673303794,22.472675696518102,20.37383757789635,1306.935485909606,0.01949995537287311,0.025528959591244568,0.023144679488490253,0.06817359445260793,0.28603384535384657,0.3744699072452674,0.339496247400886,2.0,344.1911478252906,0.35000000000582077,9.685247233191706,4271.76743470305,0.41418888804233056,0.12406777006018872,0.46174334189748073,0.04803162322101283,0.8395024477261323,0.11246592905285492,2.0,344.1911478252906,0.3044509635947179,two-phase,0.075,6.0,0.175,0.020755516522812,0.02073016916563006,0.04741807792979593,0.047402973100612936,0.029862263752783728,0.8907979588058549,0.07933977744136139,0.028650755230396723,0.8919517498550306,0.0793974949145728,0.3981635167120629,0.14846632647072985,0.4533701568172073,0.39631579083376095,0.14942308037670785,0.45426112878953123,344.1911478252906,344.1161259182664,344.1911478252906,344.0497969654658
472,472.0,0.001136,16.288961007907975,24.400184131218964,20.23530498545597,1308.9172297118969,0.018504259704983463,0.027718609173064745,0.02298730646347798,0.06921017534152618,0.26736328312523266,0.40049904564298294,0.3321376712317845,2.0,333.2214251028108,0.35000000000582077,10.380230845450718,4332.155380302601,0.39371732858218134,0.142524354740048,0.4637583166777707,0.03270577013645915,0.8795949001714867,0.08769932969205417,2.0,333.2214251028108,0.3400223524949979,two-phase,0.075,6.0,0.175,0.023533006636217026,0.023512930827953932,0.045677168705309155,0.045707743451538975,0.029252882667085058,0.8899610405782775,0.0807860767546375,0.028958128298217218,0.8899739197916506,0.08106795191013219,0.3900384355729414,0.14832684010086972,0.46163472432618885,0.3895898656026248,0.14780721093572555,0.4626029234616497,333.2214251028108,333.399987177673,333.2214251028108,333.3203315649484
473,473.0,0.001136,15.88089440422118,25.2518296015246,20.397594020344908,1311.193925964286,0.018040696043195262,0.028686078427331948,0.023171666807111815,0.06989844127763903,0.25809868880390324,0.41039653965086076,0.33150477154523594,2.0,328.7681948600798,0.35000000000582077,10.742729384574615,4373.2859975493175,0.38223776392255254,0.15048370773718742,0.46727852834026007,0.027554692157859273,0.8930917989130899,0.07935350892905098,2.0,328.7681948600798,0.3537777163728606,two-phase,0.075,6.0,0.175,0.02472851093322563,0.024742259415268957,0.0451699303444134,0.0452535147077197,0.028773303863172808,0.8893023915767029,0.08192430456012431,0.02915675215666913,0.8892678721856995,0.08157537565763141,0.38364405151953446,0.14821706526686496,0.4681388832136006,0.38302871735715177,0.14701287607759464,0.46995840656525356,328.7681948600798,328.8568774929597,328.7681948600798,328.4943137163855
474,474.0,0.001136,15.18609229297705,25.158645145300515,20.52164963229465,1312.3092734894624,0.017251400844821928,0.028580220885061385,0.023312593982286724,0.06914421571217003,0.24949882889170613,0.41334218040788334,0.33715899070041067,2.0,327.25621427697706,0.35000000000582077,10.68487653746539,4312.659058412988,0.3701632323100981,0.15313033614050492,0.47670643154939707,0.025407793974411282,0.8965927483274595,0.07799945769812931,2.0,327.25621427697706,0.35842503095045686,two-phase,0.075,6.0,0.175,0.024783017656679607,0.02482905244285313,0.04436119805549042,0.04422815275896693,0.02799344829584722,0.8882313452988843,0.08377520640526852,0.026903213923402405,0.8892735856490647,0.08382320042753297,0.3732459772776867,0.14803855754970452,0.47871546517260877,0.3743410071081429,0.14742369333427854,0.47823529955757854,327.25621427697706,327.18837928909295,327.25621427697706,327.21157776147425
475,475.0,0.001136,15.908680752716602,24.43951652232032,20.193378026545385,1314.0780910664205,0.018072261335086062,0.027763290769355888,0.02293967743815556,0.06877522954259752,0.2627728246823603,0.40368154281709895,0.3335456325005407,2.0,331.75208824997446,0.35000000000582077,10.400760785313476,4315.382001979531,0.3877094744825893,0.145074062275724,0.46721646324168675,0.030747617913499007,0.8839525781020297,0.0852998039844713,2.0,331.75208824997446,0.3445859275816474,two-phase,0.075,6.0,0.175,0.023698976266576684,0.02367485603030328,0.04507625327602083,0.044935400672209205,0.028928777877533486,0.8895159181216523,0.08155530400081425,0.02980948417209941,0.8900775365750526,0.08011297925284794,0.3857170383812034,0.14825265302569104,0.46603030859310557,0.3858230623292327,0.14996007029483324,0.4642168673759341,331.75208824997446,331.8033477493176,331.75208824997446,331.6900684045191
476,476.0,0.001136,12.319175528176064,25.14822897212917,20.42639912858771,1314.1870838957354,0.013994583400008009,0.02856838811233874,0.023204389410075642,0.06576736092242239,0.21278918910119698,0.43438550234724077,0.35282530855156236,2.0,317.0767009095615,0.35000000000582077,10.748724311511655,4046.1831773303834,0.3189945800904297,0.1727392983499017,0.5082661215596685,0.015550605838068205,0.9202998811930629,0.06414951296886882,2.0,317.0767009095615,0.3896273616992403,two-phase,0.075,6.0,0.175,0.025624763322125148,0.025706546153333742,0.04014259760029724,0.040275631679961184,0.024952035127807505,0.8840542971613579,0.09099366771083468,0.023594401014578513,0.8861753065971559,0.09023029238826553,0.33269380168586504,0.1473423828521504,0.5199638154619846,0.33258283762603713,0.14912223361489035,0.5182949287590726,317.0767009095615,317.1024704816892,317.0767009095615,317.09151879734867
477,477.0,0.001136,12.244390912257604,24.609965002491457,20.25934916654241,1314.975635920452,0.01390962807632464,0.027956920242830297,0.02301462065319218,0.06488116897234711,0.2143862124656391,0.4308942129995495,0.3547195745348115,2.0,318.65643583384167,0.35000000000582077,10.476441811393592,3993.971694740206,0.32092859156923237,0.16944634566100195,0.5096250627697657,0.016521794132817784,0.9164402523366196,0.06703795353056266,2.0,318.65643583384167,0.3848741390102077,two-phase,0.075,6.0,0.175,0.024971084046207896,0.02488553773994616,0.03991008492613921,0.0398607157273756,0.024967670996265824,0.8840757713363098,0.09095655766742436,0.025666309427113874,0.8824805535503417,0.0918531370225444,0.33290227997046357,0.14734596189834895,0.5197517581311876,0.33389255258659745,0.14631129784804503,0.5197961495653574,318.65643583384167,318.6047733576442,318.65643583384167,318.71260201462195
478,478.0,0.001136,13.131032697008568,24.39417036964236,21.45084996099404,1315.9890715800043,0.014916853143801733,0.02771177753991372,0.02436816555568923,0.06699679623940469,0.22265024569978273,0.41362839860116807,0.3637213556990492,2.0,326.37077924968094,0.35000000000582077,10.253537084748404,4127.167688220621,0.3306658669510914,0.1541662993071646,0.515167833741744,0.02204980623553082,0.8954865829983983,0.08246361076607088,2.0,326.37077924968094,0.36133852347848006,two-phase,0.075,6.0,0.175,0.024208523430935075,0.024208983808954258,0.04278827280846961,0.04260640013051594,0.02508219422841271,0.8842330564520355,0.09068474931955177,0.025432778284444048,0.882848283026132,0.09171893868942399,0.3344292563806851,0.14737217607615402,0.5181985675431607,0.33491800869908966,0.14673459358746063,0.5183473977134497,326.37077924968094,326.44659567140377,326.37077924968094,326.48345573050705
479,479.0,0.001136,11.19852993358132,24.81435035936848,20.60026077978862,1316.771976496355,0.012721530004548379,0.028189102008242595,0.023401896245839875,0.06431252825863085,0.19780795980200216,0.4383143187106716,0.3638777214873263,2.0,314.97763273299665,0.35000000000582077,10.61081103487816,3933.672979300516,0.29707318466732174,0.17692826795751818,0.52599854737516,0.013458256482977382,0.9237455558176592,0.06279618769936346,2.0,314.97763273299665,0.396376025484642,two-phase,0.075,6.0,0.175,0.02549194434002482,0.025690603602180596,0.03882058391860602,0.038872271124192274,0.023423929904565464,0.8819556118785907,0.09462045821684377,0.023845530255612278,0.8802471264945856,0.09590734324980223,0.31231906538119814,0.1469926019736429,0.5406883326451591,0.3122388350871991,0.14781929951265677,0.5399418654001442,314.97763273299665,315.0165632721071,314.97763273299665,314.90639224566144
480,480.0,0.001136,12.234345138409656,24.321024262239057,21.20326495450332,1316.181214453865,0.01389821607723337,0.02762868356190357,0.024086908988315774,0.06561380862745272,0.2118184627285662,0.421080320436448,0.36710121683498564,2.0,322.8716886293456,0.35000000000582077,10.232696597918158,4025.706515840645,0.3157762763290441,0.16077472643852894,0.523448997232427,0.018753951758541682,0.9045049949982743,0.07674105324318405,2.0,322.8716886293456,0.3722108088841196,two-phase,0.075,6.0,0.175,0.024422168783192005,0.02443851305657152,0.04119163984426072,0.04124890073075513,0.02422794497794159,0.8830598385909375,0.0927122164311209,0.024368151537991184,0.8836630048525385,0.09196884360947039,0.3230392663629182,0.14717663976076595,0.5297840938763159,0.32321614801215925,0.14779663571852142,0.5289872162693194,322.8716886293456,322.8932585007342,322.8716886293456,322.93034686307897
481,481.0,0.001136,11.582042422545898,25.91701204081654,21.230000437724467,1316.4322188434924,0.013157200192012141,0.029441725678367593,0.024117280497254995,0.06671620636763473,0.197211455931867,0.4412979586418799,0.3614905854262531,2.0,313.6459318296713,0.35000000000582077,11.13758663633141,4081.3946848529563,0.2965016383396597,0.17984217563548946,0.5236561860248508,0.01281540289118477,0.9268586985046725,0.06032589860414277,2.0,313.6459318296713,0.4003734287980478,two-phase,0.075,6.0,0.175,0.02671139629980807,0.026826245781813845,0.04000481006782666,0.03982110214842323,0.023490433807716884,0.8820469477219264,0.09446261847035674,0.024147832213094116,0.8816181907432876,0.09423397704361813,0.313205784108406,0.14700782462290926,0.5397863912686848,0.3126440451604473,0.14721436409479716,0.5401415907447555,313.6459318296713,313.6417398585471,313.6459318296713,313.6655136684595
482,482.0,0.001136,12.90733121851202,25.86026183895977,21.450392240462328,1316.362600001892,0.014662728264229655,0.029377257449058298,0.024367645585165205,0.06840763129845316,0.21434345826503146,0.42944415544647835,0.3562123862884901,2.0,319.2927911590024,0.35000000000582077,10.992123902276825,4213.732969431272,0.3206738184678196,0.16812068336262143,0.511205498169559,0.016872789319582106,0.9147591750244292,0.06836803565598866,2.0,319.2927911590024,0.38297201026580296,two-phase,0.075,6.0,0.175,0.026198208075890468,0.026205401069903243,0.04220942322256269,0.042238482095112224,0.024894676269574926,0.8839755210566955,0.09112980267372961,0.026221407137020102,0.8826388459850442,0.09113974687793584,0.3319290169272395,0.14732925350926007,0.5207417295635005,0.3315745380680585,0.1468807512879127,0.5215447106440289,319.2927911590024,319.3358966082623,319.2927911590024,319.12163722148404
483,483.0,0.001136,12.208681968670115,25.38041565226291,21.20025708089414,1317.4523942914748,0.013869062716409251,0.02883215218097067,0.024083492043895746,0.06678470694127567,0.20766824250055377,0.4317178812557044,0.3606138762437418,2.0,318.12436934193784,0.35000000000582077,10.792258655335853,4103.653411279643,0.31102421816502057,0.17040928308814454,0.5185664987468348,0.015721430554503035,0.917005277846926,0.06727329159857104,2.0,318.12436934193784,0.3866488368657883,two-phase,0.075,6.0,0.175,0.025822229259266777,0.025867220137179188,0.04096247768200889,0.041052871600029475,0.024247096456595365,0.8830861410579232,0.09266676248548142,0.024167927521933558,0.8809348760612533,0.09489719641681309,0.3232946194242396,0.1471810235110051,0.5295243570647552,0.3241523449386821,0.14666341066669467,0.5291842443946232,318.12436934193784,318.1473081080871,318.12436934193784,318.31442336748125
484,484.0,0.001136,11.43416913196966,26.13308016881728,21.552809540299467,1317.0492674578632,0.012989216133917535,0.029687179071776433,0.024483991637780197,0.06716038684347417,0.1934059159633871,0.4420340689961507,0.3645600150404621,2.0,313.2324066533164,0.35000000000582077,11.229164102593815,4101.942333722468,0.2908765426585255,0.1806790137015673,0.5284444436399071,0.01238903781762271,0.9274077431083619,0.06020321907401533,2.0,313.2324066533164,0.40175568146514706,two-phase,0.075,6.0,0.175,0.026982066983762862,0.026977470599898894,0.040178319859711306,0.040223446515534694,0.023084019473379576,0.881488782114984,0.0954271984116365,0.023028142557156815,0.8814759184336628,0.0954959390091804,0.3077869263213262,0.14691479702374563,0.5452982766549282,0.30854310781512684,0.14618910474565178,0.5452677874392214,313.2324066533164,313.2383159866189,313.2324066533164,313.08852914059236
485,485.0,0.001136,12.489731838823706,25.38753835563056,21.30395105499686,1317.8654326182643,0.014188335368903732,0.02884024357199632,0.024201288398476434,0.06722986733937648,0.21104214436838006,0.4289796293425766,0.35997822628904336,2.0,319.41189266150104,0.35000000000582077,10.773936603235365,4137.405251883408,0.3156993031150616,0.16779817324826382,0.5165025236366745,0.016678849555459282,0.9140309049404478,0.06929024550409285,2.0,319.41189266150104,0.3826972642855253,two-phase,0.075,6.0,0.175,0.02572868630905817,0.025715533219456792,0.041501181030318315,0.04157986496421449,0.024501606148287898,0.8834356822568331,0.09206271159487896,0.022538899066507457,0.8842492843763733,0.09321181655711923,0.3266880819646489,0.1472392803704947,0.5260726376648566,0.3266205921643281,0.14816396214080993,0.5252154456948621,319.41189266150104,319.3477910699023,319.41189266150104,319.453842388732
486,486.0,0.001136,11.802567329062756,24.38780434167898,21.64690066552166,1317.3655652463283,0.01340771648581529,0.027704545732147322,0.024590879156032606,0.06570314137399522,0.2040650752069209,0.4216624221123248,0.37427250268075435,2.0,322.41289435907777,0.35000000000582077,10.23457795703453,4017.2333590464173,0.30436150988647076,0.16151084857765569,0.5341276415358736,0.017800267947129206,0.9048010586709274,0.07739867338194337,2.0,322.41289435907777,0.3737479232077021,two-phase,0.075,6.0,0.175,0.02455641263675276,0.024498988762621538,0.041146728737242455,0.040973385498282756,0.023391829895206027,0.8819115260442719,0.09469664406052211,0.02276626066019365,0.8812133303076178,0.0960204090321885,0.3118910652831474,0.1469852543471843,0.5411236803696683,0.3116124753079729,0.14580034057928143,0.5425871841127456,322.41289435907777,322.582270983154,322.41289435907777,322.45189035349756
487,487.0,0.001136,12.09803238753154,25.697747948388034,20.70752520511256,1316.9978794113551,0.01374336479223583,0.02919264166936881,0.02352374863300787,0.06645975509461251,0.20679228764341206,0.4392529227321104,0.3539547896244775,2.0,314.7768762457289,0.35000000000582077,11.05043632049215,4088.4858172074246,0.31061814133894877,0.17756207594854112,0.5118197827125099,0.013972845068344928,0.9252502096099379,0.06077694532171722,2.0,314.7768762457289,0.39665532697108574,two-phase,0.075,6.0,0.175,0.026361615887471806,0.026395646204893895,0.040098139207140705,0.04013796148979528,0.024497824842577648,0.8834304890438839,0.0920716861135385,0.025801901686614188,0.8827098077855379,0.0914882905278479,0.32663766454903764,0.147238414832234,0.5261239206187284,0.3261910751658422,0.1474755963895383,0.5263333284446196,314.7768762457289,314.67183425139405,314.7768762457289,314.8044399239618
488,488.0,0.001136,11.143696794026214,25.616073689726115,21.2772027218862,1317.0871097214992,0.01265923955801378,0.02909985971152887,0.024170902292062726,0.06593000156160538,0.19201030271757105,0.4413750799677715,0.3666146173146575,2.0,313.4909905023585,0.35000000000582077,10.986638042853022,4022.8565302056013,0.2887178518327919,0.1800741695360593,0.5312079786311487,0.012410568648632159,0.9266481993350456,0.06094123201632217,2.0,313.4909905023585,0.40103723635547794,two-phase,0.075,6.0,0.175,0.026440385619178566,0.026372840704225138,0.03948961594242681,0.039453764928192574,0.022893234082349345,0.8812267592447199,0.09588000667293074,0.022700034634940525,0.882220923248326,0.09507904211673351,0.3052431210810427,0.14687112653263162,0.5478857523863259,0.30512539790796156,0.1463776977369417,0.5484969043550967,313.4909905023585,313.53375412424646,313.4909905023585,313.44153281414236
489,489.0,0.001136,10.374295034803485,25.57412132275993,20.77075744021765,1317.5185594529237,0.011785199159536758,0.02905220182265528,0.02359558045208725,0.0644329814342793,0.18290631439362295,0.45089023006467743,0.3662034555416996,2.0,309.089404148393,0.35000000000582077,11.153602241653163,3920.682585718806,0.2759432909694408,0.1899249081982177,0.5341318008323414,0.010123357897940173,0.9355401135246075,0.05433652857745234,2.0,309.089404148393,0.4146087399276439,two-phase,0.075,6.0,0.175,0.026714477242247812,0.026767819527192625,0.03771850419203148,0.0376638738241543,0.022251848714722484,0.8803458866405557,0.09740226464472189,0.0212647874385461,0.8821070441957632,0.0966281683656907,0.29669131618597394,0.14672431443498613,0.5565843693790399,0.29741880999717313,0.1470919925294534,0.5554891974733734,309.089404148393,309.05738007416284,309.089404148393,309.17212941350704
490,490.0,0.000925,26.20500774709785,29.748567344019023,30.857343962040567,1335.6882167385063,0.024239632166065513,0.027517424793217598,0.028543043164887524,0.08030010012417063,0.30186303788641594,0.34268232232172213,0.355454639791862,2.0,356.08988523966207,0.35000000000582077,10.946720190568152,5147.736905064454,0.42699587876238937,0.10543532229895831,0.46756879893865233,0.06947347626286125,0.7832838937864013,0.14724262995073742,2.0,356.08988523966207,0.26162570583983324,two-phase,0.075,6.0,0.175,0.021008570373995422,0.021076971359222076,0.05929152975017521,0.059446379471620486,0.0298678636946045,0.8908056496966942,0.07932648660870134,0.02833560278908236,0.8920149274577134,0.07964946975320415,0.3982381825668149,0.14846760827237654,0.4532942091608086,0.3980026297379797,0.1481182864716677,0.4538790837903526,356.08988523966207,356.265839966607,356.08988523966207,355.93384849226777
491,491.0,0.000925,24.566117428206844,29.662022828293825,31.855298143779663,1336.2521093671394,0.022723658621091332,0.02743737111617179,0.02946615078299619,0.07962718052025931,0.28537565279370675,0.3445729327210195,0.3700514144852737,2.0,354.90906772730534,0.35000000000582077,10.811078556193586,5064.3668276971985,0.40471925629949973,0.10678160633536302,0.4884991373651373,0.06373753200024657,0.7861853960026651,0.1500770719970883,2.0,354.90906772730534,0.26525265609961934,two-phase,0.075,6.0,0.175,0.021121321130722653,0.021144546013392912,0.05850585938953666,0.058765498069096755,0.028362049831815613,0.888737579159646,0.08290037100853836,0.030022955443284538,0.8868909573933982,0.0830860871633173,0.3781606644063493,0.1481229298529458,0.4737164057407049,0.37885355220355144,0.1472575705097948,0.47388887728665374,354.90906772730534,354.818719473583,354.90906772730534,354.90248484843795
492,492.0,0.000925,27.37180159817668,29.71762646156285,31.458662737384408,1333.412910151826,0.02531891647831343,0.027488804476945638,0.029099263032080578,0.08190698398733964,0.30911791944661243,0.33561001930182877,0.35527206125155886,2.0,358.6707214304183,0.35000000000582077,11.070166580883393,5252.405329767421,0.4347010148041842,0.10166246845152153,0.4636365167442943,0.07589217092854345,0.7700840423037006,0.15402378676775602,2.0,358.6707214304183,0.25184976411401294,two-phase,0.075,6.0,0.175,0.020628254596501725,0.020610540161240587,0.06127872939083792,0.061608599541846554,0.030225118826232435,0.891296300538717,0.0784785806350505,0.030513322841975474,0.8903273443916186,0.07915933276640583,0.4030015843605768,0.1485493834271045,0.44844903221231874,0.4013945424953756,0.14891861685255595,0.44968684065206843,358.6707214304183,358.5971951042423,358.6707214304183,358.61433396276306
493,493.0,0.000925,27.4246887395682,30.5373398280656,32.495179746423155,1329.1221438648272,0.025367837084100585,0.02824703934096068,0.03005804126544142,0.0836729176905027,0.3031785885360606,0.3375887936099408,0.3592326178539984,2.0,357.82646767961194,0.35000000000582077,11.295912698032394,5333.161900797726,0.42718142480878873,0.10278271309189924,0.4700358620993119,0.07288760688996858,0.7736572288515592,0.15345516425847222,2.0,357.82646767961194,0.25484558174503036,two-phase,0.075,6.0,0.175,0.021323673385140202,0.021352714026364027,0.0623492443053625,0.0625951761369479,0.02975186582941401,0.8906463393305806,0.07960179484000554,0.030501260431080354,0.8902197337975943,0.0792790057713254,0.39669154437908427,0.1484410565501938,0.45486739907072193,0.3961519091292736,0.15015919624950627,0.4536888946212202,357.82646767961194,357.72948587328574,357.82646767961194,357.75873788540525
494,494.0,0.000925,29.26092231863507,29.249740316861857,31.21122335621673,1323.1667288711876,0.027066353144737442,0.02705600979309722,0.028870381604500478,0.08299274454233514,0.32612914892735856,0.3260045193383835,0.3478663317342579,2.0,362.3043381088396,0.35000000000582077,11.10230318503073,5313.705276269136,0.454621066840788,0.09663629243903114,0.44874264072018083,0.08750130137704729,0.7519740835743248,0.1605246150486279,2.0,362.3043381088396,0.23814443257288076,two-phase,0.075,6.0,0.175,0.01976426005670045,0.0197459579730735,0.06322848448563469,0.06320766950763244,0.031369977820946,0.8928686390577152,0.07576138312133884,0.03109114567585402,0.893763180116663,0.07514567420748301,0.41826637092348884,0.14881143983496242,0.4329221892415486,0.4184497838387704,0.14876351793636733,0.4327866982248624,362.3043381088396,362.33668461393466,362.3043381088396,362.34721288758493
495,495.0,0.000925,34.60862322598404,29.452562589003293,30.080593575401792,1317.0661228938236,0.03201297648403524,0.02724362039482805,0.02782454905724666,0.08708114593610995,0.3676223611885247,0.3128532600480046,0.3195243787634707,2.0,367.6708257144069,0.35000000000582077,11.627682356920293,5649.971540939447,0.5053030751357089,0.08987013987265936,0.4048267849916317,0.11192960671908499,0.7269647689387541,0.16110562434216094,2.0,367.6708257144069,0.21842096259933896,two-phase,0.075,6.0,0.175,0.01902034771961865,0.01907373101452196,0.0680607982164913,0.06813281746401917,0.03455267936502299,0.8972397313156314,0.06820758931934569,0.03397504512954787,0.8972876668837859,0.0687372879866662,0.4607023915307302,0.14953995521832741,0.3897576532509423,0.4602011591013842,0.14952135142728612,0.39027748947132973,367.6708257144069,367.53352064845,367.6708257144069,367.77857356867884
496,496.0,0.000925,37.97950149948774,27.135920608850704,29.76247518608607,1310.1293744107654,0.03513103888702616,0.025100726563186904,0.027530289547129615,0.08776205499734267,0.40029872691665985,0.28600887438138184,0.31369239870195836,2.0,376.2416044883719,0.35000000000582077,11.490034106518527,5721.0481259035705,0.53642687411008,0.0782494620674771,0.3853236638224427,0.1474893107040495,0.6718477829586372,0.18066290633731333,2.0,376.2416044883719,0.18162341837887652,two-phase,0.075,6.0,0.175,0.01593964443257234,0.01585206854719022,0.07182241056477033,0.07198763576615357,0.036084692896801274,0.8993437842461266,0.06457152285707224,0.03726000778526933,0.8979221041993132,0.06481788801541742,0.48112923865117857,0.1498906307161497,0.36898013063267177,0.48145220839561065,0.14956072253203764,0.3689870690723517,376.2416044883719,376.1937516388961,376.2416044883719,376.2072789121882
497,497.0,0.000925,41.3683207775294,26.59830521611755,28.788911354158312,1302.9114469031324,0.0382656967192147,0.024603432324908733,0.02662974300259644,0.08949887204671986,0.4275550724174421,0.27490214973955585,0.29754277784300215,2.0,379.9618845060842,0.35000000000582077,11.687857441455785,5863.5299800866715,0.566016484990577,0.07367481524309348,0.3603086997663295,0.170412449071228,0.6486100566558984,0.1809774942728735,2.0,379.9618845060842,0.16580325388349593,two-phase,0.075,6.0,0.175,0.014839204204248809,0.01482426376544492,0.07465966784247105,0.07468680915880464,0.03787552419954705,0.9018032950378495,0.06032118076260342,0.036916329689511196,0.9033315604126585,0.05975210989783039,0.5050069893268598,0.15030054917284566,0.34469246150029453,0.5046573738187805,0.1511719928983578,0.34417063328286157,379.9618845060842,379.7466479237987,379.9618845060842,380.03995261507674
498,498.0,0.000925,43.30411193350217,26.2797670790647,28.38379791654232,1296.0990548053248,0.04005630353848951,0.02430878454813485,0.026255013072801647,0.09062010115942601,0.44202448492105867,0.26824936451316606,0.2897261505657753,2.0,382.0616938041072,0.35000000000582077,11.798220515092764,5936.2804041106165,0.5809776944444149,0.07106928355043032,0.34795302200515466,0.1839685243817221,0.6344409434382287,0.1815905321800492,2.0,382.0616938041072,0.15646934710093774,two-phase,0.075,6.0,0.175,0.014179268062636318,0.014094583291812793,0.07644083309678969,0.07647082026717923,0.038762024950340326,0.9030208067975087,0.05821716825215092,0.03932715883372421,0.9014993260022415,0.059173515164034275,0.5168269993343103,0.15050346779854787,0.33266953286714185,0.5162763049036091,0.15223013605083557,0.3314935590455552,382.0616938041072,382.08573593952,382.0616938041072,382.06666787065166
499,499.0,0.000925,49.037221148081535,24.964131377034604,27.07041729077684,1290.7199325094775,0.045359429561975424,0.02309182152375701,0.02504013599396858,0.09349138707970102,0.4851722814135456,0.24699410550055617,0.26783361308589815,2.0,388.34583052925814,0.35000000000582077,12.139206959971254,6196.5320999400865,0.6232357418964739,0.06325975351287065,0.31350450459065543,0.2287687119496735,0.5882150449003716,0.183016243149955,2.0,388.34583052925814,0.12699572069686837,two-phase,0.075,6.0,0.175,0.01187300608113652,0.011819753482149649,0.0816183809985645,0.0818200811894632,0.0412314188259688,0.9064122490201301,0.052356332153901085,0.04107395076468902,0.9077129844293496,0.051213064805961474,0.5497522509786271,0.15106870816059895,0.2991790408607738,0.5483870817207845,0.1507480750725684,0.300864843206647,388.34583052925814,388.2958090433825,388.34583052925814,388.2565573083343
