time_index,CA0,T_in,v,q1_dot,q2_dot,q3_dot,CA1_clean,CB1_clean,CC1_clean,T1_clean,CA2_clean,CB2_clean,CC2_clean,T2_clean,CA3_clean,CB3_clean,CC3_clean,T3_clean,CA_final_measured,CB_final_measured,CC_final_measured,T_out_final_measured
0,87.115,1340.7,0.000804,138120.658,215693.309,179961.132,87.115,0.1,0.1,1340.7,87.115,0.1,0.1,1340.7,87.115,0.1,0.1,1340.7,102.22843019837066,11.413694046674653,9.817527647537734,1350.1317563327723
1,87.115,1340.7,0.000804,138120.658,215693.309,179961.132,77.44707297943677,9.74649546807492,9.74649546807492,1306.4342310482016,76.11734365174345,11.09517550463561,11.09517550463561,1306.6646924165052,76.14675270252975,11.068051910612656,11.068051910612656,1305.0822014138053,85.0583053837534,16.881507271933124,16.489151755558986,1309.9726013444026
2,87.115,1340.7,0.000804,138120.658,215693.309,179961.132,73.6752999358225,13.501430073621481,13.501430073621481,1295.2286253964708,70.3926960669569,16.813812497986202,16.813812497986202,1293.3921703876679,70.16304271437424,17.05064844002963,17.05064844002963,1290.5434284619823,74.65049761516873,19.95328836712855,19.455318072023275,1293.103683728719
3,87.115,1340.7,0.000804,138120.658,215693.309,179961.132,71.72553984621541,15.437960463853562,15.437960463853562,1290.8544141639452,66.60430096144367,20.594294171745887,20.594294171745887,1287.5321692960606,65.8358461241392,21.375446318114218,21.375446318114218,1283.570301110181,67.30127635799049,23.041757633459927,22.506126697096466,1285.1386480496078
4,87.115,1340.7,0.000804,138120.658,215693.309,179961.132,70.57825194749554,16.574853993163995,16.574853993163995,1289.1099984749108,63.85833457629445,23.331535974608876,23.331535974608876,1285.1352214135193,62.3675546574789,24.840051143405475,24.840051143405475,1280.3943792439711,62.0329221436687,24.870240372240055,24.747577954199045,1280.8744189981712
5,87.115,1340.7,0.000804,138120.658,215693.309,179961.132,69.84372282066948,17.301216425316426,17.301216425316426,1288.4522810389428,61.76998730520706,25.411058670156706,25.411058670156706,1284.454637701213,59.45440040480665,27.74841793018111,27.74841793018111,1279.3499383271387,60.337327255759696,26.46840818506734,27.420916603323867,1279.0763495093574
6,87.115,1340.7,0.000804,138120.658,215693.309,179961.132,69.34458938999285,17.793933410774997,17.793933410774997,1288.2464375423142,60.134686982735865,27.037878014095288,27.037878014095288,1284.6041615613346,56.95046793459903,30.246729996863547,30.246729996863547,1279.5286638870218,56.12508532742419,29.691028550553295,28.87022557723918,1279.7339097890758
7,87.115,1340.7,0.000804,138120.658,215693.309,179961.132,68.99110036618053,18.142381133194032,18.142381133194032,1288.2215464710362,58.8304243526788,28.334261309132554,28.334261309132554,1285.1179108706908,54.77411815483952,32.416910062197424,32.416910062197424,1280.3860577853077,52.09328634407834,29.942823863444936,30.528009136846624,1280.1968312027473
8,87.115,1340.7,0.000804,138120.658,215693.309,179961.132,68.73377634841871,18.395744278716762,18.395744278716762,1288.2619104897021,57.778500504990554,29.379039123271347,29.379039123271347,1285.7541832985867,52.87393682224869,34.31063553934419,34.31063553934419,1281.5857556604979,50.38612834088901,31.75048911922377,32.091321935557964,1280.2632522783285
9,87.115,1340.7,0.000804,138120.658,215693.309,179961.132,68.54313002197927,18.58327860933005,18.58327860933005,1288.3194091292883,56.92475457258279,30.226419914693988,30.226419914693988,1286.3931874375414,51.21393641639403,35.964118931766855,35.964118931766855,1282.9211797799023,48.036444832669915,33.72154779023316,33.48748650751304,1281.2090346049258
10,87.115,1340.7,0.000804,138120.658,215693.309,179961.132,68.40033023598288,18.72363334851918,18.72363334851918,1288.3752895119057,56.229753829629665,30.9158299199242,30.9158299199242,1286.9805906084355,49.766349324312344,37.4053083449147,37.4053083449147,1284.2688851172213,46.04303977578491,34.04339970570009,35.037710976164234,1282.3999041122236
11,87.115,1340.7,0.000804,138120.658,215693.309,179961.132,68.29265323739389,18.829389311790763,18.829389311790763,1288.4233196372002,55.66344062479472,31.477287215223683,31.477287215223683,1287.4961783272777,48.50794367544404,38.65757207185087,38.65757207185087,1285.5584399808486,44.29817615433407,34.498906491614406,36.35136689372547,1283.3323902384677
12,87.115,1340.7,0.000804,138120.658,215693.309,179961.132,68.21113346122203,18.90939976033758,18.90939976033758,1288.4623816291878,55.20212097066059,31.934427606812985,31.934427606812985,1287.9367357766039,47.4181654773704,39.741560523504546,39.741560523504546,1286.752635351653,42.81812531899313,35.447586294163955,37.32888504656941,1284.500017276503
13,87.115,1340.7,0.000804,138120.658,215693.309,179961.132,68.14926818090031,18.97007918537646,18.97007918537646,1288.4932610524531,54.82670320733046,32.30627576016014,32.30627576016014,1288.306924306098,46.478266120670014,40.67608447141994,40.67608447141994,1287.83464557821,41.708212673719096,35.50176772939383,37.079204110030624,1285.4321638444426
14,87.115,1340.7,0.000804,138120.658,215693.309,179961.132,68.10225129962477,19.016164358566545,19.016164358566545,1288.5172953847748,54.52160711997688,32.60834253238563,32.60834253238563,1288.6145575351147,45.6709467712747,41.478476876980146,41.478476876980146,1288.7998746281987,38.322253055039084,36.9831482693311,38.372066897842245,1285.39485357726
15,87.115,1340.7,0.000804,138120.658,215693.309,179961.132,68.06648845246671,19.05119517714651,19.05119517714651,1288.5358375278595,54.27403716242656,32.8533558387828,32.8533558387828,1288.8682421069725,44.98024958573939,42.16470766875838,42.16470766875838,1289.6508735582183,38.863674150515045,37.03982190077203,37.87423897161583,1286.125796519198
16,87.115,1340.7,0.000804,138120.658,215693.309,179961.132,68.03927195522527,19.077836530898807,19.077836530898807,1288.550069354868,54.07346022756603,33.05178532791934,33.05178532791934,1289.0762616473294,44.39154505923602,42.74940178531361,42.74940178531361,1290.3942070844846,37.38662702149134,37.55124724351272,38.54204898599061,1287.4325003449956
17,87.115,1340.7,0.000804,138120.658,215693.309,179961.132,68.01855311910673,19.098103485706968,19.098103485706968,1288.5609598642639,53.91120573697698,33.21224360997371,33.21224360997371,1289.24610072816,43.89153816251752,43.24583766435401,43.24583766435401,1291.0385268524378,36.33709761492986,37.84754567050629,38.91748689617773,1288.053998353489
18,87.115,1340.7,0.000804,138120.658,215693.309,179961.132,68.00277778464516,19.11352378403837,19.11352378403837,1288.569278500901,53.780145483278595,33.34180697580075,33.34180697580075,1289.3842905370664,43.468259156046194,43.665960255873244,43.665960255873244,1291.5933831232978,38.605437368726776,38.36937074437547,39.55835908331643,1288.1235086066972
19,87.115,1340.7,0.000804,138120.658,215693.309,179961.132,67.99076509223256,19.125257530075377,19.125257530075377,1288.5756257202788,53.67443048538269,33.44627861027176,33.44627861027176,1289.4964106223763,43.11102858162601,44.02041909900873,44.02041909900873,1292.0684899388514,36.66577731386095,37.75998978626794,39.59176061070991,1288.3440573670048
20,87.115,1340.7,0.000804,138120.658,215693.309,179961.132,67.98161697283925,19.134186485632014,19.134186485632014,1288.580465512509,53.58927184457704,33.53040749742202,33.53040749742202,1289.5871614360226,42.8103974688429,44.318630504170635,44.318630504170635,1292.473273677244,36.00858390453358,38.88766901624748,39.994831739637874,1289.6932510153276
21,87.115,1340.7,0.000804,138120.658,215693.309,179961.132,67.9746500400453,19.140981224801973,19.140981224801973,1288.5841543726444,53.52075734219739,33.59807140524077,33.59807140524077,1289.6604642384405,42.55806844106057,44.568858250728645,44.568858250728645,1292.816603367251,36.17289793079377,38.70433277011107,40.31055952568736,1288.8835929406687
22,87.115,1340.7,0.000804,138120.658,215693.309,179961.132,67.96934409348555,19.146151881504643,19.146151881504643,1288.5869652804674,53.46569789797444,33.652429918610274,33.652429918610274,1289.719566627867,42.34680446209271,44.77830615655099,44.77830615655099,1293.1066406728025,36.641929428161916,38.34665038451097,40.51967535921095,1289.2184395358559
23,87.115,1340.7,0.000804,138120.658,215693.309,179961.132,67.96530306998424,19.1500866098656,19.1500866098656,1288.5891068423584,53.42149928551739,33.696052182190684,33.696052182190684,1289.7671432135367,42.17033136706131,44.95321646774972,44.95321646774972,1293.3507701002504,34.50398512173809,38.973950065719,39.70615131121952,1290.5424818938363
24,87.115,1340.7,0.000804,138120.658,215693.309,179961.132,67.96222538230819,19.153080783100112,19.153080783100112,1288.590738275726,53.38605527942987,33.73102321623099,33.73102321623099,1289.8053868037728,42.02323911905837,45.09896920923021,45.09896920923021,1293.5555831766897,35.44459163232456,39.23784813012076,40.53086234367969,1289.9359812592936
25,87.115,1340.7,0.000804,138120.658,215693.309,179961.132,67.95988136527171,19.155359184136415,19.155359184136415,1288.5919810103226,53.35765896028524,33.75903210200228,33.75903210200228,1289.836088516131,41.9008854460535,45.220178912513916,45.220178912513916,1293.7268983939778,33.906290253386544,39.882575132056466,40.80077556263285,1290.0965687864855
26,87.115,1340.7,0.000804,138120.658,215693.309,179961.132,67.95809611540469,19.15709288053079,19.15709288053079,1288.5929276129007,53.334929347174864,33.7814448800289,33.7814448800289,1289.8607067701041,41.79930436487802,45.32078627344354,45.32078627344354,1293.869803942936,35.73871746318292,39.791126504169895,40.30700414129689,1290.2943542014857
27,87.115,1340.7,0.000804,138120.658,215693.309,179961.132,67.95673642940352,19.15841206176886,19.15841206176886,1288.5936486267262,53.31675091070964,33.79936461433913,33.79936461433913,1289.880425884722,41.7151211647331,45.404143215981534,45.404143215981534,1293.988713890117,34.950626024446144,40.29866946111199,40.66279598900159,1289.5891684023964
28,87.115,1340.7,0.000804,138120.658,215693.309,179961.132,67.95570086005752,19.15941580715132,19.15941580715132,1288.5941978011203,53.30222386012445,33.813680730717735,33.813680730717735,1289.8962053380208,41.64547470419945,45.473090547129914,45.473090547129914,1294.0874310952167,34.69842373045395,39.1376862517067,41.24684382496122,1291.4621721208746
29,87.115,1340.7,0.000804,138120.658,215693.309,179961.132,67.9549121445031,19.16017951911164,19.16017951911164,1288.5946160844069,53.2906234026588,33.82510942958532,33.82510942958532,1289.9088208489393,41.587947346968974,45.530027908405955,45.530027908405955,1294.16921215177,35.52074865159742,40.22455267840045,40.52639744921831,1290.6512852903993
30,87.115,1340.7,0.000804,138120.658,215693.309,179961.132,67.9543114383334,19.160760580345627,19.160760580345627,1288.59493467002,53.281366443926466,33.83422670189538,33.83422670189538,1289.9188984226926,41.54050248797898,45.57697609581597,45.57697609581597,1294.236831135399,34.445785718939234,39.942268716460276,41.3596112122632,1290.2297668122624
31,87.115,1340.7,0.000804,138120.658,215693.309,179961.132,67.95385392462109,19.161202659336933,19.161202659336933,1288.5951773190234,53.273984436035505,33.8414952374784,33.8414952374784,1289.9269424187705,41.50142936971529,45.61563206638631,45.61563206638631,1294.2926400738527,34.83610306167458,40.10265082965277,40.94518202067374,1291.3541868391299
32,87.115,1340.7,0.000804,138120.658,215693.309,179961.132,67.95350546987727,19.161538987260073,19.161538987260073,1288.5953621303006,53.26810128754094,33.84728630755321,33.84728630755321,1289.9333585909135,41.46929472898008,45.64741710409442,45.64741710409442,1294.3386248907118,33.67860459152563,40.12403909417681,40.84759285853914,1290.3488512882918
33,87.115,1340.7,0.000804,138120.658,215693.309,179961.132,67.95324007726676,19.161794852015863,19.161794852015863,1288.5955028894602,53.263415428132376,33.85189752425841,33.85189752425841,1289.9384729303222,41.442900723458564,45.673518705278575,45.673518705278575,1294.3764561819946,34.60014915531597,39.51271546145757,40.92852700772189,1291.615409745122
34,87.115,1340.7,0.000804,138120.658,215693.309,179961.132,67.9530379469747,19.161989496420368,19.161989496420368,1288.5956100965639,53.25968527386123,33.85556722732033,33.85556722732033,1289.9425470279116,41.42124854599137,45.69492678212106,45.69492678212106,1294.4075346127988,33.44934866758532,39.951932589749234,40.567131794434694,1289.9915139303223
35,87.152,1197.46,0.001459,157252.264,191375.119,160407.507,72.19802298970566,14.930110506565569,14.930110506565569,1253.947211050412,56.5279562062063,30.58987620467694,30.58987620467694,1281.0401001756318,43.90298472330168,43.2132207846322,43.2132207846322,1290.109890460932,42.62223096936554,38.393311330482106,41.98398877549168,1291.9124329966924
36,87.152,1197.46,0.001459,157252.264,191375.119,160407.507,75.89631742621805,11.240276281857865,11.240276281857865,1236.4908217453938,60.46713601676697,26.65606480920734,26.65606480920734,1269.272772127773,46.88146105714708,40.236303281260916,40.236303281260916,1284.0720509809514,45.68929803480745,37.413811336879064,39.26149822246032,1286.2012070506341
37,87.152,1197.46,0.001459,157252.264,191375.119,160407.507,78.62610004243251,8.515954896759776,8.515954896759776,1226.7521013501666,64.47428880472351,22.65476781742658,22.65476781742658,1259.01433923913,50.34805003904103,36.772760503176734,36.772760503176734,1277.1697369572744,51.08478514887259,35.17942703607314,36.5253766125907,1279.9455775138563
38,87.152,1197.46,0.001459,157252.264,191375.119,160407.507,80.54540816508604,6.600172104912949,6.600172104912949,1221.0761433414964,68.10526304949434,19.029116639560996,19.029116639560996,1250.9054866421523,54.065614683310834,33.059154455912925,33.059154455912925,1270.3201554466839,55.77699840152264,31.644807658792605,34.18317174658339,1272.8112887727525
39,87.152,1197.46,0.001459,157252.264,191375.119,160407.507,81.86542515798048,5.282430781557476,5.282430781557476,1217.6882101829262,71.1702667449324,15.968545147410978,15.968545147410978,1244.76484372467,57.75766642787612,29.37138005036683,29.37138005036683,1264.0530209297012,60.63106201917687,29.374896809337514,31.025448993094056,1268.0480362765509
40,87.152,1197.46,0.001459,157252.264,191375.119,160407.507,82.76205249194734,4.387272436498187,4.387272436498187,1215.6350309960762,73.640123425343,13.502192516539411,13.502192516539411,1240.231270275568,61.20684762446521,25.926352966339152,25.926352966339152,1258.6139067007507,64.9536906734681,27.180865195155228,28.374919983422526,1263.1048819178347
41,87.152,1197.46,0.001459,157252.264,191375.119,160407.507,83.36623001767155,3.784043171658789,3.784043171658789,1214.3771752581629,75.56672642094512,11.578266506630053,11.578266506630053,1236.9419066805028,64.27940698038296,22.85755605285868,22.85755605285868,1254.0688740257058,68.7335554791514,24.14033531037731,26.05723910620388,1260.0055382650964
42,87.152,1197.46,0.001459,157252.264,191375.119,160407.507,83.77105687072617,3.3798284394316966,3.3798284394316966,1213.600029297387,77.03394591943248,10.113042979606341,10.113042979606341,1234.5855345840926,66.91600569947798,20.224201064644316,20.224201064644316,1250.3787910761214,74.10450282943305,23.02357377064328,23.322652588223463,1256.6846976688425
43,87.152,1197.46,0.001459,157252.264,191375.119,160407.507,84.04117066280864,3.110109783237914,3.110109783237914,1213.1165166482729,78.13091944388081,9.017530844433239,9.017530844433239,1232.9137485609506,69.111816244789,18.03108621032803,18.03108621032803,1247.4500833719503,77.33923041621009,20.75332011555661,22.513579748526716,1253.3309071135266
44,87.152,1197.46,0.001459,157252.264,191375.119,160407.507,84.22081116630088,2.9307243476399933,2.9307243476399933,1212.8138791404315,78.93918932697382,8.210315959687996,8.210315959687996,1231.7364581557326,70.89649842750595,16.24858148811522,16.24858148811522,1245.167827009048,79.16023613981784,19.729396097196155,20.87674672342124,1252.5446817849481
45,87.152,1197.46,0.001459,157252.264,191375.119,160407.507,84.33997049569854,2.8117296695245484,2.8117296695245484,1212.6234491528733,79.5277187188807,7.62253965755282,7.62253965755282,1230.9122014758034,72.31804385246258,14.828755511506436,14.828755511506436,1243.41582348502,81.15954293528402,18.849271933314842,21.002490668846498,1249.8546950660705
46,87.152,1197.46,0.001459,157252.264,191375.119,160407.507,84.4188437715861,2.7329626792390895,2.7329626792390895,1212.5030578431554,79.95206294806701,7.198728083637696,7.198728083637696,1230.337757778278,73.43130035894896,13.71683190433951,13.71683190433951,1242.08752868619,83.56759422896742,18.016955558527226,19.294241008330996,1248.5711505458464
47,87.152,1197.46,0.001459,157252.264,191375.119,160407.507,84.47095994117876,2.680915119067908,2.680915119067908,1212.4266236831777,80.25551225757383,6.895652643790777,6.895652643790777,1229.9388847598839,74.29063812005349,12.85851162622027,12.85851162622027,1241.0909505834804,83.40784968039391,16.62670406400097,18.046775077558557,1248.1537106864555
48,87.152,1197.46,0.001459,157252.264,191375.119,160407.507,84.50534616059514,2.6465731883662893,2.6465731883662893,1212.3779133950209,80.47099116336842,6.680434463289361,6.680434463289361,1229.6627517075285,74.94579406977986,12.20412235852247,12.20412235852247,1240.3498564444403,84.4859517604723,16.377896739523113,18.726038059272025,1247.595929411359
49,87.152,1197.46,0.001459,157252.264,191375.119,160407.507,84.52800664857467,2.623941289612732,2.623941289612732,1212.3467661362918,80.6230811818253,6.528525261574873,6.528525261574873,1229.4720670247534,75.43993353414389,11.710554207194514,11.710554207194514,1239.8029308242335,86.68750403445107,16.0297909379936,17.312769100515382,1247.9931733612334
50,87.152,1197.46,0.001459,157252.264,191375.119,160407.507,84.54292468160382,2.609041711484507,2.609041711484507,1212.3267894223,80.72986880873687,6.421862433091027,6.421862433091027,1229.3406698670892,75.80913507914265,11.341774312313415,11.341774312313415,1239.4019591410286,84.80492031225928,16.27241610464571,17.29232536141359,1247.0382660279981
51,87.152,1197.46,0.001459,157252.264,191375.119,160407.507,84.5527372149767,2.599241091108772,2.599241091108772,1212.313942902586,80.80450531738626,6.347311698568569,6.347311698568569,1229.250295577607,76.08270795206319,11.068510024909132,11.068510024909132,1239.1096914890834,85.0890894977077,15.734899413053794,18.024844731717607,1247.1203774043045
52,87.152,1197.46,0.001459,157252.264,191375.119,160407.507,84.55918686301408,2.5927991331425466,2.5927991331425466,1212.3056621696949,80.85646063633979,6.295415114423521,6.295415114423521,1229.188240511401,76.28393511633458,10.867507030166776,10.867507030166776,1238.897751760736,87.73371949769486,15.518100954730494,17.108745089482166,1246.9929566835426
53,87.152,1197.46,0.001459,157252.264,191375.119,160407.507,84.56342353307322,2.588567427173756,2.588567427173756,1212.3003134383255,80.89249835243015,6.259417485574844,6.259417485574844,1229.145695830111,76.43098011882321,10.72062380413259,10.72062380413259,1238.744770490688,87.3576161796189,15.461644050351037,17.043161937914615,1246.936252398582
54,87.152,1197.46,0.001459,157252.264,191375.119,160407.507,84.56620508837831,2.585789076285457,2.585789076285457,1212.2968522893868,80.91741575105891,6.234527366612236,6.234527366612236,1229.116568841754,76.53780178165182,10.613918204502319,10.613918204502319,1238.6348074694092,86.83060792940371,14.686844640913165,16.46013991261064,1245.7680894710304
55,87.152,1197.46,0.001459,157252.264,191375.119,160407.507,84.5680304941048,2.583965739072256,2.583965739072256,1212.2946090404032,80.93459527272648,6.2173663598871824,6.2173663598871824,1229.0966545881909,76.61499292955833,10.536809883489425,10.536809883489425,1238.5560677722417,85.16661739946326,15.733187708718562,17.20065019355503,1245.9601575584218
56,87.152,1197.46,0.001459,157252.264,191375.119,160407.507,84.56922797514393,2.582769593298669,2.582769593298669,1212.2931531342276,80.94640953441281,6.2055646344015125,6.2055646344015125,1229.0830564542248,76.67050583892319,10.481355799681351,10.481355799681351,1238.4998840022897,86.78794998703955,16.32244511437589,16.654614985691428,1246.10792654823
57,87.152,1197.46,0.001459,157252.264,191375.119,160407.507,84.5700132827726,2.581985147609854,2.581985147609854,1212.2922070949871,80.95451534540585,6.197467293040528,6.197467293040528,1229.0737824897274,76.71025511719188,10.44164811904374,10.44164811904374,1238.459925397489,86.96317454950278,15.972128511357814,16.936073050163877,1247.1240812437804
58,87.152,1197.46,0.001459,157252.264,191375.119,160407.507,84.57052814802505,2.581470838756338,2.581470838756338,1212.2915917265361,80.96006509950699,6.1919232497871635,6.1919232497871635,1229.0674650170222,76.73860423404219,10.41332830061212,10.41332830061212,1238.431592601473,86.63549390829948,16.032382705510976,16.87834631830797,1245.6832909091006
59,87.152,1197.46,0.001459,157252.264,191375.119,160407.507,84.57086562757364,2.5811337183740575,2.5811337183740575,1212.2911910899809,80.96385754608156,6.188134646882838,6.188134646882838,1229.0631663651538,76.75874939122869,10.393203704093363,10.393203704093363,1238.4115601560718,87.67368134423297,16.667654006241918,16.877683823723917,1247.2618272431316
60,87.152,1197.46,0.001459,157252.264,191375.119,160407.507,84.57108679252704,2.580912785269486,2.580912785269486,1212.290930053132,80.96644459516347,6.185550180444952,6.185550180444952,1229.0602445678153,76.7730169958378,10.378950480008818,10.378950480008818,1238.3974341170917,87.50891230071409,14.930314856132727,17.04732192408807,1245.6590105429857
61,87.152,1197.46,0.001459,157252.264,191375.119,160407.507,84.57123170733017,2.5807680201292875,2.5807680201292875,1212.290759859833,80.96820653786514,6.1837899703976325,6.1837899703976325,1229.0582606940106,76.78309081977946,10.36888668302147,10.36888668302147,1238.3874979761028,86.59092359170191,16.292180826601875,15.845552250675194,1245.91459686334
62,87.152,1197.46,0.001459,157252.264,191375.119,160407.507,84.57132664695611,2.5806731771136793,2.5806731771136793,1212.2906488319427,80.96940475621514,6.182592912796015,6.182592912796015,1229.056915016883,76.79018335375318,10.361801120446643,10.361801120446643,1238.380525470784,87.45967521647134,15.576524232137563,16.50769897680858,1246.2698567991408
63,87.152,1197.46,0.001459,157252.264,191375.119,160407.507,84.5713888382693,2.5806110481643274,2.5806110481643274,1212.2905763657066,80.97021849709704,6.181779948496398,6.181779948496398,1229.0560031174707,76.7951637307019,10.356825577607466,10.356825577607466,1238.3756435425491,86.29883309560721,16.04751681037551,16.756429381083063,1246.2823573956903
64,87.152,1197.46,0.001459,157252.264,191375.119,160407.507,84.57142957321553,2.58057035347518,2.58057035347518,1212.290529048071,80.97077042942146,6.181228535091435,6.181228535091435,1229.0553857435577,76.79865237915419,10.35334027294155,10.35334027294155,1238.3722325673639,87.0338921236647,16.059774368196905,17.027554878264247,1245.4337491570807
65,87.152,1197.46,0.001459,157252.264,191375.119,160407.507,84.57145625202126,2.5805437006561402,2.5805437006561402,1212.2904981402805,80.97114434534109,6.180854965518782,6.180854965518782,1229.0549681434588,76.80109051938884,10.350904440292721,10.350904440292721,1238.369854086506,88.43308237190118,16.356906069830902,17.037729018458577,1246.078112928087
66,87.152,1197.46,0.001459,157252.264,191375.119,160407.507,84.57147372363697,2.580526245815367,2.580526245815367,1212.2904779450892,80.97139738314137,6.180602158634601,6.180602158634601,1229.0546859160129,76.8027908436882,10.349205705049865,10.349205705049865,1238.3681986957852,86.50941313401478,14.319500740227431,16.15444797174085,1246.4038584479983
67,87.152,1197.46,0.001459,157252.264,191375.119,160407.507,84.57148516484791,2.5805148154329838,2.5805148154329838,1212.2904647460082,80.9715684443629,6.180431251213531,6.180431251213531,1229.0544953351903,76.80397425394654,10.348023386839573,10.348023386839573,1238.3670486269948,87.9923502745328,14.994956381569278,16.213216872491518,1246.5285544637213
68,87.152,1197.46,0.001459,157252.264,191375.119,160407.507,84.5714926566663,2.5805073306046307,2.5805073306046307,1212.2904561174444,80.97168397596589,6.180315821951255,6.180315821951255,1229.0543667428828,76.80479635042663,10.347202039422667,10.347202039422667,1238.3662509824446,87.85513210099602,15.645178387661062,17.300602465474327,1245.8787678139738
69,87.152,1197.46,0.001459,157252.264,191375.119,160407.507,84.57149756215522,2.5805024296279377,2.5805024296279377,1212.290450475639,80.97176193362144,6.18023793233364,6.18023793233364,1229.054280042562,76.80536643950278,10.346632463229305,10.346632463229305,1238.3656986577141,87.15361253294822,15.202729883466139,16.493373189165784,1246.4853002018795
70,98.148,1156.065,0.000846,168913.225,186363.697,246756.61399999997,86.67500123543674,2.941785612104804,2.941785612104804,1206.329785770342,80.6142168014001,6.837348144759776,6.837348144759776,1230.6085751287296,75.9380815934861,11.23871575548997,11.23871575548997,1245.5766772233978,94.81565430146806,19.358385157591126,22.337413968247166,1260.4421456059606
71,98.148,1156.065,0.000846,168913.225,186363.697,246756.61399999997,88.39136365736407,3.1377205734204408,3.1377205734204408,1201.9162077747096,80.74281949581258,7.426503161157401,7.426503161157401,1230.5882903309735,75.03097774120941,12.2856365713717,12.2856365713717,1250.3826666192044,93.44683291320102,20.663912721988243,24.2033432600786,1266.2234158420415
72,98.148,1156.065,0.000846,168913.225,186363.697,246756.61399999997,89.7802988597335,3.2324354779210616,3.2324354779210616,1198.6102359813365,81.19751298427632,7.90523018965795,7.90523018965795,1229.739743194595,74.25472335330852,13.359485433835031,13.359485433835031,1253.391713366186,93.21776115616221,20.692286136672188,23.901489362201826,1267.827653406404
73,98.148,1156.065,0.000846,168913.225,186363.697,246756.61399999997,90.89806821978938,3.265751539465609,3.265751539465609,1196.1130642383607,81.85166702158578,8.267413087897113,8.267413087897113,1228.5003128597637,73.69504766919289,14.37092195612769,14.37092195612769,1255.1309725306955,91.70768534306306,20.964151410668276,25.521323427683715,1270.0545186822203
74,98.148,1156.065,0.000846,168913.225,186363.697,246756.61399999997,91.79409744705073,3.2627884345234937,3.2627884345234937,1194.2148129660056,82.61027974615236,8.523982454670834,8.523982454670834,1227.1217864997288,73.37636793022796,15.268989015862008,15.268989015862008,1256.0010872217995,89.98366618668214,22.561325117119207,26.194233890517737,1271.1040318755809
75,98.148,1156.065,0.000846,168913.225,186363.697,246756.61399999997,92.51030021181298,3.239468303723744,3.239468303723744,1192.7646493594202,83.40543647410892,8.69230526855758,8.69230526855758,1225.7456452948088,73.2851566384539,16.031931488772734,16.031931488772734,1256.287448140516,91.00010209390437,23.068081954463672,26.72729232774537,1271.2867227338331
76,98.148,1156.065,0.000846,168913.225,186363.697,246756.61399999997,93.08150213353362,3.2058372655565672,3.2058372655565672,1191.65235888585,84.19092079272959,8.790769105515,8.790769105515,1224.4479026179777,73.38819058899823,16.657090513348155,16.657090513348155,1256.18801788443,90.79808702924271,23.67938946929186,26.680980389013566,1270.2272930077177
77,98.148,1156.065,0.000846,168913.225,186363.697,246756.61399999997,93.53626929229145,3.1681428413133847,3.1681428413133847,1190.7964016587837,84.93709350096088,8.836257939898244,8.836257939898244,1223.2657253421908,73.64482554567843,17.15291280889356,17.15291280889356,1255.8395408729123,90.78499021028955,23.890561970764114,27.432472694111034,1270.5399605919656
78,98.148,1156.065,0.000846,168913.225,186363.697,246756.61399999997,93.89783122889258,3.130165516895234,3.130165516895234,1190.1358757569365,85.6265180181094,8.843167393052703,8.843167393052703,1222.2133577186778,74.01435955387733,17.533478271870358,17.533478271870358,1255.3370954374996,89.63932526924714,25.204694181857825,28.102344031087526,1269.708850481719
79,98.148,1156.065,0.000846,168913.225,186363.697,246756.61399999997,94.18496263633622,3.094086246349177,3.094086246349177,1189.6249527294121,86.25044636302606,8.823204670057551,8.823204670057551,1221.2917492127028,74.45995426143195,17.815046740007574,17.815046740007574,1254.7473360319048,92.8249361173526,24.928446746569435,28.34288623788832,1269.2300640116475
80,98.148,1156.065,0.000846,168913.225,186363.697,246756.61399999997,94.41276963517136,3.061057284132197,3.061057284132197,1189.2289393640406,86.80610801809924,8.785562568804277,8.785562568804277,1220.4944287193402,74.9503620097827,18.014006432060114,18.014006432060114,1254.1171531366092,93.33541855408306,24.818277795036046,27.73600020262404,1267.993908436065
81,98.148,1156.065,0.000846,168913.225,186363.697,246756.61399999997,94.59336526287969,3.031579603546917,3.031579603546917,1188.9214426033882,87.2946797038073,8.737248511228312,8.737248511228312,1219.8111026798838,75.46035099295305,18.14573137619021,18.14573137619021,1253.4793535303977,93.80907812751424,24.80367284215234,28.625789303541893,1267.9472864145632
82,98.148,1156.065,0.000846,168913.225,186363.697,246756.61399999997,94.73643678614441,3.005752479800672,3.005752479800672,1188.6823011561823,87.71980254509099,8.683454838605007,8.683454838605007,1219.2298498096848,75.97041388882239,18.224007504158195,18.224007504158195,1252.856489620383,93.56194409195702,24.87706652425399,28.728000796275357,1266.8587080776354
83,98.148,1156.065,0.000846,168913.225,186363.697,246756.61399999997,94.84971515591882,2.983437820691678,2.983437820691678,1188.49606033408,88.08652441437368,8.627914163867208,8.627914163867208,1218.7384386916583,76.46612432472945,18.260806207725544,18.260806207725544,1252.263543517345,93.92564616538073,24.450694866232563,28.63989735785697,1266.8260704439995
84,98.148,1156.065,0.000846,168913.225,186363.697,246756.61399999997,94.9393595350897,2.964367359695149,2.964367359695149,1188.3508377430167,88.40056442444408,8.57321479650796,8.57321479650796,1218.3250923986586,76.937358787457,18.266265005083273,18.266265005083273,1251.7098822721352,94.60436939846777,25.23177299883743,27.96510771389907,1265.2002145278332
85,98.148,1156.065,0.000846,168913.225,186363.697,246756.61399999997,95.01026995457097,2.9482114999173765,2.9482114999173765,1188.2374736986226,88.66781666713274,8.52106790910346,8.52106790910346,1217.9789037039525,77.3775082259379,18.248786828177955,18.248786828177955,1251.2007255109881,94.79876201762849,25.47462105693678,28.94388998319752,1265.5310475185713
86,98.148,1156.065,0.000846,168913.225,186363.697,246756.61399999997,95.06634014295405,2.9346224700965604,2.9346224700965604,1188.1488911506178,88.89402845188556,8.472526677390814,8.472526677390814,1217.6900307074675,77.78274572162515,18.215202130304615,18.215202130304615,1250.7382675727606,96.47295650898367,25.218358812251374,29.5987225492303,1265.6754353430515
87,98.148,1156.065,0.000846,168913.225,186363.697,246756.61399999997,95.11066112198293,2.9232603686947276,2.9232603686947276,1188.0796110522176,89.0846035491441,8.42816170094598,8.42816170094598,1217.4497565837578,78.15138147089196,18.170958687566102,18.170958687566102,1250.3225421113582,96.2480899944763,25.602687990224226,28.45095256739028,1265.4069981101811
88,98.148,1156.065,0.000846,168913.225,186363.697,246756.61399999997,95.14568461732337,2.9138079182880876,2.9138079182880876,1188.0253838606218,89.24449323521523,8.388198623204097,8.388198623204097,1217.2504677226495,78.48331551810575,18.12031722469019,18.12031722469019,1249.9520877330535,97.5298144622543,25.349458150956345,28.141549195210693,1265.4247327301298
89,98.148,1156.065,0.000846,168913.225,186363.697,246756.61399999997,95.17335387174985,2.9059778812768746,2.9059778812768746,1187.9829083049765,89.378147581522,8.352624164268901,8.352624164268901,1217.0855854422311,78.77958681497178,18.066539632374525,18.066539632374525,1249.624456798831,96.64204963952179,25.50416916911905,29.102140798812645,1264.7971136070812
90,98.148,1156.065,0.000846,168913.225,186363.697,246756.61399999997,95.19520813970198,2.8995158097981415,2.8995158097981415,1187.9496160601202,89.48950685879045,8.32126640851698,8.32126640851698,1216.9494739250415,79.04201086051594,18.01206223555429,18.01206223555429,1249.3365996584112,96.52181041453971,26.10070185817826,29.147664885883945,1264.4221131803097
91,98.148,1156.065,0.000846,168913.225,186363.697,246756.61399999997,95.21246601113742,2.8941999271677847,2.8941999271677847,1187.9235064090656,89.58201856224038,8.293854518767992,8.293854518767992,1216.8373387468573,79.27289525104712,17.95865033382111,17.95865033382111,1249.0851500364367,96.65660552196469,25.312285664599123,29.06011474994203,1264.2377442147024
92,98.148,1156.065,0.000846,168913.225,186363.697,246756.61399999997,95.22609175598751,2.8898393380001584,2.8898393380001584,1187.9030189651753,89.65866978650124,8.270062283318943,8.270062283318943,1216.7451248794464,79.47482158367687,17.907532697789126,17.907532697789126,1248.8666324763722,96.91626418723959,24.88015129415023,28.325720687565926,1263.8957326543127
93,98.148,1156.065,0.000846,168913.225,186363.697,246756.61399999997,95.23684808348403,2.8862713533518267,2.8862713533518267,1187.8869354688668,89.72202780691225,8.24953914989629,8.24953914989629,1216.6694194198594,79.65048245079511,17.859516276595023,17.859516276595023,1248.6776089240384,98.1937434601727,25.922716672840735,28.45544343096723,1264.07187701428
94,98.148,1156.065,0.000846,168913.225,186363.697,246756.61399999997,95.2453380536685,2.88335843709651,2.88335843709651,1187.8743038612986,89.77428401482621,8.231931714958172,8.231931714958172,1216.6073619173142,79.80256319293586,17.815082326417944,17.815082326417944,1248.5147783645807,99.87009403763349,25.41770934168825,29.258779916955707,1263.4081782561557
95,98.148,1156.065,0.000846,168913.225,186363.697,246756.61399999997,95.25203834120907,2.880985089879392,2.880985089879392,1187.8643794725012,89.81729801261689,8.216898039672598,8.216898039672598,1216.5565636272968,79.93365930359208,17.774465698737306,17.774465698737306,1248.3750407595253,100.44808779197382,25.457945469067376,29.137514391033818,1263.5787621257668
96,98.148,1156.065,0.000846,168913.225,186363.697,246756.61399999997,95.25732561507677,2.8790548594975087,2.8790548594975087,1187.856579389589,89.8526398583182,8.204116659659936,8.204116659659936,1216.5150360470755,80.0462216932409,17.73771926567135,17.73771926567135,1248.2555342844346,97.15176084429498,25.492628423367655,28.64870127709624,1263.5399096965818
97,98.148,1156.065,0.000846,168913.225,186363.697,246756.61399999997,95.26149744451763,2.8774875820317503,2.8774875820317503,1187.8504469973388,89.88162928258959,8.193291739318244,8.193291739318244,1216.4811284913792,80.1425232981118,17.70476550563838,17.70476550563838,1248.1536529902196,97.94508558958226,23.986804608569614,28.7685744675488,1262.4778413909503
98,98.148,1156.065,0.000846,168913.225,186363.697,246756.61399999997,95.26478885723502,2.8762169030402163,2.8762169030402163,1187.8456243853752,89.905371275256,8.184155483959772,8.184155483959772,1216.4534741246853,80.2246416944246,17.675437195817675,17.675437195817675,1248.067050458604,98.65485485731182,24.962018979794543,28.481526309568597,1263.2308706207182
99,98.148,1156.065,0.000846,168913.225,186363.697,246756.61399999997,95.2673854471494,2.875188093239205,2.875188093239205,1187.8418308498112,89.92478782543071,8.176468653214773,8.176468653214773,1216.4309436907922,80.29445341873829,17.64950900836373,17.64950900836373,1247.9936337533877,98.03709098813727,25.371526680407044,28.555781080713448,1262.6700517774811
100,98.148,1156.065,0.000846,168913.225,186363.697,246756.61399999997,95.26943374598767,2.874356151832144,2.874356151832144,1187.8388461241805,89.94064585094797,8.1700198063335,8.1700198063335,1216.4126061120296,80.35363658964853,17.626721619989024,17.626721619989024,1247.9315509443643,97.8528316463693,24.86843184996414,29.31205989887819,1263.1600580252498
101,98.148,1156.065,0.000846,168913.225,186363.697,246756.61399999997,95.2710494265502,2.873684178481979,2.873684178481979,1187.8364972857637,89.95358150870594,8.164623744074122,8.164623744074122,1216.3976951294283,80.40367917866605,17.606799743214218,17.606799743214218,1247.8791746625675,98.76436415324488,25.35833828042922,29.096922737771138,1263.5823939684024
102,98.148,1156.065,0.000846,168913.225,186363.697,246756.61399999997,95.27232378866111,2.873141988740702,2.873141988740702,1187.8346485221662,89.9641211664386,8.160119483910073,8.160119483910073,1216.3855811944102,80.44589089950266,17.589465287950713,17.589465287950713,1247.835083499634,99.00903922233991,25.30456749132425,28.913657575559792,1263.011977256282
103,98.148,1156.065,0.000846,168913.225,186363.697,246756.61399999997,95.27332888569646,2.8727049454107854,2.8727049454107854,1187.8331931265338,89.97269935950152,8.15636800771304,8.15636800771304,1216.3757478839905,80.4814171896822,17.57444667385097,17.57444667385097,1247.798042559901,98.41297672935754,25.155133804988658,28.535236704305014,1263.0878325601905
104,98.148,1156.065,0.000846,168913.225,186363.697,246756.61399999997,95.27412157548633,2.872352978360035,2.872352978360035,1187.832047231237,89.97967406873694,8.153249947499647,8.153249947499647,1216.3677721833217,80.51125416213084,17.56148514253287,17.56148514253287,1247.7669840847786,100.05795094574586,25.112865828705377,28.998108758147083,1263.2685929397835
105,84.884,1071.843,0.001485,248307.41,182511.407,246032.59199999998,91.15769764531426,2.2209699311071134,2.2209699311071134,1157.8648529237046,90.05706340919755,7.097297796172838,7.097297796172838,1205.944888374826,82.16779593658298,15.787122087891156,15.787122087891156,1241.4665118254838,92.0122670925322,21.634610589213928,21.924224497453462,1248.7623626202853
106,84.884,1071.843,0.001485,248307.41,182511.407,246032.59199999998,88.70194760294993,1.6229206860660663,1.6229206860660663,1139.8185146926046,89.2323466197861,5.9347742161667805,5.9347742161667805,1192.0737466640282,83.27836261657289,14.01881792939649,14.01881792939649,1233.722346029924,93.30468580217644,19.649725943194582,20.226796105649747,1241.0815259586557
107,84.884,1071.843,0.001485,248307.41,182511.407,246032.59199999998,87.1949878505094,1.1739098776358379,1.1739098776358379,1128.8143786166997,88.22411839362915,4.798782584756272,4.798782584756272,1179.095183368289,83.90090126473248,12.213846344580721,12.213846344580721,1224.9242925978986,95.47500280211652,18.154259440651,18.807315664007977,1232.8411745462188
108,84.884,1071.843,0.001485,248307.41,182511.407,246032.59199999998,86.259269925479,0.8568208972577169,0.8568208972577169,1122.0735563520625,87.2882187069861,3.803175704583789,3.803175704583789,1168.3604310882918,84.18396387380926,10.43726680182194,10.43726680182194,1216.033394308613,94.6977433235753,15.328251385965906,17.11703733990776,1223.9694300188787
109,84.884,1071.843,0.001485,248307.41,182511.407,246032.59199999998,85.67485932568142,0.6388037030804515,0.6388037030804515,1117.9370664920198,86.50730641345501,2.9894689472006237,2.9894689472006237,1160.0359608331692,84.2518158494994,8.782037465563425,8.782037465563425,1207.7795557784125,94.70856163261008,13.870119951018337,15.432775030362064,1214.5624141376202
110,84.884,1071.843,0.001485,248307.41,182511.407,246032.59199999998,85.3086806233454,0.49102421939149155,0.49102421939149155,1115.3973526312845,85.89294516666976,2.353502089652773,2.353502089652773,1153.8385199387546,84.19495463388016,7.316158713539173,7.316158713539173,1200.5701100285642,94.19906747102434,12.885859718614954,13.706851169799624,1208.602314832027
111,84.884,1071.843,0.001485,248307.41,182511.407,246032.59199999998,85.07879084275551,0.39172174247792385,0.39172174247792385,1113.838124680137,85.42783009102938,1.8711219646550794,1.8711219646550794,1149.354992200533,84.07580693550803,6.0705437685917145,6.0705437685917145,1194.555716012621,95.08650517000137,11.690482579087975,12.606678002995343,1201.9348974222905
112,84.884,1071.843,0.001485,248307.41,182511.407,246032.59199999998,84.93427722779859,0.3253864102892683,0.3253864102892683,1112.8812388252406,85.08524602726007,1.512898426654266,1.512898426654266,1146.1803642359998,83.93489501424317,5.046033670394942,5.046033670394942,1189.7165664532358,94.80710019994522,9.661486811817873,11.225709111220748,1197.002549478608
113,84.884,1071.843,0.001485,248307.41,182511.407,246032.59199999998,84.84334840087271,0.2812656499327515,0.2812656499327515,1112.294365351784,84.83808971336869,1.2510201252047102,1.2510201252047102,1143.970035618863,83.7963430849249,4.224754946496569,4.224754946496569,1185.935784331501,92.97520329157511,8.609405660130045,10.489588361644271,1192.4690885004677
114,84.884,1071.843,0.001485,248307.41,182511.407,246032.59199999998,84.78609400227143,0.2520202520112217,0.2520202520112217,1111.9347008295085,84.66264423716498,1.0618912674391294,1.0618912674391294,1142.4518825389891,83.67271634117027,3.5797723290833243,3.5797723290833243,1183.0531305990382,91.72355969403878,8.632485490898409,9.663326930160233,1190.5626063729972
115,84.884,1071.843,0.001485,248307.41,182511.407,246032.59199999998,84.75002118469318,0.23268960669074223,0.23268960669074223,1111.7144753382295,84.53970733032058,0.9266346345028844,0.9266346345028844,1141.4208176140994,83.56902148368505,3.0816426114072475,3.0816426114072475,1180.9000866782048,93.57861301511386,7.993529535904748,8.706841085303594,1187.6136077395613
116,84.884,1071.843,0.001485,248307.41,182511.407,246032.59199999998,84.72728136868406,0.21994328487568987,0.21994328487568987,1111.5797627150455,84.45446871856426,0.8306901918304302,0.8306901918304302,1140.7271851350567,83.48575455699265,2.7022429479110945,2.7022429479110945,1179.3200748526426,92.0720485961784,8.194441868058066,8.094422512674633,1186.4219611991866
117,84.884,1071.843,0.001485,248307.41,182511.407,246032.59199999998,84.71293922074774,0.2115564207288246,0.2115564207288246,1111.4974484627967,84.39588105894518,0.7631036155713802,0.7631036155713802,1140.264346559623,83.42103799537405,2.4166646301562946,2.4166646301562946,1178.1781027248485,91.63153436708167,6.506126652007501,8.800579417244379,1185.7045297255963
118,84.884,1071.843,0.001485,248307.41,182511.407,246032.59199999998,84.70388910498897,0.20604851406096839,0.20604851406096839,1111.4472116725533,84.35590296701882,0.7157810125227151,0.7157810125227151,1139.9576970784356,83.37199991530426,2.203889667283711,2.203889667283711,1177.3636123485123,93.16063614410398,6.431482231890963,8.499805841074547,1184.2109346511154
119,84.884,1071.843,0.001485,248307.41,182511.407,246032.59199999998,84.6981755876839,0.20243756023645107,0.20243756023645107,1111.4165920584435,84.32878923573061,0.6828242521472625,0.6828242521472625,1139.755800881928,83.33558693241145,2.046774275320506,2.046774275320506,1176.789429933117,93.15055985380246,6.095596332328791,8.421899436362237,1184.4278281378604
120,84.884,1071.843,0.001485,248307.41,182511.407,246032.59199999998,84.69456679576619,0.20007399139674079,0.20007399139674079,1111.3979559733789,84.31049480870875,0.6599826053122869,0.6599826053122869,1139.6236180185822,83.30898926045762,1.931682807309333,1.931682807309333,1176.3888148592357,93.38439572239925,6.300181626262856,7.367068141812167,1183.5077533737965
121,84.884,1071.843,0.001485,248307.41,182511.407,246032.59199999998,84.69228629658133,0.19852916981851182,0.19852916981851182,1111.386631270558,84.29820488523676,0.644220530575597,0.644220530575597,1139.5375158235452,83.28982121761526,1.8479808382811687,1.8479808382811687,1176.1118639291847,92.60396899446783,6.8385343171080155,7.791292845795787,1183.6244535246854
122,84.884,1071.843,0.001485,248307.41,182511.407,246032.59199999998,84.6908444816458,0.19752085162665964,0.19752085162665964,1111.3797614004973,84.28997938713175,0.6333870786734886,0.6333870786734886,1139.481690569978,83.2761603734922,1.7875054111115953,1.7875054111115953,1175.9219822370833,92.13788667668126,5.839387397532462,7.536897505964838,1183.1433552417889
123,84.884,1071.843,0.001485,248307.41,182511.407,246032.59199999998,84.68993246493744,0.19686354834493475,0.19686354834493475,1111.3756018826155,84.28449163300273,0.625968367938817,0.625968367938817,1139.44565156927,83.26651386117837,1.7440732507663033,1.7440732507663033,1175.7927681691124,92.34696766787127,6.519251744995692,7.619920224397642,1181.7504972704467
124,84.884,1071.843,0.001485,248307.41,182511.407,246032.59199999998,84.68935528386478,0.19643557373698867,0.19643557373698867,1111.3730887103943,84.28084033740926,0.6209052249090569,0.6209052249090569,1139.4224798940338,83.25975397115518,1.7130535058568657,1.7130535058568657,1175.7054368262566,92.52165617758503,5.5451442675914375,7.546308098330467,1183.5712198688684
125,84.884,1071.843,0.001485,248307.41,182511.407,246032.59199999998,84.68898982395662,0.19615722744332845,0.19615722744332845,1111.371573807612,84.27841657366687,0.6174605405934936,0.6174605405934936,1139.40763847497,83.255046824588,1.6910121417285826,1.6910121417285826,1175.6467818376318,92.57298324156142,5.7076384594197656,7.467834464646358,1182.5904239136262
126,84.884,1071.843,0.001485,248307.41,182511.407,246032.59199999998,84.68875830419351,0.1959763867795848,0.1959763867795848,1111.3706630297074,84.27681084789354,0.6151237956077366,0.6151237956077366,1139.398167508966,83.2517861397983,1.6754248497483177,1.6754248497483177,1175.6076152925634,93.22867261554221,5.825207870803891,8.168364359609612,1182.456488006167
127,84.884,1071.843,0.001485,248307.41,182511.407,246032.59199999998,84.68861156057102,0.19585901191245544,0.19585901191245544,1111.3701170619013,84.27574886597526,0.6135429446240587,0.6135429446240587,1139.3921452304521,83.24953705416142,1.664450559625441,1.664450559625441,1175.5816036701005,91.69737276827956,5.997433935650446,7.4880694552707885,1183.8558206442442
128,84.884,1071.843,0.001485,248307.41,182511.407,246032.59199999998,84.68851850224328,0.1957829012995739,0.1957829012995739,1111.3697908613233,84.27504751135523,0.612476189552675,0.612476189552675,1139.3883292788657,83.24799107471827,1.656756009313098,1.656756009313098,1175.5644167781845,92.09280309614509,5.314594316338902,7.319247879427334,1182.623174092056
129,84.884,1071.843,0.001485,248307.41,182511.407,246032.59199999998,84.68845945795296,0.19573359221219389,0.19573359221219389,1111.3695966967375,84.27458488636712,0.6117580618583627,0.6117580618583627,1139.3859197624965,83.24693131521555,1.6513819001547967,1.6513819001547967,1175.5531158657232,92.76612753306931,6.175465511368098,6.9743322371515974,1182.9627920901803
130,84.884,1071.843,0.001485,248307.41,182511.407,246032.59199999998,84.68842197542877,0.195701673968025,0.195701673968025,1111.369481620226,84.27428004383464,0.6112757095833885,0.6112757095833885,1139.3844036427695,83.2462064116504,1.6476420771367337,1.6476420771367337,1175.5457198204585,92.44063759457087,6.476733438401033,7.35628491315186,1182.7593178535592
131,84.884,1071.843,0.001485,248307.41,182511.407,246032.59199999998,84.68839816816981,0.19568102975948048,0.19568102975948048,1111.3694137552502,84.27407934213525,0.610952406764695,0.610952406764695,1139.383453066547,83.24571136106202,1.6450484198451023,1.6450484198451023,1175.5409012757118,92.75472059530495,6.528854026582017,7.37896659688386,1182.3814076604806
132,84.884,1071.843,0.001485,248307.41,182511.407,246032.59199999998,84.68838303880281,0.19566768778516835,0.19566768778516835,1111.3693739639402,84.27394729750982,0.6107361404398834,0.6107361404398834,1139.3828592612872,83.24537367701316,1.643255427122228,1.643255427122228,1175.5377759109213,93.88403510134289,5.86759109140772,6.942792471037667,1182.635037397498
133,84.884,1071.843,0.001485,248307.41,182511.407,246032.59199999998,84.68837341905179,0.1956590715290903,0.1956590715290903,1111.3693507920595,84.27386047304049,0.6105917462257863,0.6105917462257863,1139.3824897418217,83.2451435169885,1.6420196819842985,1.6420196819842985,1175.5357576823076,93.12675971550667,6.761660480190285,6.977598754586903,1182.755418083961
134,84.884,1071.843,0.001485,248307.41,182511.407,246032.59199999998,84.68836729922278,0.19565351112319762,0.19565351112319762,1111.369337408196,84.27380340852521,0.6104955107144265,0.6104955107144265,1139.3822607208401,83.24498671598906,1.6411704288616769,1.6411704288616769,1175.5344601476274,92.48199753292344,5.512411315624449,7.412779615953634,1183.0481952868424
135,84.884,1071.843,0.001485,248307.41,182511.407,246032.59199999998,84.68836340386319,0.19564992524597893,0.19564992524597893,1111.3693297543473,84.27376591660519,0.6104314804695092,0.6104314804695092,1139.3821193895417,83.24487991251324,1.6405883649729882,1.6405883649729882,1175.5336296901396,92.2257170510387,5.981965913805232,7.114470124726241,1183.4127750728708
136,84.884,1071.843,0.001485,248307.41,182511.407,246032.59199999998,84.68836092308003,0.19564761426729024,0.19564761426729024,1111.3693254310647,84.27374129045474,0.6103889465414905,0.6103889465414905,1139.382032578807,83.2448071619133,1.6401904489991606,1.6401904489991606,1175.5331006225013,92.40648119316873,5.973804273471891,8.13214954256153,1183.2232732567024
137,84.884,1071.843,0.001485,248307.41,182511.407,246032.59199999998,84.68835934233081,0.19564612587401975,0.19564612587401975,1111.3693230271533,84.27372511793264,0.6103607354644458,0.6103607354644458,1139.3819795287154,83.24475759632372,1.639919082460925,1.639919082460925,1175.5327651804464,94.1002224515743,6.053338755829056,7.82438068518737,1182.3958040216046
138,84.884,1071.843,0.001485,248307.41,182511.407,246032.59199999998,84.68835833454155,0.1956451678653623,0.1956451678653623,1111.3693217178338,84.27371449823254,0.6103420515305935,0.6103420515305935,1139.381947293537,83.24472381497317,1.6397344458220782,1.6397344458220782,1175.532553578033,91.9879799984081,6.250323917582661,6.8819598173338505,1182.0862797799236
139,84.884,1071.843,0.001485,248307.41,182511.407,246032.59199999998,84.68835769169321,0.19564455161231215,0.19564455161231215,1111.369321024639,84.27370752511227,0.6103296946275795,0.6103296946275795,1139.3819278313479,83.24470078085018,1.6396090957809424,1.6396090957809424,1175.5324208185564,93.07971032294398,6.43217664974068,7.834458994568607,1182.9756119007973
140,79.333,1040.299,0.000886,171151.617,140361.299,230904.297,83.3690466708072,0.21930964327570082,0.21930964327570082,1105.4581212129806,84.03781273683265,0.6816440388330999,0.6816440388330999,1140.3504163178827,83.03294094913151,1.8370517698281668,1.8370517698281668,1180.311396404722,91.55958768857086,5.919277819494002,6.801027182553261,1186.5440366524833
141,79.333,1040.299,0.000886,171151.617,140361.299,230904.297,82.36783266828522,0.2272912808887181,0.2272912808887181,1101.119373026109,83.58959484317724,0.7396946607418056,0.7396946607418056,1139.9497275218725,82.74278188067704,2.047614681046165,2.047614681046165,1183.8619345351078,91.39031013609385,6.519456905800964,7.655380046094507,1190.5392949861764
142,79.333,1040.299,0.000886,171151.617,140361.299,230904.297,81.6068719763174,0.22684755792154904,0.22684755792154904,1097.938145233361,83.04751604524117,0.7802928977703429,0.7802928977703429,1138.848582317761,82.36966191134155,2.253319762131537,2.253319762131537,1186.3006375744546,91.52183912285047,6.8942739744624895,7.9806366892156095,1191.9149991080292
143,79.333,1040.299,0.000886,171151.617,140361.299,230904.297,81.02790704095831,0.22212563050341982,0.22212563050341982,1095.6089057716038,82.48405720145227,0.8041765783967738,0.8041765783967738,1137.4563933437655,81.93206338765478,2.4397788432870233,2.4397788432870233,1187.8396312872974,91.0574072864368,6.535404692819744,6.686212693346289,1193.3722703365008
144,79.333,1040.299,0.000886,171151.617,140361.299,230904.297,80.58707450917413,0.21550823016740497,0.21550823016740497,1093.906318789299,81.94145221361094,0.8142151435249882,0.8142151435249882,1136.0136029406615,81.45552701398596,2.598043547073594,2.598043547073594,1188.705032074822,89.4888003915622,6.022761985004044,7.468351321197359,1193.8004649858556
145,79.333,1040.299,0.000886,171151.617,140361.299,230904.297,80.25122262022184,0.20834838710680212,0.20834838710680212,1092.6641418697936,81.44240328171719,0.8138301722288885,0.8138301722288885,1134.652609445432,80.96454902191043,2.7244041777165693,2.7244041777165693,1189.098221816039,90.23029748563174,6.553795954033599,7.49579131825452,1194.8327289328613
146,79.333,1040.299,0.000886,171151.617,140361.299,230904.297,79.99523239112901,0.20138841808255178,0.20138841808255178,1091.7597777564677,80.99725989767379,0.806219146420499,0.806219146420499,1133.43826518012,80.4791928418647,2.8191939918487976,2.8191939918487976,1189.1818488970882,87.89516705660613,6.106263598787044,6.656459863158231,1194.467808112052
147,79.333,1040.299,0.000886,171151.617,140361.299,230904.297,79.80003851054222,0.19500666659383872,0.19500666659383872,1091.1028900940235,80.60877666145734,0.7940454779418221,0.7940454779418221,1132.394460233509,80.01424642236904,2.8853612075578416,2.8853612075578416,1189.0787603384833,88.44917708687584,6.423916253722923,6.629313948415366,1195.2449939492476
148,79.333,1040.299,0.000886,171151.617,140361.299,230904.297,79.65115276851567,0.18936605443773477,0.18936605443773477,1090.6269869503744,80.27523594095358,0.7793725443779895,0.7793725443779895,1131.521340411532,79.57959082888634,2.9272191073993454,2.9272191073993454,1188.8767825974392,87.29939680582417,6.815248856437837,7.152806392258703,1193.5173055711734
149,79.333,1040.299,0.000886,171151.617,140361.299,230904.297,79.5375553738082,0.18450471536313223,0.18450471536313223,1090.2831900617578,79.99247295051946,0.7637112528254021,0.7637112528254021,1130.8062731579644,79.18103604128943,2.9495215151236334,2.9495215151236334,1188.6354478701767,86.31555639650055,7.070995230573524,7.901011559809727,1194.5465712342072
150,79.333,1040.299,0.000886,171151.617,140361.299,230904.297,79.45085894923189,0.18039157102498501,0.18039157102498501,1090.03562083658,79.75516671137548,0.7481105134889908,0.7481105134889908,1130.2306729929144,78.82124742337358,2.956863063245198,2.956863063245198,1188.3927146686176,85.84615180554975,5.7066575190679325,7.993726040423869,1193.2769661232799
151,79.333,1040.299,0.000886,171151.617,140361.299,230904.297,79.38467630158783,0.1769602903148633,0.1769602903148633,1089.8579846814878,79.55764203543357,0.7332552323443786,0.7332552323443786,1129.7741112270603,78.50059385707377,2.953341880525272,2.953341880525272,1188.1708379692523,85.07490566562409,6.101937650842391,7.184633907964699,1194.4055264736198
152,79.333,1040.299,0.000886,171151.617,140361.299,230904.297,79.33414131987834,0.17412976133170577,0.17412976133170577,1089.731044139685,79.39434800550688,0.719555842296068,0.719555842296068,1129.4166674332394,78.21785658436733,2.9424095205337424,2.9424095205337424,1187.9811270330113,85.08856781145346,7.021383027052551,7.4579130043031885,1193.4730529390479
153,79.333,1040.299,0.000886,171151.617,140361.299,230904.297,79.29554538232526,0.17181610221618476,0.17181610221618476,1089.640751244823,79.26012473944546,0.7072235217284106,0.7072235217284106,1129.140162862069,77.97078974304026,2.9268420936507997,2.9268420936507997,1187.8276111308403,85.74755640253144,6.08228706606539,7.2081741744001535,1193.4641840679233
154,79.333,1040.299,0.000886,171151.617,140361.299,230904.297,79.26606112753623,0.169939369770798,0.169939369770798,1089.5768685665375,79.15033388680527,0.6963302207072246,0.6963302207072246,1128.9287007054913,77.75654602775369,2.9087823402089237,2.9087823402089237,1187.7097527746246,85.68932467418364,6.214734610030574,6.574124967496495,1192.7453966183934
155,79.333,1040.299,0.000886,171151.617,140361.299,230904.297,79.2435324285861,0.1684269732224337,0.1684269732224337,1089.5319522635505,79.06090359282325,0.6868548328874482,0.6868548328874482,1128.7687922864409,77.57198871565109,2.8898176888374176,2.8898176888374176,1187.624383941394,85.08894808032137,6.175490563361811,7.128470812203242,1193.084552448677
156,79.333,1040.299,0.000886,171151.617,140361.299,230904.297,79.22631460371882,0.16721507620472936,0.16721507620472936,1089.5006030556838,78.98832180289892,0.678717655763322,0.678717655763322,1128.649249825175,77.41391226275302,2.871071670337051,2.871071670337051,1187.5670366489746,83.92225555998871,5.815664805724936,7.386382196516085,1192.280832215958
157,79.333,1040.299,0.000886,171151.617,140361.299,230904.297,79.2131527869914,0.16624880759680152,0.16624880759680152,1089.478915276928,78.92960026687548,0.6718053975802756,0.6718053975802756,1128.5609603925848,77.27919171690979,2.853295057697301,2.853295057697301,1187.5328180784045,83.42069541511316,5.709547128141232,6.936192763523029,1192.928358206351
158,79.333,1040.299,0.000886,171151.617,140361.299,230904.297,79.20308930782379,0.16548180345661304,0.16548180345661304,1089.4640722132383,78.88222375503352,0.6659887971365807,0.6659887971365807,1128.4966117388121,77.16487820054522,2.8369492623728974,2.8369492623728974,1187.5169539860303,83.78551014365857,6.213952752971957,7.500796753260593,1193.154778093022
159,79.333,1040.299,0.000886,171151.617,140361.299,230904.297,79.19539313618998,0.1648754085432851,0.1648754085432851,1089.4540493447378,78.84409367531096,0.6611346174323538,0.6611346174323538,1128.4504118265986,77.06825457565806,2.822278518495063,2.822278518495063,1187.5150981176043,84.48880402089505,5.976710656645335,6.401197089108219,1191.9813740683987
160,79.333,1040.299,0.000886,171151.617,140361.299,230904.297,79.18950612014652,0.16439773989903408,0.16439773989903408,1089.447397081544,78.81347170084683,0.6571134507899135,0.6571134507899135,1128.4178252455342,76.9868625022705,2.8093698556914233,2.8093698556914233,1187.5234822499683,83.37143225541195,6.120902205615189,6.7111908220951015,1193.3475504846383
161,79.333,1040.299,0.000886,171151.617,140361.299,230904.297,79.1850020077154,0.16402273321148758,0.16402273321148758,1089.4430819846625,78.78892663731483,0.6538044747080853,0.6538044747080853,1128.39533789218,76.91850958724837,2.798201290451975,2.798201290451975,1187.5389622060623,82.64977167163924,5.557212382168,5.986821411690225,1193.1320245443992
162,79.333,1040.299,0.000886,171151.617,140361.299,230904.297,79.18155520507258,0.16372924005929698,0.16372924005929698,1089.4403709544576,78.76928620474466,0.6510980407176967,0.6510980407176967,1128.3802540758982,76.86126322569602,2.7886794153286654,2.7886794153286654,1187.5589997424368,82.79083476060535,5.026106983392669,6.800931433489499,1192.3434219456176
163,79.333,1040.299,0.000886,171151.617,140361.299,230904.297,79.17891695193295,0.16350021074607746,0.16350021074607746,1089.4387469385317,78.75359441690446,0.6488967661201852,0.6488967661201852,1128.3705259820106,76.8134360407648,2.7806678856729357,2.7806678856729357,1187.5816082284198,85.15660615341422,5.919418512313296,7.2589268788058785,1192.5414933654883
164,79.333,1040.299,0.000886,171151.617,140361.299,230904.297,79.17689714895273,0.16332197669529708,0.16332197669529708,1089.4378477234857,78.74107463067315,0.647115627875248,0.647115627875248,1128.3646131273315,76.77356648522579,2.7740083648194545,2.7740083648194545,1187.6052810021479,83.02207419703943,5.8005262730156275,7.443493830731178,1192.7916492306504
165,79.333,1040.299,0.000886,171151.617,140361.299,230904.297,79.17535049314412,0.1631836339489823,0.1631836339489823,1089.4374216030092,78.73109798170108,0.6456814237696207,0.6456814237696207,1128.361368361787,76.74039712719191,2.76853540261456,2.76853540261456,1187.628914653842,81.8435208790727,5.338589267807771,6.679833268711303,1193.2959650789778
166,79.333,1040.299,0.000886,171151.617,140361.299,230904.297,79.17416589767903,0.1630765222725991,0.1630765222725991,1089.43729536061,78.72315673367136,0.6445318624382025,0.6445318624382025,1128.3599466272922,76.71285235065571,2.76408656115031,2.76408656115031,1187.6517347418821,83.04447074652666,6.020885627791002,6.859277199103325,1193.0642165530262
167,79.333,1040.299,0.000886,171151.617,140361.299,230904.297,79.17325841625971,0.16299379077190249,0.16299379077190249,1089.4373512197203,78.71684198670468,0.6436144651604383,0.6436144651604383,1128.3597327695245,76.69001661083554,2.7605089107363145,2.7605089107363145,1187.6732281501481,83.98048463489435,5.500360015982583,6.55922982707393,1192.7320701202461
168,79.333,1040.299,0.000886,171151.617,140361.299,230904.297,79.17256307781973,0.16293003948055396,0.16293003948055396,1089.4375103089453,78.71182517519196,0.6428854035825485,0.6428854035825485,1128.36028500933,76.67111395242019,2.7576628257706206,2.7576628257706206,1187.6930840787986,83.31978313379835,4.647763454508995,6.632184649393455,1192.3444428965736
169,79.333,1040.299,0.000886,171151.617,140361.299,230904.297,79.17203017863169,0.1628810262247553,0.1628810262247553,1089.4377208489816,78.7078428092965,0.6423083543275651,0.6423083543275651,1128.3612910930342,76.65548918988024,2.7554238296625484,2.7554238296625484,1187.7111442314435,84.68436123583668,6.281039034320899,7.158023659144943,1193.9345218222013
170,79.333,1040.299,0.000886,171151.617,140361.299,230904.297,79.17162168652597,0.16284342865448692,0.16284342865448692,1089.4379497519615,78.70468395954548,0.6418534202966902,0.6418534202966902,1128.3625345793625,76.64259093363461,2.753683078052034,2.753683078052034,1187.7273618910772,84.13671349668289,6.494601959558512,6.412421276468459,1193.0058413927654
171,79.333,1040.299,0.000886,171151.617,140361.299,230904.297,79.1713084939191,0.16281465229140824,0.16281465229140824,1089.4381766793895,78.70218003873558,0.6414961464582365,0.6414961464582365,1128.363869142029,76.63195650036381,2.7523469331606214,2.7523469331606214,1187.7417690921445,82.19628795663303,6.441860906470887,6.676207953622491,1192.4193012934038
172,79.333,1040.299,0.000886,171151.617,140361.299,230904.297,79.17106831882965,0.1627926765562329,0.1627926765562329,1089.4383898653155,78.70019649256959,0.6412166427725325,0.6412166427725325,1128.3651991490506,76.623198651532,2.7513359691606096,2.7513359691606096,1187.7544508686526,85.22397059433891,5.574138037191912,6.759020350283707,1192.344447055541
173,79.333,1040.299,0.000886,171151.617,140361.299,230904.297,79.17088410067996,0.16277593186753353,0.16277593186753353,1089.438583201943,78.69862606571499,0.6409988168161566,0.6409988168161566,1128.3664651131755,76.61599404683874,2.750583657257178,2.750583657257178,1187.7655254959304,83.2730001707079,6.309863146715818,7.216517377070758,1193.0295015624963
174,79.333,1040.299,0.000886,171151.617,140361.299,230904.297,79.17074277398436,0.1627632019719384,0.1627632019719384,1089.4387542240518,78.69738336096025,0.6408297122583433,0.6408297122583433,1128.367632890797,76.61007326795884,2.7500349072066337,2.7500349072066337,1187.775129681335,84.29011430427585,5.833616349113216,6.665953813515085,1193.3725379630116
175,96.333,1312.096,0.000872,206118.17200000002,206244.649,233034.69799999997,83.00320527338323,0.24326307828055976,0.24326307828055976,1153.8523022660793,79.15962965336645,0.667025800006885,0.667025800006885,1141.005647512715,76.63005230016809,2.7666205399301793,2.7666205399301793,1189.3836043874373,90.5862333419428,8.452592432794379,10.778535251844053,1201.2378012833424
176,96.333,1312.096,0.000872,206118.17200000002,206244.649,233034.69799999997,85.58860425414659,0.6701364566838208,0.6701364566838208,1201.3531686909648,80.16593602097629,0.8247420144951408,0.8247420144951408,1162.9532745143106,76.78426578572576,2.8419918383029827,2.8419918383029827,1194.5647880572083,90.23075521964712,9.262228064421839,11.379543610345443,1206.6793131201969
177,96.333,1312.096,0.000872,206118.17200000002,206244.649,233034.69799999997,86.82349234990795,1.754152529828155,1.754152529828155,1234.455900760371,81.1896874994604,1.3037024107515616,1.3037024107515616,1187.995915781371,77.04088132174428,3.075877888053773,3.075877888053773,1203.5332256829968,93.17258967593673,9.698499584937023,12.47671134638621,1215.9101135225894
178,96.333,1312.096,0.000872,206118.17200000002,206244.649,233034.69799999997,86.77233126704436,3.5904498498598327,3.5904498498598327,1255.64240956107,81.7695067929538,2.347690723808012,2.347690723808012,1211.781041942766,77.24199972454305,3.6160624672307264,3.6160624672307264,1215.1860488513482,93.02848066821011,10.783090410018279,12.21362645644641,1227.651243212181
179,96.333,1312.096,0.000872,206118.17200000002,206244.649,233034.69799999997,85.8203625543023,5.916650162157175,5.916650162157175,1268.0798050315525,81.60072240862691,4.126011848822473,4.126011848822473,1231.6386089125697,77.16613138206276,4.636632213200125,4.636632213200125,1227.8579015536357,93.78782970004922,11.768356544312633,14.724637281099817,1240.6833029776867
180,96.333,1312.096,0.000872,206118.17200000002,206244.649,233034.69799999997,84.46749671599986,8.32742544731069,8.32742544731069,1274.9659162805112,80.63476320144512,6.60777194347659,6.60777194347659,1246.5839374836542,76.61492597400365,6.275421348559165,6.275421348559165,1239.9349658111123,92.67116264063829,13.93976006921333,16.25956088375183,1252.8946815590368
181,96.333,1312.096,0.000872,206118.17200000002,206244.649,233034.69799999997,83.08343669708874,10.525884144071236,10.525884144071236,1278.7082814109142,79.05710769593429,9.56536629179389,9.56536629179389,1256.9836547835569,75.49778584081918,8.562929481085016,8.562929481085016,1250.3162459944326,92.7332491197551,16.543857553553167,18.885647681374014,1262.9284917066507
182,96.333,1312.096,0.000872,206118.17200000002,206244.649,233034.69799999997,81.85357641905182,12.38268390965797,12.38268390965797,1280.7794743031434,77.15412917720938,12.694655162913767,12.694655162913767,1263.8854142993882,73.86215079161072,11.398886553175352,11.398886553175352,1258.5861994549361,89.74420088429686,18.54508571651492,20.888985069935018,1270.5870781372832
183,96.333,1312.096,0.000872,206118.17200000002,206244.649,233034.69799999997,80.83642265076959,13.882467539382416,13.882467539382416,1281.9783311586882,75.18314511910376,15.735932062867217,15.735932062867217,1268.4027477726936,71.85491731059676,14.593624930173908,14.593624930173908,1264.879060078515,87.84177853362182,20.57878044037934,23.492252584510567,1277.2186040232261
184,96.333,1312.096,0.000872,206118.17200000002,206244.649,233034.69799999997,80.02727969350452,15.063148081663979,15.063148081663979,1282.7140439842815,73.31579507582657,18.524407982861177,18.524407982861177,1271.4073000455048,69.65408287386906,17.93687659257603,17.93687659257603,1269.600017613976,82.80832068106967,23.27096217476958,25.96653631048259,1280.3962180743267
185,96.333,1312.096,0.000872,206118.17200000002,206244.649,233034.69799999997,79.39744672312007,15.978997703955116,15.978997703955116,1283.1929886662203,71.64121897483116,20.98290613780393,20.98290613780393,1273.4804277345722,67.41620000580308,21.249501118866558,21.249501118866558,1273.1906154761336,80.1612121006028,25.835237909311026,29.065420922006393,1283.1171356366838
186,96.333,1312.096,0.000872,206118.17200000002,206244.649,233034.69799999997,78.91320304253892,16.683422406502803,16.683422406502803,1283.5208032661228,70.1910533576894,23.094149114172833,23.094149114172833,1274.976747720489,65.2546402332505,24.403821163012644,24.403821163012644,1276.0103227671598,76.56257574411318,28.206819808030712,31.559863326673153,1286.4444613603937
187,96.333,1312.096,0.000872,206118.17200000002,206244.649,233034.69799999997,78.54351732058646,17.222607638749675,17.222607638749675,1283.7537221650107,68.9635693649779,24.874884016575123,24.874884016575123,1276.1031734434082,63.23982963653753,27.321807995305065,27.321807995305065,1278.3096944143572,72.96189278389637,29.914214020907163,33.02133848733484,1288.5122668161582
188,96.333,1312.096,0.000872,206118.17200000002,206244.649,233034.69799999997,78.2624304484143,17.63417843607324,17.63417843607324,1283.9234628387098,67.94044696776251,26.358044009036828,26.358044009036828,1276.9792624596425,61.40854226811621,29.96425852018962,29.96425852018962,1280.2473173149026,71.16546335360937,32.27367171783949,34.81465276289765,1289.2098720732843
189,96.333,1312.096,0.000872,206118.17200000002,206244.649,233034.69799999997,78.04920376711307,17.947854108013715,17.947854108013715,1284.049162544344,67.09678501728443,27.58212904586618,27.58212904586618,1277.6756135923763,59.77431014920213,32.319020947364855,32.319020947364855,1281.9177602726566,69.09112519206289,32.96314419076227,36.959440605102316,1290.108793135989
190,96.333,1312.096,0.000872,206118.17200000002,206244.649,233034.69799999997,77.88766713939795,18.18671826637092,18.18671826637092,1284.1431525254598,66.40651602081515,28.585483802051723,28.585483802051723,1278.2360717161569,58.335897784555655,34.39136845053367,34.39136845053367,1283.3760434496544,67.83808568018101,35.11805519855439,38.097329079010215,1292.1815816802598
191,96.333,1312.096,0.000872,206118.17200000002,206244.649,233034.69799999997,77.76538022515582,18.368533374546573,18.368533374546573,1284.213827412239,65.84507289746742,29.40351883270456,29.40351883270456,1278.6898481328453,57.08334915365381,36.19701987566915,36.19701987566915,1284.6549058157605,63.67743463336515,36.59786940960966,39.55668604097047,1292.7885173230407
192,96.333,1312.096,0.000872,206118.17200000002,206244.649,233034.69799999997,77.67284385201593,18.506895675962767,18.506895675962767,1284.2671381914495,65.39052557949175,30.067583510617247,30.067583510617247,1279.057899315166,56.00202083086974,37.75737887986979,37.75737887986979,1285.775564059922,61.550047225092726,37.68517749702619,40.36378397824338,1292.6837816961404
193,96.333,1312.096,0.000872,206118.17200000002,206244.649,233034.69799999997,77.60283541446366,18.612181778829928,18.612181778829928,1284.3074194839119,65.02390973862167,30.604718410089266,30.604718410089266,1279.356219867905,55.07516739553008,39.09639986226519,39.09639986226519,1286.7537967481815,61.031741090516704,37.83784908616384,42.888699420828694,1293.9897602670785
194,96.333,1312.096,0.000872,206118.17200000002,206244.649,233034.69799999997,77.54987641965523,18.692298186851314,18.692298186851314,1284.3378824110282,64.72915310098912,31.037848219368115,31.037848219368115,1279.5975459148256,54.28555090645917,40.23857988349341,40.23857988349341,1287.603059127885,59.19460281646752,39.51026908819861,42.36460168720269,1293.9455707868688
195,96.333,1312.096,0.000872,206118.17200000002,206244.649,233034.69799999997,77.50981688447634,18.753264011770135,18.753264011770135,1284.3609297260048,64.49281924815396,31.38617343896199,31.38617343896199,1279.7922664115495,53.616411579493665,41.20771086236871,41.20771086236871,1288.3358751688525,58.07546988121832,40.297137395202924,43.101399550759155,1295.9928067512683
196,96.333,1312.096,0.000872,206118.17200000002,206244.649,233034.69799999997,77.47951549495176,18.799659458090993,18.799659458090993,1284.3783695507489,64.30378478116431,31.665631180835767,31.665631180835767,1279.9489491023467,53.052025432666795,42.02614028334506,42.02614028334506,1288.9643145147465,58.15423266749978,40.58458998228153,44.363929279335075,1295.1493628043152
197,96.333,1312.096,0.000872,206118.17200000002,206244.649,233034.69799999997,77.45659538560467,18.834969076403258,18.834969076403258,1284.3915667468402,64.15290881689548,31.889357785741733,31.889357785741733,1280.0746803726154,52.57799616653672,42.71437065293273,42.71437065293273,1289.5000358236516,56.4667618837054,40.78552747705971,44.59403929969288,1295.7678636891924
198,96.333,1312.096,0.000872,206118.17200000002,206244.649,233034.69799999997,77.43925847482174,18.861843665245956,18.861843665245956,1284.4015532295418,64.03272312707946,32.06812033144721,32.06812033144721,1280.175312781633,52.18137682389124,43.2908834032593,43.2908834032593,1289.9541629432808,57.278964188534815,41.566643301883225,45.137703206184206,1296.339556203027
199,96.333,1312.096,0.000872,206118.17200000002,206244.649,233034.69799999997,77.42614465987721,18.88229976494344,18.88229976494344,1284.4091097847197,63.93715492742615,32.21070284297498,32.21070284297498,1280.2556626522041,51.850683587492874,43.7721096939584,43.7721096939584,1290.337129246939,55.11533832031774,41.35612474905464,45.2873125904309,1296.603656225296
200,96.333,1312.096,0.000872,206118.17200000002,206244.649,233034.69799999997,77.41622517554485,18.897871478786556,18.897871478786556,1284.4148273704743,63.86128580536592,32.32424309366171,32.32424309366171,1280.3196761764907,51.57584285279018,44.172494980690374,44.172494980690374,1290.658550447048,55.925407781061296,41.7639663139224,45.39137142785091,1296.6790402025927
201,96.333,1312.096,0.000872,206118.17200000002,206244.649,233034.69799999997,77.40872188512836,18.909725962260413,18.909725962260413,1284.4191533056576,63.80114596400608,32.41452115355606,32.41452115355606,1280.3705719987836,51.34809898754712,44.504620685547316,44.504620685547316,1290.9271460023745,55.930712965648,42.59920671094287,45.77764297066284,1296.8292439085428
202,96.333,1312.096,0.000872,206118.17200000002,206244.649,233034.69799999997,77.40304622045777,18.91875125754782,18.91875125754782,1284.4224261730453,63.75354092105249,32.48620342982467,32.48620342982467,1280.4109639870717,51.15990114104941,44.77935763290053,44.77935763290053,1291.1507094404633,55.16181366721891,42.084948904118676,46.18542700351852,1297.3994881015444
203,96.333,1312.096,0.000872,206118.17200000002,206244.649,233034.69799999997,77.39875299549496,18.92562309143953,18.92562309143953,1284.4249022317579,63.715906985009305,32.543047038995205,32.543047038995205,1280.4429663914518,51.0047813696659,45.00603385632436,45.00603385632436,1291.3361194827107,53.47194912551087,42.49932352213728,46.186931259903005,1297.6769075781415
204,96.333,1312.096,0.000872,206118.17200000002,206244.649,233034.69799999997,77.395505473136,18.930855675666148,18.930855675666148,1284.4267754162208,63.686191664047264,32.58806962139228,32.58806962139228,1280.4682831601513,50.877232160878755,45.19260502974692,45.19260502974692,1291.48938139202,54.51473450554681,42.13495084977535,45.83012852223049,1296.9060612698115
205,96.333,1312.096,0.000872,206118.17200000002,206244.649,233034.69799999997,77.39304894398668,18.93484034294229,18.93484034294229,1284.4281924814504,63.66275533012521,32.62368953526087,32.62368953526087,1280.48828311423,50.7725885272159,45.34581982248068,45.34581982248068,1291.6156883794126,54.03292429434753,42.404174068185874,46.13632375774167,1297.36047268616
206,96.333,1312.096,0.000872,206118.17200000002,206244.649,233034.69799999997,77.39119074297149,18.937874933556593,18.937874933556593,1284.4292644721536,63.64429078731186,32.65184097158908,32.65184097158908,1280.5040626762257,50.68691780523289,45.47137537870716,45.47137537870716,1291.719494517356,53.52156221119013,43.20415799118204,46.73702744874453,1296.7587795775712
207,96.333,1312.096,0.000872,206118.17200000002,206244.649,233034.69799999997,77.38978513489663,18.94018614856879,18.94018614856879,1284.4300754068247,63.629757781556435,32.674068037736866,32.674068037736866,1280.5164978079056,50.616918873371034,45.57406018818026,45.57406018818026,1291.8045925355464,52.35677197955592,42.702173672507264,46.91079373379104,1297.5159192280528
208,96.333,1312.096,0.000872,206118.17200000002,206244.649,233034.69799999997,77.38872188243452,18.94194655435968,18.94194655435968,1284.430688852096,63.618329885927174,32.69160134171154,32.69160134171154,1280.526286720564,50.559831521226634,45.65788306647456,45.65788306647456,1291.8741916978493,52.203268585871854,43.51604467988755,46.975321418634785,1296.6369377226365
209,96.333,1312.096,0.000872,206118.17200000002,206244.649,233034.69799999997,77.38791759920126,18.94328751939583,18.94328751939583,1284.431152899139,63.60935157213381,32.70542011014322,32.70542011014322,1280.53398478924,50.51335603935825,45.72618796054683,45.72618796054683,1291.9309925041944,51.882696110529636,42.53860879103485,47.31995946930635,1297.5846245946204
210,50.717,1314.539,0.001372,254772.791,249675.699,248274.62399999998,64.45344366354331,16.487039452960676,16.487039452960676,1292.2118809075205,62.65961660620772,30.70995971859097,30.70995971859097,1285.0517899795443,51.99117374600116,43.88423098819041,43.88423098819041,1292.3351699577033,30.781168791534476,35.069498013696915,31.05245115093471,1275.146610841855
211,50.717,1314.539,0.001372,254772.791,249675.699,248274.62399999998,56.08443946593817,14.658316311644827,14.658316311644827,1298.1920997985976,58.42963884264371,28.791099341884443,28.791099341884443,1289.7179427695123,51.871699019334955,42.09538854250067,42.09538854250067,1293.447848638116,31.87465121117857,34.285512396493054,30.07918667834457,1276.2215073314485
212,50.717,1314.539,0.001372,254772.791,249675.699,248274.62399999998,50.6691732466363,13.316677762942069,13.316677762942069,1302.8557008563885,53.37148100919305,26.99396181990768,26.99396181990768,1294.6810602312564,50.13894975330514,40.31442555565765,40.31442555565765,1295.6419000901308,29.68591590722199,33.047041207372665,28.40587542805838,1279.553507459878
213,50.717,1314.539,0.001372,254772.791,249675.699,248274.62399999998,47.153304689703795,12.355493685839892,12.355493685839892,1306.4129777961548,48.58980498201776,25.39063836727991,25.39063836727991,1299.6865169249918,47.31596843382829,38.56043141202526,38.56043141202526,1298.9178832382872,26.631617523755757,29.8747182298494,26.905593162185966,1281.844377431813
214,50.717,1314.539,0.001372,254772.791,249675.699,248274.62399999998,44.86028871834662,11.68206259658,11.68206259658,1309.038405742142,44.50335049578375,24.025471440055252,24.025471440055252,1304.4409448182782,43.96463124598306,36.88650580731194,36.88650580731194,1303.0315708993583,21.468781167892924,29.860036378036682,25.535673191756953,1286.730687090255
215,50.717,1314.539,0.001372,254772.791,249675.699,248274.62399999998,43.358320894753604,11.218494411829644,11.218494411829644,1310.9177665998477,41.19935584018181,22.908265841315206,22.908265841315206,1308.7247269552088,40.52182422805918,35.346356730507054,35.346356730507054,1307.658299929591,20.818607634815248,27.5972813512952,24.334068729449108,1292.022739323908
216,50.717,1314.539,0.001372,254772.791,249675.699,248274.62399999998,42.37101132236487,10.903460904719505,10.903460904719505,1312.2312400761762,38.618725062084785,22.023412499831178,22.023412499831178,1312.415642626365,37.27249842280896,33.977953980827266,33.977953980827266,1312.4844005737102,20.314252422313608,27.200564401222998,22.887704780416936,1297.0160282458914
217,50.717,1314.539,0.001372,254772.791,249675.699,248274.62399999998,41.72028684672769,10.691266823017147,10.691266823017147,1313.1334981374025,36.64956956930415,21.341198211955625,21.341198211955625,1315.4778604898515,34.372789786930134,32.799796951086776,32.799796951086776,1317.2463644816828,14.650981119047685,25.850091321743694,22.114162586249353,1301.5921206176165
218,50.717,1314.539,0.001372,254772.791,249675.699,248274.62399999998,41.29059645014349,10.549196637982963,10.549196637982963,1313.7459396699883,35.17190861126502,20.826753405212447,20.826753405212447,1317.9388661385365,31.885739099562052,31.813379208602043,31.813379208602043,1321.7430077049212,12.89809738979406,25.74081359360488,20.57583079120957,1306.1700357249215
219,50.717,1314.539,0.001372,254772.791,249675.699,248274.62399999998,41.00649580409034,10.454454854571516,10.454454854571516,1314.1583347140809,34.0769291360395,20.445853469235757,20.445853469235757,1319.8647315944004,29.814495577573965,31.007758616604104,31.007758616604104,1325.8357434186148,12.692173610415821,24.694431256504227,20.31519678267782,1309.9050389898819
220,50.717,1314.539,0.001372,254772.791,249675.699,248274.62399999998,40.81849313626606,10.391440591574167,10.391440591574167,1314.434548337198,33.273502816308785,20.168059382383557,20.168059382383557,1321.3389752183632,28.1280808784496,30.36422670856256,30.36422670856256,1329.443663759802,9.633298407882219,25.01003801851221,19.53632137991233,1313.88542790674
221,50.717,1314.539,0.001372,254772.791,249675.699,248274.62399999998,40.6940114160315,10.349601185507852,10.349601185507852,1314.6188992682692,32.68872301658537,19.96797638184166,19.96797638184166,1322.447303994305,26.779284914775683,29.860264167761105,29.860264167761105,1332.5355559361788,10.280288155224065,23.11781664527415,20.554103939765156,1317.6023107176793
222,50.717,1314.539,0.001372,254772.791,249675.699,248274.62399999998,40.61155724658538,10.321852760398125,10.321852760398125,1314.7416532984357,32.26594669720393,19.825351653147006,19.825351653147006,1323.2683747554786,25.716014686885757,29.472532408915274,29.472532408915274,1335.1196414775231,9.006053446801397,24.659850700375102,19.754975588261033,1319.9467823136797
223,50.717,1314.539,0.001372,254772.791,249675.699,248274.62399999998,40.55692751557215,10.303463434139733,10.303463434139733,1314.823266524529,31.96205401374914,19.72456103112392,19.72456103112392,1323.8694158894925,24.887843478179565,29.178902888535216,29.178902888535216,1337.2321254171588,9.018445920119847,24.922478041968354,19.568920422482325,1322.5935442180244
224,50.717,1314.539,0.001372,254772.791,249675.699,248274.62399999998,40.52072674666915,10.291282558796294,10.291282558796294,1314.8774723957974,31.74471135567509,19.653850992412835,19.653850992412835,1324.3051354638953,24.249341619080816,28.95964742444327,28.95964742444327,1338.9260542431525,8.293700684091602,24.472382441169618,19.408266144792957,1324.2622052855631
225,50.717,1314.539,0.001372,254772.791,249675.699,248274.62399999998,40.49673541761854,10.283216729244037,10.283216729244037,1314.91345083627,31.589956608693296,19.604550389335742,19.604550389335742,1324.6185069116157,23.76140314993912,28.79797139891813,28.79797139891813,1340.2618297360045,9.341446910514613,23.15943359174637,18.686695710151444,1326.2565806452274
226,50.717,1314.539,0.001372,254772.791,249675.699,248274.62399999998,40.480834491777884,10.277876925595317,10.277876925595317,1314.9373205324325,31.480200027491414,19.570359402434473,19.570359402434473,1324.8424147324279,23.391411750678273,28.68008563793321,28.68008563793321,1341.3001256158188,5.489792422995007,23.796440711728046,18.960548998649422,1326.5205866689798
227,50.717,1314.539,0.001372,254772.791,249675.699,248274.62399999998,40.47029520026766,10.274342337544669,10.274342337544669,1314.9531521344165,31.402631754079987,19.54675675395724,19.54675675395724,1325.0015310894257,23.11279192477586,28.59499350682187,28.59499350682187,1342.097294764922,5.109656132071088,23.57587175431484,18.251245099468832,1327.032796878366
228,50.717,1314.539,0.001372,254772.791,249675.699,248274.62399999998,40.46330943071845,10.272002905433862,10.272002905433862,1314.9636504369491,31.347985820226203,19.530529668163968,19.530529668163968,1325.1140880540815,22.904280258630987,28.53413211459491,28.53413211459491,1342.7029025080496,6.99483451348455,22.892311202178067,19.3973242404165,1328.0890530837482
229,50.717,1314.539,0.001372,254772.791,249675.699,248274.62399999998,40.45867894817268,10.27045460936897,10.27045460936897,1314.9706112162603,31.309598826818092,19.51941377434582,19.51941377434582,1325.1934000586243,22.74911211939143,28.490964557786505,28.490964557786505,1343.158831740404,4.621061632506062,23.352668382178333,18.582853400017363,1329.6214964006083
230,50.717,1314.539,0.001372,254772.791,249675.699,248274.62399999998,40.455609613012626,10.269429952086664,10.269429952086664,1314.9752260911619,31.28270341936211,19.511824012854085,19.511824012854085,1325.24909943831,22.634231143321653,28.460583127255926,28.460583127255926,1343.4994098814523,5.766851228608927,22.98645616761567,19.22483466532497,1328.4172461996297
231,50.717,1314.539,0.001372,254772.791,249675.699,248274.62399999998,40.45357507224815,10.268751857365343,10.268751857365343,1314.978285501162,31.263904150654806,19.506657258034252,19.506657258034252,1325.2881022100955,22.549575053254163,28.439355271479833,28.439355271479833,1343.752110222617,5.602469044743716,23.9684240144222,19.02448495566684,1328.805022151112
232,50.717,1314.539,0.001372,254772.791,249675.699,248274.62399999998,40.45222644745311,10.268303118979496,10.268303118979496,1314.980313647645,31.25079237419943,19.503149609869215,19.503149609869215,1325.3153434478445,22.487459388376056,28.424625065528076,28.424625065528076,1343.9385089812615,6.935185714560578,24.091131575384207,19.190606688931737,1328.7814472546838
233,50.717,1314.539,0.001372,254772.791,249675.699,248274.62399999998,40.45133248835472,10.268006164510245,10.268006164510245,1314.981658115054,31.241665574394244,19.50077437728419,19.50077437728419,1325.3343266318682,22.442062474443706,28.41447137319662,28.41447137319662,1344.0752950002388,6.015723024341165,23.583926575687485,18.81934176747152,1329.5586311809086
234,50.717,1314.539,0.001372,254772.791,249675.699,248274.62399999998,40.45073991062344,10.267809655683715,10.267809655683715,1314.9825493540145,31.235324224588265,19.49916981585599,19.49916981585599,1325.3475281858052,22.40900518754738,28.407517729215744,28.407517729215744,1344.1752171570301,5.269329383940936,24.24619059731055,19.141524104682894,1328.3713818689032
235,50.717,1314.539,0.001372,254772.791,249675.699,248274.62399999998,40.45034710854236,10.267679617474245,10.267679617474245,1314.983140144318,31.230925637244596,19.49808832663534,19.49808832663534,1325.356692095845,22.385014459642516,28.40278633282057,28.40278633282057,1344.2479146728917,5.853084203690844,23.707323228745608,19.11180184082039,1330.0598756581621
236,50.717,1314.539,0.001372,254772.791,249675.699,248274.62399999998,40.45008673146562,10.267593566181743,10.267593566181743,1314.9835317684506,31.22787936633824,19.497360967708982,19.497360967708982,1325.3630426118727,22.36765793967077,28.399588000601348,28.399588000601348,1344.3006128947457,5.137781207273561,22.72201143129417,19.27619695241431,1328.5942956519118
237,50.717,1314.539,0.001372,254772.791,249675.699,248274.62399999998,40.44991413493796,10.267536622987237,10.267536622987237,1314.983791367724,31.225772692558944,19.496872796311262,19.496872796311262,1325.367436730155,22.355137429593217,28.39744049172835,28.39744049172835,1344.3386881939812,5.759260572028654,23.71928199271336,18.51021696275201,1328.9310616899727
238,50.717,1314.539,0.001372,254772.791,249675.699,248274.62399999998,40.44979972556979,10.267498941797232,10.267498941797232,1314.9839634499972,31.224317755760246,19.496545816069908,19.496545816069908,1325.3704728757903,22.346129824017073,28.39600867155916,28.39600867155916,1344.366115989673,5.276684212473719,23.748500302473598,18.929460630723547,1329.5975075485615
239,50.717,1314.539,0.001372,254772.791,249675.699,248274.62399999998,40.4497238868017,10.267474006992593,10.267474006992593,1314.9840775190646,31.223314182206003,19.496327232114005,19.496327232114005,1325.3725679928934,22.33966578095026,28.395061159433613,28.395061159433613,1344.385819755005,4.208931358223165,23.824088332505763,18.4386961653027,1329.4635300770335
240,50.717,1314.539,0.001372,254772.791,249675.699,248274.62399999998,40.449673615393415,10.267457506912342,10.267457506912342,1314.9841531325135,31.222622751273423,19.496181391451305,19.496181391451305,1325.3740120019615,22.3350379350089,28.394439223518546,28.394439223518546,1344.399939068767,5.643349419272255,23.567059154292835,18.71489523527318,1329.6162018775083
241,50.717,1314.539,0.001372,254772.791,249675.699,248274.62399999998,40.4496402918712,10.267446588362365,10.267446588362365,1314.9842032546767,31.222146895040787,19.496084270473013,19.496084270473013,1325.3750061334756,22.331731964273974,28.394034655361743,28.394034655361743,1344.4100331513996,4.643852232975649,23.151337795710717,18.940781191624318,1329.749270887563
242,50.717,1314.539,0.001372,254772.791,249675.699,248274.62399999998,40.44961820263038,10.267439363280623,10.267439363280623,1314.9842364793178,31.221819735267736,19.496019715919612,19.496019715919612,1325.3756898286656,22.3293751550684,28.39377415485206,28.39377415485206,1344.417233966407,6.5844587613615575,22.95994337341914,18.738380286712296,1330.1325757649406
243,50.717,1314.539,0.001372,254772.791,249675.699,248274.62399999998,40.44960356028286,10.267434582272402,10.267434582272402,1314.984258503035,31.221595022187163,19.4959768886377,19.4959768886377,1325.37615956603,22.327698244942038,28.39360838934505,28.39360838934505,1344.422360480226,4.926495319441376,24.048641945300062,19.8977600336475,1329.427669548612
244,50.717,1314.539,0.001372,254772.791,249675.699,248274.62399999998,40.44959385427475,10.267431418573299,10.267431418573299,1314.9842731019585,31.2214408145468,19.495948529733287,19.495948529733287,1325.3764820052634,22.326507263345494,28.393504379616108,28.393504379616108,1344.4260033643504,4.2153162618786695,23.08484459823456,18.859456813659097,1328.984507549627
245,75.319,1348.438,0.001458,235851.382,239573.594,176466.381,48.633094265880054,10.800087960441239,10.800087960441239,1318.9349958501107,33.06611926947594,19.418844080945252,19.418844080945252,1324.0430172762624,23.113985815376893,27.853141790443555,27.853141790443555,1333.2126958236054,13.662868801570712,24.266812605724336,21.315523706066745,1324.598200900265
246,75.319,1348.438,0.001458,235851.382,239573.594,176466.381,53.23423991907174,11.827079177776602,11.827079177776602,1317.421482971115,36.21537070834232,19.872684461309905,19.872684461309905,1321.1693117879827,24.761843664246314,27.402460004627414,27.402460004627414,1328.191021430833,15.29568326579977,22.67910312587839,21.122394111696234,1319.9669790488035
247,75.319,1348.438,0.001458,235851.382,239573.594,176466.381,55.9825818443004,12.712899051431537,12.712899051431537,1315.706818757989,39.36464207453517,20.63955848852898,20.63955848852898,1317.4872327874934,26.949919666195985,27.352697487104834,27.352697487104834,1323.6604229319305,17.186338771418942,22.74092193458711,20.86313973781078,1314.3014350547894
248,75.319,1348.438,0.001458,235851.382,239573.594,176466.381,57.6687814642163,13.373325372620005,13.373325372620005,1314.5028600309138,42.086520926326,21.472799866456512,21.472799866456512,1314.1318945458543,29.36747449820696,27.646412908456846,27.646412908456846,1319.1126453304241,18.122808587941186,23.525564314641734,21.62587488271508,1310.3259877485004
249,75.319,1348.438,0.001458,235851.382,239573.594,176466.381,58.71353219549343,13.843821791086075,13.843821791086075,1313.7362628014375,44.27444067205384,22.243236726524106,22.243236726524106,1311.459226195493,31.761239807263085,28.152388074459182,28.152388074459182,1314.879538830985,22.042406665059463,23.438428420207728,21.779580896154265,1305.819703934522
250,75.319,1348.438,0.001458,235851.382,239573.594,176466.381,59.36291011718226,14.172858828759876,14.172858828759876,1313.2609487582638,45.95527491721859,22.900610679995264,22.900610679995264,1309.458318189127,33.961264563882,28.753901487398398,28.753901487398398,1311.211977167279,23.957376281751117,24.047946549625127,22.09799107743796,1301.7286745937222
251,75.319,1348.438,0.001458,235851.382,239573.594,176466.381,59.76685533783094,14.400688980773532,14.400688980773532,1312.9680052669073,47.20660301851345,23.435432721047516,23.435432721047516,1308.008199255856,35.87662125128766,29.36836153493973,29.36836153493973,1308.1901326666152,24.495847488707913,24.168621073895064,22.00078477200497,1298.6737041366252
252,75.319,1348.438,0.001458,235851.382,239573.594,176466.381,60.01812820977761,14.55736175365087,14.55736175365087,1312.7874137226445,48.116897860343464,23.856913809082698,23.856913809082698,1306.9771066052433,37.47700246036893,29.945011082149325,29.945011082149325,1305.784839231673,25.347754819119533,25.34976588575617,22.608259233233948,1295.1069600911273
253,75.319,1348.438,0.001458,235851.382,239573.594,176466.381,60.17439927222627,14.664506544893326,14.664506544893326,1312.6758826075172,48.767522156091665,24.181452748610365,24.181452748610365,1306.2530623888147,38.771890950748116,30.457198051981592,30.457198051981592,1303.9166631866397,26.39369016735968,26.277096871110828,23.44503972286118,1294.4914970368463
254,75.319,1348.438,0.001458,235851.382,239573.594,176466.381,60.271566061662924,14.737430827285014,14.737430827285014,1312.6068763296264,49.22615442377389,24.426893978255755,24.426893978255755,1305.7492203499464,39.79295669709212,30.894675525101103,30.894675525101103,1302.4918351124688,25.266449569227746,25.69320339056915,24.111405797026535,1292.5364468074656
255,75.319,1348.438,0.001458,235851.382,239573.594,176466.381,60.331972451732774,14.786854473298106,14.786854473298106,1312.5641193838615,49.54587858232144,24.60983895081876,24.60983895081876,1305.4011144033993,40.58134662523175,31.25744724967288,31.25744724967288,1301.4204264807754,29.063216393133004,26.500853106951144,23.966238201329638,1292.4214947225096
256,75.319,1348.438,0.001458,235851.382,239573.594,176466.381,60.369521150069744,14.820224469848043,14.820224469848043,1312.5375995581599,49.76675367761417,24.74456373169954,24.74456373169954,1305.1620519535027,41.17955625002004,31.551313119632056,31.551313119632056,1300.6240015175158,30.710503590369306,27.005509148881,24.682688930185854,1290.7565982958276
257,75.319,1348.438,0.001458,235851.382,239573.594,176466.381,60.39285954466924,14.842679206743682,14.842679206743682,1312.5211393044442,49.91819681217148,24.842766009260103,24.842766009260103,1304.998738692185,41.62685680358191,31.784851751122417,31.784851751122417,1300.0377169261606,29.506983141297265,26.762594813074337,24.262843391824156,1290.3880477790385
258,75.319,1348.438,0.001458,235851.382,239573.594,176466.381,60.40736473655449,14.857743240511486,14.857743240511486,1312.51091813269,50.021378581547204,24.913717131182853,24.913717131182853,1304.8876980176244,41.957175239232186,31.967497242946784,31.967497242946784,1299.609768108931,29.572162005238386,27.477914513302,24.194977653660168,1289.4938853732085
259,75.319,1348.438,0.001458,235851.382,239573.594,176466.381,60.41637963350008,14.867821580415482,14.867821580415482,1312.5045693171762,50.091300731607745,24.964586251565404,24.964586251565404,1304.812520686693,42.19850834121288,32.10839931904904,32.10839931904904,1299.2997431894107,30.236163513741165,27.39741542712986,24.692948780165157,1288.9132831563688
260,75.319,1348.438,0.001458,235851.382,239573.594,176466.381,60.421982217330104,14.874547750056111,14.874547750056111,1312.5006250512756,50.13846468809279,25.00081139741423,25.00081139741423,1304.7618213569863,42.37319928253656,32.21581766914035,32.21581766914035,1299.0766768897895,30.378224764691637,28.072072885497185,25.076660188024672,1289.2344388270712
261,75.319,1348.438,0.001458,235851.382,239573.594,176466.381,60.4254640655492,14.879026739663388,14.879026739663388,1312.4981743456583,50.17014957352018,25.026454018234723,25.026454018234723,1304.7277510320573,42.49862893698145,32.296863200391044,32.296863200391044,1298.917178062319,29.32071839580437,28.055903587350052,25.456639352053656,1288.7836620843843
262,75.319,1348.438,0.001458,235851.382,239573.594,176466.381,60.42762791706721,14.882003305548368,14.882003305548368,1312.4966515260014,50.191360298271334,25.04450883389319,25.04450883389319,1304.704929571605,42.588047125822,32.35745176084913,32.35745176084913,1298.803785860488,31.29552161634877,27.857060173797024,25.04324291408398,1288.7446538660383
263,75.319,1348.438,0.001458,235851.382,239573.594,176466.381,60.428972670511314,14.88397778704579,14.88397778704579,1312.4957052320221,50.20551491997107,25.05716031945574,25.05716031945574,1304.6896881279113,42.651389961855294,32.40237772256102,32.40237772256102,1298.7235993476077,31.127133454537844,27.27790126853772,25.140107324070488,1288.7070670963003
264,75.319,1348.438,0.001458,235851.382,239573.594,176466.381,60.429808381988586,14.885285349107074,14.885285349107074,1312.4951171791856,50.214934450693185,25.06598731127289,25.06598731127289,1304.679536498212,42.69600794720557,32.435446322535746,32.435446322535746,1298.6671728088252,29.388341349213434,27.126075802375926,25.387670271858184,1288.0526156473802
265,75.319,1348.438,0.001458,235851.382,239573.594,176466.381,60.43032774274135,14.886149928190454,14.886149928190454,1312.4947517404962,50.22118724690084,25.072121869046033,25.072121869046033,1304.6727916272705,42.72727690562164,32.459626451502345,32.459626451502345,1298.6276465135095,32.129691716316415,26.489403490946888,24.789550213145336,1288.61962990745
266,75.319,1348.438,0.001458,235851.382,239573.594,176466.381,60.430650503927374,14.8867207951091,14.8867207951091,1312.49452464024,50.22532858350175,25.0763700821688,25.0763700821688,1304.6683203525852,42.749090226663164,32.477201437557454,32.477201437557454,1298.600075449808,30.701960489966606,27.843237729222466,25.18621846213863,1289.214352311702
267,75.319,1348.438,0.001458,235851.382,239573.594,176466.381,60.43085108646109,14.887097239963875,14.887097239963875,1312.4943835087945,50.22806587000558,25.079302429643743,25.079302429643743,1304.6653623975785,42.7642439478916,32.489905961948395,32.489905961948395,1298.580918847212,30.35599504871448,27.419497679202717,24.904216956753807,1289.2740014500143
268,75.319,1348.438,0.001458,235851.382,239573.594,176466.381,60.43097574002398,14.887345180554313,14.887345180554313,1312.4942958022777,50.22987176862583,25.08132046066804,25.08132046066804,1304.663409278461,42.774731294711856,32.4990439939289,32.4990439939289,1298.5676570165476,30.314387164411418,27.201630598104504,25.15395113896518,1287.8843011886927
269,75.319,1348.438,0.001458,235851.382,239573.594,176466.381,60.431053206917035,14.887508302593217,14.887508302593217,1312.494241296678,50.23106117319027,25.082705451189184,25.082705451189184,1304.6621218894272,42.78196398983843,32.50558668879224,32.50558668879224,1298.5585070138318,30.54695263496949,26.501868147334317,25.121318179415503,1288.6151607215345
270,75.319,1348.438,0.001458,235851.382,239573.594,176466.381,60.431101349289925,14.887615511649377,14.887615511649377,1312.4942074238763,50.23184332347797,25.0836535722637,25.0836535722637,1304.6612746718263,42.78693615118108,32.510251437091966,32.510251437091966,1298.5522137589649,31.022108349372242,27.183985028569687,24.676865156192786,1288.8679158890272
271,75.319,1348.438,0.001458,235851.382,239573.594,176466.381,60.4311312677194,14.887685905675301,14.887685905675301,1312.4941863734166,50.232356928542096,25.084301102764037,25.084301102764037,1304.660717949889,42.79034422338736,32.51356432855592,32.51356432855592,1298.5478979640234,30.036834496220656,26.92931488326846,25.861244204298462,1288.107680025833
272,75.319,1348.438,0.001458,235851.382,239573.594,176466.381,60.43114986074462,14.88773208571829,14.88773208571829,1312.4941732914717,50.23269374624647,25.084742377252606,25.084742377252606,1304.6603526171505,42.7926738521725,32.515908655435574,32.515908655435574,1298.5449463149935,33.103332230115164,27.08762322654253,24.693660002746906,1288.6994473172826
273,75.319,1348.438,0.001458,235851.382,239573.594,176466.381,60.43116141551455,14.887762355768103,14.887762355768103,1312.4941651616086,50.232914358649616,25.08504248335326,25.08504248335326,1304.660113181059,42.794262269038185,32.51756203431408,32.51756203431408,1298.5429327450506,29.63021630298213,27.736341436195584,24.860724543617287,1288.2650708723475
274,75.319,1348.438,0.001458,235851.382,239573.594,176466.381,60.43116859630964,14.887782181807708,14.887782181807708,1312.4941601092487,50.233058694017586,25.085246195538065,25.085246195538065,1304.659956440641,42.79534275380336,32.51872447207612,32.51872447207612,1298.541562369295,31.14184516077869,27.228484982572244,25.322692766690157,1288.8985788675543
275,75.319,1348.438,0.001458,235851.382,239573.594,176466.381,60.431173058866456,14.887795157918296,14.887795157918296,1312.4941569694245,50.23315302579196,25.085384230303816,25.085384230303816,1304.6598539466142,42.796076115240574,32.519539364054054,32.519539364054054,1298.5406317968666,31.475144805674493,28.17291103618033,25.042753235604664,1288.2512298623044
276,75.319,1348.438,0.001458,235851.382,239573.594,176466.381,60.431175832154466,14.887803645006564,14.887803645006564,1312.4941550181582,50.23321461673798,25.085477606767235,25.085477606767235,1304.6597869928912,42.796572850453224,32.520109061941646,32.520109061941646,1298.540001189253,30.738397523579216,28.12759073111885,25.121877288289117,1288.7042324292267
277,75.319,1348.438,0.001458,235851.382,239573.594,176466.381,60.43117755563424,14.887809192499441,14.887809192499441,1312.49415380553,50.23325479375434,25.085540674561972,25.085540674561972,1304.6597432971612,42.79690866201407,32.52050632395049,32.52050632395049,1298.539574685805,30.42919285552805,27.167115899549398,25.695040450504234,1289.001722703124
278,75.319,1348.438,0.001458,235851.382,239573.594,176466.381,60.43117862670315,14.887812816392959,14.887812816392959,1312.4941530519334,50.23328097957313,25.085583208847677,25.085583208847677,1304.6597148054723,42.79713527323134,32.520782676999225,32.520782676999225,1298.5392867528922,30.06524160783301,28.259350373160533,25.024577180727544,1288.3990162731027
279,75.319,1348.438,0.001458,235851.382,239573.594,176466.381,60.43117929232661,14.887815182368316,14.887815182368316,1312.4941525836055,50.23329803276859,25.085611855145856,25.085611855145856,1304.6596962429587,42.79728793453513,32.52097448527021,32.52097448527021,1298.5390927034487,29.84435195017347,27.10685286005674,25.12853037086612,1288.7556310121204
280,66.568,1128.859,0.001171,164840.585,196383.499,249282.99500000002,59.41169433379189,13.315015785829798,13.315015785829798,1254.9041607799336,49.655803850467905,25.234401254066878,25.234401254066878,1292.6402414505644,41.97622954771199,33.29352797086503,33.29352797086503,1303.813833897142,38.259434277156,30.777240373398016,30.452201440172157,1302.1345181941088
281,66.568,1128.859,0.001171,164840.585,196383.499,249282.99500000002,60.390906238987505,10.511425184396584,10.511425184396584,1224.7883318109025,50.18538281022327,23.76220748275229,23.76220748275229,1278.2609946043867,41.36202101641613,33.65503413491339,33.65503413491339,1303.1505637166088,38.14330297288502,30.597914424517707,30.925201909242553,1300.7740460028076
282,66.568,1128.859,0.001171,164840.585,196383.499,249282.99500000002,61.54221541847726,8.076168269477309,8.076168269477309,1206.2531865886053,51.47067396979171,21.3624790815705,21.3624790815705,1265.3872768578524,41.36721882228346,33.15971649449581,33.15971649449581,1300.0021178098498,37.51379140684495,30.496962109968937,30.739089314769977,1297.6333471047162
283,66.568,1128.859,0.001171,164840.585,196383.499,249282.99500000002,62.54380601639052,6.170970437652409,6.170970437652409,1194.1722501721836,53.07461973624032,18.65678575200706,18.65678575200706,1254.4252515271357,41.99032053205378,31.86039574495268,31.86039574495268,1295.8104152069448,39.22699182141735,28.403243517893277,29.648009060332416,1294.156146850476
284,66.568,1128.859,0.001171,164840.585,196383.499,249282.99500000002,63.34485833695966,4.73398410618344,4.73398410618344,1186.0783133106283,54.72332964924777,16.00929251191515,16.00929251191515,1245.2786113708403,43.0823921742161,29.980787905786418,29.980787905786418,1291.178659884002,41.217429159074385,28.39658232004682,27.46763565182642,1289.35351904437
285,66.568,1128.859,0.001171,164840.585,196383.499,249282.99500000002,63.96265770165709,3.668631810254499,3.668631810254499,1180.5705743330138,56.26815067560251,13.604329828978484,13.604329828978484,1237.7576843873262,44.472120521717514,27.762262018980923,27.762262018980923,1286.4385879761667,42.38672118256813,25.922256459428915,25.594881048641522,1285.4308993308323
286,66.568,1128.859,0.001171,164840.585,196383.499,249282.99500000002,64.43002986498743,2.8862841576112213,2.8862841576112213,1176.785809841641,57.639493801982105,11.516991702512593,11.516991702512593,1231.652096887223,46.00984141828185,25.409162908071977,25.409162908071977,1281.8156666149644,43.48048432094282,23.68438374411398,23.52713235868151,1280.9005610208378
287,66.568,1128.859,0.001171,164840.585,196383.499,249282.99500000002,64.77952947507976,2.3151134289878796,2.3151134289878796,1174.1675925741818,58.814572845663186,9.760141945880296,9.760141945880296,1226.7520048036602,47.57957334391958,23.074892493273502,23.074892493273502,1277.4674679683615,45.00595843456836,22.14273633415987,21.784728548638903,1276.9927566469355
288,66.568,1128.859,0.001171,164840.585,196383.499,249282.99500000002,65.03890691035303,1.899729934646384,1.899729934646384,1172.3475412867233,59.79672369045937,8.313751895106778,8.313751895106778,1222.8593015070783,49.098870540597765,20.864073315524177,20.864073315524177,1273.4948279554085,49.0481068729911,20.278704955657737,20.004416161535303,1272.6856983591156
289,66.568,1128.859,0.001171,164840.585,196383.499,249282.99500000002,65.23038113762391,1.598462917826393,1.598462917826393,1171.077606223271,60.602597587178934,7.1425889654150145,7.1425889654150145,1219.7945315200254,50.514187464658605,18.840530995553824,18.840530995553824,1269.9509937265836,50.362928247949334,18.640235550397037,18.01302902707472,1269.834177995595
290,66.568,1128.859,0.001171,164840.585,196383.499,249282.99500000002,65.37117699742193,1.3803979012470604,1.3803979012470604,1170.188857958482,61.25447427303667,6.206487217289968,6.206487217289968,1217.4004691282198,51.79494946898553,17.036636323936193,17.036636323936193,1266.8520173498473,52.62956553371807,16.37577428530688,17.592046115299876,1266.3414467634004
291,66.568,1128.859,0.001171,164840.585,196383.499,249282.99500000002,65.47439765262521,1.222797330803303,1.222797330803303,1169.565328313715,61.775835205805656,5.465992812800957,5.465992812800957,1215.543061139582,52.92774396558738,15.462049365920636,15.462049365920636,1264.1871701930668,54.825741273669195,16.614503279671307,16.609368950003734,1264.4725257559446
292,66.568,1128.859,0.001171,164840.585,196383.499,249282.99500000002,65.54989124825157,1.1090326409299647,1.1090326409299647,1169.1269369714912,62.18897278254515,4.885190470050687,4.885190470050687,1214.1105248016086,53.911246251713166,14.111086573573155,14.111086573573155,1261.9281459661934,54.230007962942075,14.173013815769865,14.280177417164783,1262.8882466813786
293,66.568,1128.859,0.001171,164840.585,196383.499,249282.99500000002,65.60499886437135,1.0269908773702323,1.0269908773702323,1168.818135311118,62.51384103256748,4.432862387536944,4.432862387536944,1213.0113333428014,54.752091959114836,12.968517589702422,12.968517589702422,1260.036486237192,56.51790141590112,13.771818597919898,13.869700274681968,1260.826270391591
294,66.568,1128.859,0.001171,164840.585,196383.499,249282.99500000002,65.64516053182312,0.9678736949902353,0.9678736949902353,1168.6002524058958,62.767639129728806,4.082702481561332,4.082702481561332,1212.1716650732844,55.461697608751116,12.013885131353534,12.013885131353534,1258.4691591310261,56.76280777772729,13.201477224201279,12.970480717844373,1259.4071416420943
295,66.568,1128.859,0.001171,164840.585,196383.499,249282.99500000002,65.6743897447672,0.9253041100520186,0.9253041100520186,1168.446286842545,62.96480723209638,3.8130311066997526,3.8130311066997526,1211.5327174485212,56.05392678490169,11.224565582991506,11.224565582991506,1257.1824844992757,57.57349498220018,12.37445896037426,12.195198600903089,1258.188883037504
296,66.568,1128.859,0.001171,164840.585,196383.499,249282.99500000002,65.69563740171748,0.8946678648404648,0.8946678648404648,1168.3373375908561,63.11723667118188,3.606277640619871,3.606277640619871,1211.0481367633965,56.543458029339945,10.577822837102973,10.577822837102973,1256.1347026373826,58.279971807907145,12.057793316126144,11.745604751353328,1257.2365821794826
297,66.568,1128.859,0.001171,164840.585,196383.499,249282.99500000002,65.7110671959404,0.8726306394620268,0.8726306394620268,1168.260144751386,63.23457533250033,3.44838602748146,3.44838602748146,1210.6817002879925,56.94470500300765,10.052096183131617,10.052096183131617,1255.2874983630634,58.50403891220703,11.354719517971414,11.786318068087045,1255.6543975662046
298,66.568,1128.859,0.001171,164840.585,196383.499,249282.99500000002,65.72226206079894,0.8567856456107177,0.8567856456107177,1168.2053877155486,63.32455909118938,3.3282286224685276,3.3282286224685276,1210.4053093328696,57.27115266678121,9.627730070582366,9.627730070582366,1254.6067629364018,60.13937204538385,11.293227023266544,11.082116346808395,1255.9322552068725
299,66.568,1128.859,0.001171,164840.585,196383.499,249282.99500000002,65.73037788380189,0.8453971892438811,0.8453971892438811,1168.1665032994629,63.393331398952704,3.2370712533154595,3.2370712533154595,1210.1973021621786,57.53499448129421,9.287314004320116,9.287314004320116,1254.0628290751752,60.7123352050267,11.231314843263986,10.406806707921564,1256.0741018586127
300,66.568,1128.859,0.001171,164840.585,196383.499,249282.99500000002,65.73625737344221,0.8372145099175785,0.8372145099175785,1168.1388625356258,63.44573221859865,3.168107330445296,3.168107330445296,1210.041067166701,57.746978625359105,9.015762502868984,9.015762502868984,1253.6303636319751,60.8881004798893,9.764277316212493,10.77446942125618,1254.6700038888457
301,66.568,1128.859,0.001171,164840.585,196383.499,249282.99500000002,65.74051407209114,0.8313368894788566,0.8313368894788566,1168.1191958058869,63.48554885617251,3.1160646049459775,3.1160646049459775,1209.9239225444546,57.916392643689775,8.800231606790662,8.800231606790662,1253.2880557627275,60.72276030186812,9.738398280866239,10.640617875370365,1255.2074807270776
302,66.568,1128.859,0.001171,164840.585,196383.499,249282.99500000002,65.74359414395661,0.8271160572736788,0.8271160572736788,1168.1051904854216,63.515727712915215,3.076880613493827,3.076880613493827,1209.8362237097988,58.05113427479329,8.629941068922236,8.629941068922236,1253.018198880536,59.28008767182471,10.058052455047033,9.498774055610568,1254.4203336855403
303,66.568,1128.859,0.001171,164840.585,196383.499,249282.99500000002,65.74582169833782,0.8240856670240474,0.8240856670240474,1168.095208754479,63.5385494253092,3.0474392978519442,3.0474392978519442,1209.7706600308757,58.157831080134315,8.49594999041147,8.49594999041147,1252.8062332012964,61.24497601090917,9.928098500093201,9.330011463500828,1254.3163623842631
304,66.568,1128.859,0.001171,164840.585,196383.499,249282.99500000002,65.74743196264079,0.8219103888359487,0.8219103888359487,1168.0880893208596,63.55577147228276,3.025360066154837,3.025360066154837,1209.7217057576029,58.2419830708054,8.39091757405738,8.39091757405738,1252.6402917905518,60.61058204408434,10.3280641340718,9.909629367721383,1254.428270588481
305,66.568,1128.859,0.001171,164840.585,196383.499,249282.99500000002,65.74859551718232,0.8203491930043719,0.8203491930043719,1168.0830078636445,63.5687428611113,3.0088306324501404,3.0088306324501404,1209.68519453546,58.30811124228654,8.308868926914101,8.308868926914101,1252.5107756434206,60.77530137553693,9.387456663124443,9.400098642413386,1254.5732330192097
306,66.568,1128.859,0.001171,164840.585,196383.499,249282.99500000002,65.74943597177608,0.819228889366703,0.819228889366703,1168.0793786520605,63.57849543263259,2.9964756954880962,2.9964756954880962,1209.6579917335594,58.35990129479342,8.244977537336107,8.244977537336107,1252.4099712060317,61.05864682398204,9.923428209732501,10.014883286803531,1253.8197950152974
307,66.568,1128.859,0.001171,164840.585,196383.499,249282.99500000002,65.75004284090521,0.8184250701487912,0.8184250701487912,1168.0767850889283,63.585815945094296,2.987254520983304,2.987254520983304,1209.6377434098986,58.40033633352469,8.195370359648184,8.195370359648184,1252.3317156555054,60.83268780892891,10.261283401954442,10.18798437046296,1254.6321693630682
308,66.568,1128.859,0.001171,164840.585,196383.499,249282.99500000002,65.75048091025064,0.8178483927276294,0.8178483927276294,1168.0749306073355,63.591302580730506,2.980381558473322,2.980381558473322,1209.622684829695,58.43181544747687,8.156957681987846,8.156957681987846,1252.2711101326668,61.057226267543875,10.06685126917398,9.573389880525827,1253.966980021302
309,66.568,1128.859,0.001171,164840.585,196383.499,249282.99500000002,65.75079704340985,0.8174347110028399,0.8174347110028399,1168.0736039117237,63.59540897249919,2.975265239032962,2.975265239032962,1209.6114949496427,58.45625712077601,8.127287588311846,8.127287588311846,1252.224278103112,60.14209261507249,9.810529369534475,9.74303020941772,1254.070691492606
310,66.568,1128.859,0.001171,164840.585,196383.499,249282.99500000002,65.75102512367795,0.8171379787272495,0.8171379787272495,1168.0726543434337,63.59847832645526,2.971461008208944,2.971461008208944,1209.6031861830083,58.47518772645556,8.104423437657346,8.104423437657346,1252.188164440348,60.995450768662046,10.215950237080206,9.444949274549487,1254.1537519728333
311,66.568,1128.859,0.001171,164840.585,196383.499,249282.99500000002,65.7511896388164,0.8169251481870923,0.8169251481870923,1168.071974402054,63.60076974565002,2.9686354296134865,2.9686354296134865,1209.5970211181243,58.48981611330588,8.086842060808355,8.086842060808355,1252.16037018431,61.81959939761151,10.539113764586697,9.735585355650393,1253.6990116726895
312,66.568,1128.859,0.001171,164840.585,196383.499,249282.99500000002,65.75130827947551,0.816772504472184,0.816772504472184,1168.0714873309269,63.60247845487259,2.966538848369983,2.966538848369983,1209.592449747646,58.50109569055009,8.073350088883679,8.073350088883679,1252.1390178753313,61.68238011710825,10.14592675378516,10.214359856287002,1253.2657330918707
313,66.568,1128.859,0.001171,164840.585,196383.499,249282.99500000002,65.75139382138512,0.8166630321436333,0.8166630321436333,1168.0711382908858,63.603751282851626,2.964984639936136,2.964984639936136,1209.5890622539837,58.509775566744054,8.063015817642581,8.063015817642581,1252.1226426522217,62.08847542621922,8.592340069407236,9.58430517769915,1253.70841533903
314,66.568,1128.859,0.001171,164840.585,196383.499,249282.99500000002,65.75145548790506,0.8165845240506187,0.8165845240506187,1168.0708880793431,63.60469847537695,2.963833503113333,2.963833503113333,1209.586553559594,58.51644229761119,8.055114162475546,8.055114162475546,1252.110104769404,62.18948605331168,9.617598054358927,10.151605410477078,1253.888644508064
315,60.931,1047.538,0.000888,136186.791,183658.475,167293.62,64.42882077348581,0.8208994334653232,0.8208994334653232,1150.058132375874,63.273212206492126,3.1273919142565187,3.1273919142565187,1209.310212955497,58.1839826255044,8.372286705959652,8.372286705959652,1248.2844264311752,64.40781050190908,11.02951784622849,11.808488710472481,1253.00390437951
316,60.931,1047.538,0.000888,136186.791,183658.475,167293.62,63.4827873216715,0.7569250852601601,0.7569250852601601,1136.8219735016567,62.79664218242701,3.206240865814267,3.206240865814267,1205.8001962310702,57.937296974181,8.537147070387931,8.537147070387931,1245.5532010774807,63.44197800021835,10.654949228019088,12.12267274677509,1251.3267990385575
317,60.931,1047.538,0.000888,136186.791,183658.475,167293.62,62.792855493740134,0.6730569958819054,0.6730569958819054,1127.0212937589424,62.30907019100708,3.182965484739238,3.182965484739238,1200.9374471220485,57.71692928250761,8.58619387095079,8.58619387095079,1243.0040319567754,63.52050877198266,10.495747710799835,11.961560382186798,1246.624639355327
318,60.931,1047.538,0.000888,136186.791,183658.475,167293.62,62.284110414231854,0.5889687210172443,0.5889687210172443,1119.7339644149251,61.86564341305183,3.0770846319427103,3.0770846319427103,1195.7402512301062,57.51626187935233,8.530307570869484,8.530307570869484,1240.3802100380492,60.53537188536117,10.501436081023288,11.544524176907165,1243.7567894071938
319,60.931,1047.538,0.000888,136186.791,183658.475,167293.62,61.90643930144105,0.5124508655809497,0.5124508655809497,1114.3020955892182,61.483979070757144,2.9169105477547355,2.9169105477547355,1190.7380643073398,57.34103522071217,8.380750965440143,8.380750965440143,1237.67649703623,62.08032313853597,10.744775078691404,11.219398540542608,1241.3704235379157
320,60.931,1047.538,0.000888,136186.791,183658.475,167293.62,61.624858993842516,0.44606219110795353,0.44606219110795353,1110.2471091836928,61.16519693359632,2.727873662246822,2.727873662246822,1186.1859934357167,57.19621277034355,8.153810871000745,8.153810871000745,1234.9663378533762,61.46610114674585,9.088813196610529,11.013750862843818,1238.3512111831612
321,60.931,1047.538,0.000888,136186.791,183658.475,167293.62,61.41431338663896,0.39001741203126156,0.39001741203126156,1107.2170618566577,60.90380920783832,2.5291849969216913,2.5291849969216913,1182.1854269656708,57.0831700900064,7.868929609160072,7.868929609160072,1232.332410481984,61.57906652224904,8.914974670818076,10.550594134570376,1236.2405971917772
322,60.931,1047.538,0.000888,136186.791,183658.475,167293.62,61.256567114210085,0.34352009460349164,0.34352009460349164,1104.951470735464,60.69218190658147,2.333922279981224,2.333922279981224,1178.7525635680188,57.000224814859955,7.545864349685781,7.545864349685781,1229.8421147834995,62.82095142453195,9.472348633834768,9.695003684893496,1233.735043295379
323,60.931,1047.538,0.000888,136186.791,183658.475,167293.62,61.13821110301665,0.3053984301403048,0.3053984301403048,1103.2567801102723,60.52247978578267,2.150207036409244,2.150207036409244,1175.8580611433624,56.943851159756726,7.2025822350876085,7.2025822350876085,1227.5417280303545,59.63749394615283,7.908557841922908,9.87781495044366,1230.5600775034804
324,60.931,1047.538,0.000888,136186.791,183658.475,167293.62,61.049317196167216,0.2744096861017425,0.2744096861017425,1101.9888004152024,60.38746670930901,1.9825188067176522,1.9825188067176522,1173.450283963509,56.90972504343864,6.854133377316361,6.854133377316361,1225.457752082698,61.37755506220661,8.999812632040413,9.802732233751069,1229.3056203310994
325,60.931,1047.538,0.000888,136186.791,183658.475,167293.62,60.98249987691455,0.24938099649961754,0.24938099649961754,1101.039938192383,60.28078869180712,1.8328197054073718,1.8328197054073718,1171.4689409295847,56.89342732046863,6.5122881789077605,6.5122881789077605,1223.6005952898788,60.03612626644783,7.8604693144101585,9.309781970269038,1226.8994503479953
326,60.931,1047.538,0.000888,136186.791,183658.475,167293.62,60.9322469761642,0.22926767428052122,0.22926767428052122,1100.3298179925036,60.197024739373695,1.7014192244941837,1.7014192244941837,1169.8529419847061,56.890849905069956,6.185657725854238,6.185657725854238,1221.9686108022743,60.507161517936574,7.050545748897334,8.506357986227515,1225.8087730298964
327,60.931,1047.538,0.000888,136186.791,183658.475,167293.62,60.89443482239312,0.21316996961872595,0.21316996961872595,1099.7983514972968,60.13163606286604,1.5876018254351167,1.5876018254351167,1168.5447170631314,56.89839340709823,5.880069804143365,5.880069804143365,1220.5517397769174,62.10555127561053,7.245541338001694,8.179668107589988,1224.0558962767466
328,60.931,1047.538,0.000888,136186.791,183658.475,167293.62,60.86597322276034,0.20032946841948862,0.20032946841948862,1099.4005938278897,60.080874352513966,1.4900650373554796,1.4900650373554796,1167.492362100069,56.91303386277438,5.599046662088856,5.599046662088856,1219.3345233058346,62.19582954635986,7.232826164246953,8.38949119187526,1222.700576525608
329,60.931,1047.538,0.000888,136186.791,183658.475,167293.62,60.84454354339315,0.1901162612585598,0.1901162612585598,1099.102915445649,60.04167777380827,1.4072156350869829,1.4072156350869829,1166.6504641242655,56.932314017823764,5.344291825597252,5.344291825597252,1218.2984598685325,60.32985382717243,7.251739355088964,7.890499402087976,1222.2469502370298
330,60.931,1047.538,0.000888,136186.791,183658.475,167293.62,60.828404434130945,0.18201272310910066,0.18201272310910066,1098.8801476618005,60.01156831295535,1.3373634484200314,1.3373634484200314,1165.9801457333335,56.95429516496696,5.116136300389584,5.116136300389584,1217.423769593317,60.75458738859383,6.714981418174939,7.596524956151386,1221.5490622447428
331,60.931,1047.538,0.000888,136186.791,183658.475,167293.62,60.81624716830327,0.17559690607330974,0.17559690607330974,1098.713451287117,59.98855681077202,1.278843203145804,1.278843203145804,1165.4486730092337,56.977491534593206,4.91392201450432,4.91392201450432,1216.6906557399104,60.23920503092585,6.74917335160943,7.264670120913091,1220.1783893926308
332,60.931,1047.538,0.000888,136186.791,183658.475,167293.62,60.807087622010734,0.1705270078173492,0.1705270078173492,1098.5887237372638,59.97105835229412,1.2300868068865396,1.2300868068865396,1165.0288444443902,57.000800039033095,4.736316677309086,4.736316677309086,1216.080158532617,62.77822436372837,6.510237031015501,8.085825772155742,1220.2957027831592
333,60.931,1047.538,0.000888,136186.791,183658.475,167293.62,60.80018544506135,0.16652754320041166,0.16652754320041166,1098.4954077811744,59.957818764295546,1.1896621925891042,1.1896621925891042,1164.6982958664246,57.02343243346662,4.581563142859592,4.581563142859592,1215.5746902664603,59.89853683269626,6.1163577916355205,7.008794224983106,1218.5346716430715
334,60.931,1047.538,0.000888,136186.791,183658.475,167293.62,60.79498348527789,0.1633773998195298,0.1633773998195298,1098.4256002531488,59.947851955226604,1.1562901058395005,1.1562901058395005,1164.4388022555777,57.04485349463486,4.4476706556876815,4.4476706556876815,1215.1583297090463,60.936427917946325,5.6112718794399745,6.909369720838208,1219.096449366954
335,60.931,1047.538,0.000888,136186.791,183658.475,167293.62,60.7910623387259,0.16089972773090422,0.16089972773090422,1098.3733849870514,59.9403873004478,1.128846773824746,1.128846773824746,1164.2356221080984,57.06472677914464,4.332556914783075,4.332556914783075,1214.816941338319,62.05095932991975,6.263489846639653,7.0853826519346,1218.1671125861533
336,60.931,1047.538,0.000888,136186.791,183658.475,167293.62,60.78810621900059,0.1589535037962046,0.1589535037962046,1098.334333460057,59.93482602215941,1.106357920614037,1.106357920614037,1164.076907361934,57.08286834744762,4.234149928861363,4.234149928861363,1214.53817255004,60.897039177117435,4.774768191764613,7.0088372990196115,1218.1890627890778
337,60.931,1047.538,0.000888,136186.791,183658.475,167293.62,60.785877309428635,0.15742656799878427,0.15742656799878427,1098.305130931468,59.93070542539228,1.0879878396226461,1.0879878396226461,1163.9531877079746,57.09920818047857,4.150457899372841,4.150457899372841,1214.3113705389744,61.53230653683635,5.826070970478174,6.750094417861083,1217.4599200453833
338,60.931,1047.538,0.000888,136186.791,183658.475,167293.62,60.78419647980859,0.15622992198329486,0.15622992198329486,1098.2832965163893,59.92766986288951,1.073026000885565,1.073026000885565,1163.8569295468915,57.113758664708,4.079614298922279,4.079614298922279,1214.1274505572558,61.664477047786654,6.385990020369698,6.771840258613775,1217.0986920157675
339,60.931,1047.538,0.000888,136186.791,183658.475,167293.62,60.7829287823905,0.1552930914672575,0.1552930914672575,1098.266973585297,59.92544737146881,1.0608728100150773,1.0608728100150773,1163.7821649999698,57.12658935444329,4.019904161729557,4.019904161729557,1213.9787388510663,62.24331779256466,5.841179980147909,6.645991240941769,1218.4270301630188
340,60.931,1047.538,0.000888,136186.791,183658.475,167293.62,60.781972539013516,0.15456037409254583,0.15456037409254583,1098.2547728211475,59.92383102364269,1.0510255396502117,1.0510255396502117,1163.7241839332646,57.1378071645079,3.969776502095508,3.969776502095508,1213.8588067593364,61.92809963820161,4.829280206058725,6.047388214943855,1217.689409654347
341,60.931,1047.538,0.000888,136186.791,183658.475,167293.62,60.781251128038306,0.15398781714991214,0.15398781714991214,1098.2456547075876,59.922664153099404,1.043065045372893,1.043065045372893,1163.6792810187292,57.14754115799533,3.9278467896738434,3.9278467896738434,1213.7623071013222,59.97520350013919,5.159587071545114,6.0876095700939095,1217.4535861629124
342,60.931,1047.538,0.000888,136186.791,183658.475,167293.62,60.780706801768275,0.15354079239490634,0.15354079239490634,1098.23884154506,59.921828729489334,1.0366436012030165,1.0366436012030165,1163.644549835491,57.1559311453834,3.8928925600064934,3.8928925600064934,1213.6848199000349,61.15212017169286,5.2576921166078225,5.787325742751624,1217.6304508373694
343,60.931,1047.538,0.000888,136186.791,183658.475,167293.62,60.78029603147113,0.15319205633856264,0.15319205633856264,1098.2337515789056,59.921236269523256,1.031474005596052,1.031474005596052,1163.6177165125998,57.16311938534294,3.863844526776078,3.863844526776078,1213.622711479192,61.65045592145762,5.422504515870145,6.339125455291007,1218.2316049750063
344,60.931,1047.538,0.000888,136186.791,183658.475,167293.62,60.77998600196296,0.15292020325778602,0.15292020325778602,1098.229949685715,59.9208207734547,1.0273199894454061,1.0273199894454061,1163.5970061739208,57.16924476236746,3.839774978954485,3.839774978954485,1213.573008828118,61.319647056023655,6.112583589972397,6.092326391703901,1216.8626887591508
345,60.931,1047.538,0.000888,136186.791,183658.475,167293.62,60.779751971461046,0.15270843453003732,0.15270843453003732,1098.2271104586202,59.920533266516955,1.023987883127474,1.023987883127474,1163.5810363040475,57.17443890394154,3.819884776897385,3.819884776897385,1213.5332896641096,60.861227680196045,5.946166176438973,6.802210014256509,1216.3231424629091
346,60.931,1047.538,0.000888,136186.791,183658.475,167293.62,60.77957528284132,0.1525435818200352,0.1525435818200352,1098.2249905764932,59.9203376032053,1.0213194560637477,1.0213194560637477,1163.5687320130926,57.17882378500978,3.8034898903464587,3.8034898903464587,1213.5015876721886,60.568751560644245,5.625101241455474,6.85022440082989,1217.2776494058803
347,60.931,1047.538,0.000888,136186.791,183658.475,167293.62,60.77944186537787,0.15241533333131693,0.15241533333131693,1098.2234081241759,59.920207258762986,1.019185819650331,1.019185819650331,1163.5592589825458,57.1825104465671,3.790008132482635,3.790008132482635,1213.4763118321218,60.337173767169894,5.097074058341738,5.981899389282401,1217.0163395499467
348,60.931,1047.538,0.000888,136186.791,183658.475,167293.62,60.77934110585099,0.15231562203792623,0.15231562203792623,1098.2222271166745,59.920122887733854,1.017482275681761,1.017482275681761,1163.5519705963345,57.18559852624974,3.7789465231157022,3.7789465231157022,1213.4561784432076,61.267848598958615,4.904075118295008,5.838447048990031,1216.6910394710183
349,60.931,1047.538,0.000888,136186.791,183658.475,167293.62,60.77926499785543,0.15223814279965975,0.15223814279965975,1098.221345919035,59.920070475161694,1.0161239926238486,1.0161239926238486,1163.5463663904327,57.18817636092233,3.7698895479551005,3.7698895479551005,1213.4401543438019,59.733143967214986,5.847949256420269,6.890009826322244,1216.3540995398578
350,59.856,1244.163,0.001346,249259.19199999998,243081.26700000002,155230.85499999998,60.36419373796988,0.2100032526877434,0.2100032526877434,1166.8218520377786,59.92570449248071,0.9416331240509538,0.9416331240509538,1173.990299238184,57.54919001065622,3.3925706134150966,3.3925706134150966,1208.18762179212,49.60082644629677,0.8903334249404129,0.0,1201.0323797647015
351,59.856,1244.163,0.001346,249259.19199999998,243081.26700000002,155230.85499999998,59.79734479433562,0.5382511249059263,0.5382511249059263,1211.016198946592,59.641204816235316,1.0838046467749507,1.0838046467749507,1198.451854269781,57.753725946857514,3.1391266954025623,3.1391266954025623,1211.09640327461,49.38596395282576,1.626276721556863,0.0,1203.8333269056839
352,59.856,1244.163,0.001346,249259.19199999998,243081.26700000002,155230.85499999998,58.96187393034843,1.2143895192972303,1.2143895192972303,1237.9148267071505,58.9322999194943,1.6333275466281993,1.6333275466281993,1224.6264346564183,57.627303005364624,3.181521435144457,3.181521435144457,1221.0827635696778,52.70617939476567,1.9662144270778352,0.0,1214.86423945464
353,59.856,1244.163,0.001346,249259.19199999998,243081.26700000002,155230.85499999998,57.95009083361478,2.1197739493490686,2.1197739493490686,1253.274442400698,57.71683605349745,2.699395903338398,2.699395903338398,1246.4276434008943,57.01705054374089,3.6840102075913688,3.6840102075913688,1234.545055139777,52.23317707865939,2.0234535194994785,0.17122388701579372,1228.6663318336732
354,59.856,1244.163,0.001346,249259.19199999998,243081.26700000002,155230.85499999998,56.94727251799563,3.0515416103189734,3.0515416103189734,1261.6710715308163,56.091425984015586,4.196352740240441,4.196352740240441,1262.044346592228,55.847083532065014,4.7359381750328815,4.7359381750328815,1247.986977546303,50.879588606968504,3.7557477627512696,2.722677905820562,1242.5208090307408
355,59.856,1244.163,0.001346,249259.19199999998,243081.26700000002,155230.85499999998,56.08432158779511,3.867046499290598,3.867046499290598,1266.2085653126849,54.298889024671226,5.8839527921179124,5.8839527921179124,1272.2361518730975,54.18398700294189,6.281705484627878,6.281705484627878,1259.2802483828418,49.78661335911989,6.119129122221562,3.271960836164612,1253.594098024948
356,59.856,1244.163,0.001346,249259.19199999998,243081.26700000002,155230.85499999998,55.40514954486599,4.5145351349462866,4.5145351349462866,1268.7014911800513,52.581328175635335,7.5186453604621315,7.5186453604621315,1278.6301408743625,52.2208390950182,8.13562440774661,8.13562440774661,1267.8179387285413,44.71522377836059,8.061596160618251,5.302767609983655,1262.346809915501
357,59.856,1244.163,0.001346,249259.19199999998,243081.26700000002,155230.85499999998,54.89890481914849,4.999622388502733,4.999622388502733,1270.1186104575916,51.08514291934365,8.950949643810606,8.950949643810606,1282.6641164501912,50.18596447997366,10.073488119323297,10.073488119323297,1273.9446237649852,43.76496106712868,9.464950115657878,6.291576505972068,1267.5395180708474
358,59.856,1244.163,0.001346,249259.19199999998,243081.26700000002,155230.85499999998,54.53376492835642,5.3506337916487965,5.3506337916487965,1270.957648306842,49.85983459908729,10.127894594555825,10.127894594555825,1285.2938030500611,48.26051200520601,11.915781607493734,11.915781607493734,1278.3021723755803,42.15531035299039,11.136209762242665,9.207228883707703,1272.1537803775666
359,59.856,1244.163,0.001346,249259.19199999998,243081.26700000002,155230.85499999998,54.27560687163149,5.599357159690492,5.599357159690492,1271.474137533743,48.89527006577018,11.056353423042053,11.056353423042053,1287.0778040968091,46.55007222626934,13.55687937324492,13.55687937324492,1281.4602479753332,40.420674929514334,11.067001300722849,10.609715278653182,1275.0833677170363
360,59.856,1244.163,0.001346,249259.19199999998,243081.26700000002,155230.85499999998,54.09529969917587,5.773364057638341,5.773364057638341,1271.802552357163,48.15520536801544,11.769763486915885,11.769763486915885,1288.329252259074,45.095641958831024,14.95475509609323,14.95475509609323,1283.8155298401805,40.75182003403512,14.26920887354883,11.346899485931095,1277.2018905331645
361,59.856,1244.163,0.001346,249259.19199999998,243081.26700000002,155230.85499999998,53.97030677021597,5.8941498039125255,5.8941498039125255,1272.016566376085,47.5970599857826,12.308410639724984,12.308410639724984,1289.2268478766464,43.89637862042272,16.108722187930468,16.108722187930468,1285.6165157006524,36.382332929270085,13.945281890666006,11.722433269532514,1279.1438238384926
362,59.856,1244.163,0.001346,249259.19199999998,243081.26700000002,155230.85499999998,53.88405821178726,5.977588899653676,5.977588899653676,1272.1584728091293,47.18113132129929,12.710184361115207,12.710184361115207,1289.8784440102077,42.9293012354919,17.040065032977715,17.040065032977715,1287.0151672775628,34.6419856415705,14.638723658451967,13.337121121855162,1280.0663461766555
363,59.856,1244.163,0.001346,249259.19199999998,243081.26700000002,155230.85499999998,53.82471380471118,6.035057210257981,6.035057210257981,1272.2536763680869,46.87388843756601,13.007217322268408,13.007217322268408,1290.3537859068279,42.16238123056841,17.77915249665105,17.77915249665105,1288.1080882095628,34.72825291343527,15.579129306924415,13.536127047519573,1280.1772446469715
364,59.856,1244.163,0.001346,249259.19199999998,243081.26700000002,155230.85499999998,53.78395298735013,6.074565212272159,6.074565212272159,1272.3180390733542,46.648452096763165,13.225329817978274,13.225329817978274,1290.700760612287,41.562057105429524,18.35803544239826,18.35803544239826,1288.961646510882,33.80749277793292,14.925585312286415,13.873183797173324,1282.8119201232498
365,59.856,1244.163,0.001346,249259.19199999998,243081.26700000002,155230.85499999998,53.75598676156844,6.10169483592973,6.10169483592973,1272.3617658225874,46.48392853101456,13.384624863610206,13.384624863610206,1290.953607634074,41.09705097784975,18.806680558765606,18.806680558765606,1289.625272618966,34.17175631568912,16.820583874982876,13.891218401143947,1282.9788788127992
366,59.856,1244.163,0.001346,249259.19199999998,243081.26700000002,155230.85499999998,53.73681183211691,6.120311101156844,6.120311101156844,1272.391565055243,46.36439405094427,13.500442266104514,13.500442266104514,1291.1373560294323,40.739998158324255,19.151352450890172,19.151352450890172,1290.1379262617245,32.98752821760269,16.595690395823507,14.66788927168465,1283.2746340753001
367,59.856,1244.163,0.001346,249259.19199999998,243081.26700000002,155230.85499999998,53.72367004110678,6.133079828668048,6.133079828668048,1272.4119121776062,46.277876452879916,13.584327039735767,13.584327039735767,1291.2704723831391,40.46787752074048,19.41417266203669,19.41417266203669,1290.531160104944,32.088417879408745,17.585009632359924,15.403641012273349,1283.6510283432958
368,59.856,1244.163,0.001346,249259.19199999998,243081.26700000002,155230.85499999998,53.71466542250175,6.141835323795789,6.141835323795789,1272.425822004209,46.21546342591253,13.644881329283384,13.644881329283384,1291.366605610306,40.26183200562644,19.613277312292364,19.613277312292364,1290.8306802113561,32.58461343954983,16.861861350081405,15.261793196144955,1283.2335041894864
369,59.856,1244.163,0.001346,249259.19199999998,243081.26700000002,155230.85499999998,53.70849650885784,6.1478378783423375,6.1478378783423375,1272.4353381587607,46.17057113445984,13.688465221592251,13.688465221592251,1291.4358231140045,40.10671362225158,19.76324597236854,19.76324597236854,1291.0573126958316,31.493164563300706,17.422299769779094,14.98613270256298,1284.2543681322993
370,59.856,1244.163,0.001346,249259.19199999998,243081.26700000002,155230.85499999998,53.70427068989769,6.151952606410617,6.151952606410617,1272.4418514158176,46.138365782556704,13.719751995262996,13.719751995262996,1291.4855228982003,39.99053555023799,19.875623309227855,19.875623309227855,1291.2277534488674,31.55036295669669,16.882275061037944,14.165121361493572,1284.752216339093
371,59.856,1244.163,0.001346,249259.19199999998,243081.26700000002,155230.85499999998,53.70137609350273,6.154773018787694,6.154773018787694,1272.446310598328,46.11531661951138,13.742157796770723,13.742157796770723,1291.521118164794,39.90392657465587,19.959440497392514,19.959440497392514,1291.3552289945078,32.08627600633229,16.452440141634657,14.733782959418614,1284.3517819843632
372,59.856,1244.163,0.001346,249259.19199999998,243081.26700000002,155230.85499999998,53.69939342575086,6.156706148108291,6.156706148108291,1272.4493640104488,46.0988559618981,13.758168828297023,13.758168828297023,1291.5465529755888,39.83963368455177,20.02169157393016,20.02169157393016,1291.4500967655256,32.87736293922839,17.57691623058179,15.688648482497236,1284.3874392449661
373,59.856,1244.163,0.001346,249259.19199999998,243081.26700000002,155230.85499999998,53.69803541662452,6.158031076575994,6.158031076575994,1272.4514550385588,46.08712361007483,13.769587571889513,13.769587571889513,1291.5646895127106,39.792091182596664,20.067746660358935,20.067746660358935,1291.520381987127,31.625712888578896,17.430998866300513,15.42983958126749,1284.197503222337
374,59.856,1244.163,0.001346,249259.19199999998,243081.26700000002,155230.85499999998,53.697105273200286,6.158939129474796,6.158939129474796,1272.4528870977445,46.07877643765012,13.777716403586236,13.777716403586236,1291.5775972841138,39.757059778974146,20.10169843610616,20.10169843610616,1291.5722445225865,29.991646238871997,17.7665848665798,15.286081534876715,1284.1622670455167
375,59.856,1244.163,0.001346,249259.19199999998,243081.26700000002,155230.85499999998,53.69646819336364,6.159561457751658,6.159561457751658,1272.453867892219,46.072847564947104,13.783493516546615,13.783493516546615,1291.586767744771,39.73133152303578,20.126645662731054,20.126645662731054,1291.6103734873752,31.19584668916647,18.04984204055092,15.075979183895049,1284.5320644573321
376,59.856,1244.163,0.001346,249259.19199999998,243081.26700000002,155230.85499999998,53.69603184249006,6.159987957862886,6.159987957862886,1272.454539637351,46.06864283374851,13.787592928239837,13.787592928239837,1291.59327259501,39.71249296477511,20.144920942148154,20.144920942148154,1291.6383126425014,31.24579095052601,17.036010605708597,15.29087223917042,1284.335204308464
377,59.856,1244.163,0.001346,249259.19199999998,243081.26700000002,155230.85499999998,53.69573297636373,6.1602802458699975,6.1602802458699975,1272.4549997208164,46.06566509453164,13.790497681198117,13.790497681198117,1291.5978798828062,39.69873782030836,20.15827100602741,20.15827100602741,1291.6587232005586,32.015565518397615,17.541338407273024,15.834865632581174,1284.1768652849844
378,59.856,1244.163,0.001346,249259.19199999998,243081.26700000002,155230.85499999998,53.695528276819836,6.160480552692709,6.160480552692709,1272.4553148379189,46.063559080754615,13.792553182600503,13.792553182600503,1291.601138732143,39.688720567303356,20.167997716492064,20.167997716492064,1291.673592475833,31.740416430014353,16.975392337413645,15.620402467074907,1285.04360725831
379,59.856,1244.163,0.001346,249259.19199999998,243081.26700000002,155230.85499999998,53.69538807402365,6.160617822127756,6.160617822127756,1272.4555306666184,46.06207142905893,13.794005918769004,13.794005918769004,1291.603440902582,39.681443181069106,20.175067225165268,20.175067225165268,1291.6843972086415,31.65135548663128,17.94550301902024,16.124346323505808,1284.741791115254
380,59.856,1244.163,0.001346,249259.19199999998,243081.26700000002,155230.85499999998,53.69529204638217,6.160711890936122,6.160711890936122,1272.4556784914762,46.06102178427587,13.795031456765784,13.795031456765784,1291.6050653416332,39.676168267000044,20.180193748619303,20.180193748619303,1291.692229913372,32.0256505412782,18.17210040172515,15.047549685173822,1284.1430964755348
381,59.856,1244.163,0.001346,249259.19199999998,243081.26700000002,155230.85499999998,53.695226275187146,6.160776354066131,6.160776354066131,1272.455779739447,46.06028198034035,13.795754634531034,13.795754634531034,1291.6062103179415,39.672352938635974,20.18390337803983,20.18390337803983,1291.6978956604853,32.99068448475967,17.30119248070676,16.334419743912054,1284.872057224668
382,59.856,1244.163,0.001346,249259.19199999998,243081.26700000002,155230.85499999998,53.69518122722575,6.160820528530891,6.160820528530891,1272.4558490860986,46.05976108158983,13.796264077978313,13.796264077978313,1291.6070165267497,39.66959881979567,20.186582359048366,20.186582359048366,1291.701985592679,30.815337427104893,17.664833289090158,15.781111125788001,1284.5440058511208
383,59.856,1244.163,0.001346,249259.19199999998,243081.26700000002,155230.85499999998,53.69515037300939,6.1608507994457105,6.1608507994457105,1272.4558965829503,46.05939466176002,13.796622612675227,13.796622612675227,1291.607583658958,39.66761446084158,20.188513406174593,20.188513406174593,1291.7049323688955,31.898382957454608,17.312954273489126,15.224424571268118,1284.7864600524765
384,59.856,1244.163,0.001346,249259.19199999998,243081.26700000002,155230.85499999998,53.69512924036301,6.1608715425763325,6.1608715425763325,1272.4559291144603,46.0591371376698,13.79687471396329,13.79687471396329,1291.6079822540605,39.66618723509919,20.18990287349747,20.18990287349747,1291.7070517198435,32.3402519250646,17.360990504303384,15.330772296939044,1285.073826110932
385,49.562,1293.476,0.000872,153298.444,175016.283,255339.94199999998,50.51380092338381,6.972715350065191,6.972715350065191,1277.4205192273264,44.870981060703684,14.68859708872414,14.68859708872414,1287.975699644888,38.458032955767884,21.372763237670103,21.372763237670103,1302.4841666145787,24.95719630524626,16.89211881596512,13.862094228982933,1289.7183968121835
386,49.562,1293.476,0.000872,153298.444,175016.283,255339.94199999998,48.01942411206875,7.643018222483579,7.643018222483579,1280.9118050677264,43.48297511538187,15.371225051037687,15.371225051037687,1287.5836473569439,36.93856004719991,22.75065233643477,22.75065233643477,1307.9677533474185,22.0697618101621,18.756993110899757,15.40602516806496,1296.0919449578155
387,49.562,1293.476,0.000872,153298.444,175016.283,255339.94199999998,46.082814197189855,8.175421559418789,8.175421559418789,1283.4621305656156,41.98179948489811,15.962046961734128,15.962046961734128,1288.6398143405097,35.33030497257113,24.059813086615552,24.059813086615552,1311.633013434514,22.11365425603446,19.961966092437066,15.818818150537359,1298.8709725267072
388,49.562,1293.476,0.000872,153298.444,175016.283,255339.94199999998,44.588247167145276,8.589003837971873,8.589003837971873,1285.3825262905586,40.467326139526016,16.492927218452618,16.492927218452618,1290.326922806696,33.70924241760974,25.230307567111765,25.230307567111765,1314.808210285284,20.249537581481817,21.49461031058179,16.249036252366007,1301.8220023865222
389,49.562,1293.476,0.000872,153298.444,175016.283,255339.94199999998,43.43866531944925,8.906423202375533,8.906423202375533,1286.8575792242113,39.01523900326498,16.97013211845043,16.97013211845043,1292.2463082210086,32.10580259721721,26.26033670363635,26.26033670363635,1317.9324533475365,17.117937440124336,21.995032283918945,17.89615951233079,1305.0012691356471
390,49.562,1293.476,0.000872,153298.444,175016.283,255339.94199999998,42.55588967497882,9.14858444627845,9.14858444627845,1288.0028391542671,37.673177436748446,17.394126203410554,17.394126203410554,1294.1941814941895,30.541316916082707,27.165153629822523,27.165153629822523,1321.1186103270777,15.22505208057215,22.44775383252706,18.372118907992643,1308.5035505583953
391,49.562,1293.476,0.000872,153298.444,175016.283,255339.94199999998,41.87843425667698,9.332882796755246,9.332882796755246,1288.8960779235945,36.46582446947769,17.7657235969697,17.7657235969697,1296.063123703183,29.035665215940806,27.96122069185561,27.96122069185561,1324.3670855344426,13.842803975407609,22.903805635818966,19.34245487472894,1311.2796819692417
392,49.562,1293.476,0.000872,153298.444,175016.283,255339.94199999998,41.35859518260888,9.473080243456971,9.473080243456971,1289.5933461788902,35.40146200486391,18.08739138730147,18.08739138730147,1297.7965816694666,27.606698821813982,28.6626368018346,28.6626368018346,1327.6419958212198,10.672727245687561,23.49504656110182,19.61993955792851,1314.6076324061132
393,49.562,1293.476,0.000872,153298.444,175016.283,255339.94199999998,40.9596321808828,9.579787948376612,9.579787948376612,1290.1370785247727,34.47767062061848,18.362988398669653,18.362988398669653,1299.366891861204,26.268645928859243,29.281040274572835,29.281040274572835,1330.897950438591,11.746456189132516,24.256609340119446,20.496536707799237,1317.1004104408132
394,49.562,1293.476,0.000872,153298.444,175016.283,255339.94199999998,40.653351256806815,9.661085223783894,9.661085223783894,1290.5603161398492,33.685647148309606,18.597163877676625,18.597163877676625,1300.7639455786355,25.031271300908077,29.82618047750868,29.82618047750868,1334.0898508112834,10.44731919162682,25.478646128450677,20.918180184247348,1321.0842401250031
395,49.562,1293.476,0.000872,153298.444,175016.283,255339.94199999998,40.41814907916757,9.723090738363824,9.723090738363824,1290.8891068452544,33.01323525616131,18.794825601081563,18.794825601081563,1301.9887584891226,23.899863218260087,30.30642509792853,30.30642509792853,1337.1768828887903,8.995208490096982,25.01125243295609,20.884524362023242,1323.1029388736263
396,49.562,1293.476,0.000872,153298.444,175016.283,255339.94199999998,40.237478006653674,9.770431747682535,9.770431747682535,1291.1440490792272,32.44693780440926,18.96077226130219,18.96077226130219,1303.0494131969047,22.87574565828015,30.729095149412295,30.729095149412295,1340.1243706082232,8.357825818586777,25.660864736905133,21.792105283524357,1326.7511269926108
397,49.562,1293.476,0.000872,153298.444,175016.283,255339.94199999998,40.0986599814761,9.806609771386494,9.806609771386494,1291.3414070627489,31.97318537109197,19.09947646894457,19.09947646894457,1303.9582754006192,21.95702931614607,31.10066928430211,31.10066928430211,1342.9046535584662,6.899727564602749,25.703081271600244,22.063662332847464,1328.717910969501
398,49.562,1293.476,0.000872,153298.444,175016.283,255339.94199999998,39.99197700029311,9.834278540395282,9.834278540395282,1291.4939791298743,31.57908745510039,19.21497781430782,19.21497781430782,1304.7300028436398,21.139409515432103,31.426911467271328,31.426911467271328,1345.4973668334717,5.8332100780625264,25.79485282419846,21.650795784568178,1332.499629469027
399,49.562,1293.476,0.000872,153298.444,175016.283,255339.94199999998,39.90997594732846,9.85545296011876,9.85545296011876,1291.6117976359892,31.25283670415665,19.31084741555811,19.31084741555811,1305.3801191407053,20.416903637294975,31.71295918669429,31.71295918669429,1347.8892767060274,5.9575802114729095,26.202085380541373,21.441269392575176,1334.2561544277537
400,49.562,1293.476,0.000872,153298.444,175016.283,255339.94199999998,39.84693775406749,9.871665661994724,9.871665661994724,1291.7026982924338,30.9838878444429,19.39019496601262,19.39019496601262,1305.9240214220856,19.782478931697966,31.963392695810477,31.963392695810477,1350.0737722329516,4.189459677028116,27.539520659480754,23.701582454444655,1336.020649517987
401,49.562,1293.476,0.000872,153298.444,175016.283,255339.94199999998,39.79847193330081,9.884084334882058,9.884084334882058,1291.7727819185473,30.762995425437484,19.455698781846117,19.455698781846117,1306.3763269960257,19.22855690135453,32.182294826578605,32.182294826578605,1352.050105165772,3.4594373187964966,27.205395681689343,22.72213973386508,1339.1386197168808
402,49.562,1293.476,0.000872,153298.444,175016.283,255339.94199999998,39.76120663265033,9.893599860104631,9.893599860104631,1291.826786180812,30.582167166611825,19.50964661750709,19.50964661750709,1306.7504804580888,18.74739972084615,32.37330496326827,32.37330496326827,1353.822469899661,3.31223622578293,26.575646501012557,23.949004900289818,1339.4138283030525
403,49.562,1293.476,0.000872,153298.444,175016.283,255339.94199999998,39.73255148003645,9.900892711354844,9.900892711354844,1291.86838242177,30.434570478193866,19.553979981429656,19.553979981429656,1307.0585541030405,18.331393232653028,32.53966805063334,32.53966805063334,1355.3990103744732,3.322976281102716,26.628736872500525,23.815741720469404,1341.5270973532279
404,49.562,1293.476,0.000872,153298.444,175016.283,255339.94199999998,39.71051595658771,9.906483131644539,9.906483131644539,1291.9004108973777,30.314416501648946,19.59033786118797,19.59033786118797,1307.3111855286102,17.973244124139327,32.68427860138857,32.68427860138857,1356.7908297654672,2.210006803692916,27.445152811551917,23.808970932143023,1343.5939354943644
405,49.562,1293.476,0.000872,153298.444,175016.283,255339.94199999998,39.69357017998402,9.910769157161129,9.910769157161129,1291.9250660182458,30.216837042316044,19.620097711445982,19.620097711445982,1307.5176073651369,17.666108674356547,32.809719608327114,32.809719608327114,1358.011062861552,2.5817173978362287,26.94173133164562,23.60616594745126,1344.138168431487
406,49.562,1293.476,0.000872,153298.444,175016.283,255339.94199999998,39.68053811991243,9.914055501682194,9.914055501682194,1291.944041465995,30.13776374978386,19.644412708624923,19.644412708624923,1307.6857344654597,17.4036686637062,32.91829650659933,32.91829650659933,1359.0740528358224,2.280701582695854,27.193768377580337,24.188960561589656,1345.314230377993
407,49.562,1293.476,0.000872,153298.444,175016.283,255339.94199999998,39.670515642656156,9.916575542994936,9.916575542994936,1291.9586434080413,30.073814914045446,19.664244936979202,19.664244936979202,1307.822283019858,17.180167654718645,33.012066593756614,33.012066593756614,1359.9946562903701,1.0845275603407973,27.224930079564118,23.374026931968032,1345.905856363188
408,49.562,1293.476,0.000872,153298.444,175016.283,255339.94199999998,39.66280758224455,9.918508086483754,9.918508086483754,1291.9698785382996,30.02219264035363,19.680394537718236,19.680394537718236,1307.9329036047545,16.990418417019704,33.09286448852101,33.09286448852101,1360.7876849896754,0.8243806276336679,28.267518703559194,24.031976303213757,1347.6587520950266
409,49.562,1293.476,0.000872,153298.444,175016.283,255339.94199999998,39.6568794030744,9.919990163617653,9.919990163617653,1291.9785223690333,29.980591497177198,19.693525046882574,19.693525046882574,1308.0223160988953,16.82979004571107,33.16232427366404,33.16232427366404,1361.4674806964358,0.0,28.196673153937294,24.34123237916576,1347.309571654831
410,49.562,1293.476,0.000872,153298.444,175016.283,255339.94199999998,39.65232005980515,9.92112681354516,9.92112681354516,1291.9851721004673,29.947118694195414,19.70418524141024,19.70418524141024,1308.0944388561381,16.694181411977926,33.221898944519346,33.221898944519346,1362.0476112904073,1.832988700580444,27.76146333307929,24.406160961202218,1348.3784280768932
411,49.562,1293.476,0.000872,153298.444,175016.283,255339.94199999998,39.648813454191306,9.921998565164177,9.921998565164177,1291.9902874892628,29.920225231932815,19.71282784894575,19.71282784894575,1308.1525077443507,16.579986004273945,33.27287770529037,33.27287770529037,1362.5406715881888,1.5673803442965977,28.260898063388318,23.7777329310533,1348.5413614684246
412,49.562,1293.476,0.000872,153298.444,175016.283,255339.94199999998,39.64611649500248,9.922667163971024,9.922667163971024,1291.9942224033643,29.898647128668095,19.719825480402847,19.719825480402847,1308.1991828987877,16.484051943240953,33.316401550925605,33.316401550925605,1362.9581703518108,1.516453483142706,27.52228278758655,24.600076441146015,1349.2173353699216
413,49.562,1293.476,0.000872,153298.444,175016.283,255339.94199999998,39.64404223117569,9.923179957656679,9.923179957656679,1291.997249163938,29.881355676212713,19.72548412964262,19.72548412964262,1308.2366425303455,16.40363994276547,33.35347746551586,33.35347746551586,1363.310485117412,1.6495072407294842,26.52619613059483,24.60560987511706,1349.8213163921387
414,49.562,1293.476,0.000872,153298.444,175016.283,255339.94199999998,39.64244688373207,9.923573255886891,9.923573255886891,1291.9995773102387,29.867515637714856,19.730054560403417,19.730054560403417,1308.2666640733216,16.336381199371907,33.38499147285904,33.38499147285904,1363.6068679659377,1.1652137309006032,27.60849818757303,24.86767298732712,1349.7713423253826
415,49.562,1293.476,0.000872,153298.444,175016.283,255339.94199999998,39.64121987444243,9.92387490498335,9.92387490498335,1292.0013680575378,29.856450332878733,19.733741871870667,19.733741871870667,1308.2906935127542,16.28023658170267,33.41172069775077,33.41172069775077,1363.8554875882678,1.5591510034501987,28.24941424108811,23.23476092101621,1350.1430425197525
416,49.562,1293.476,0.000872,153298.444,175016.283,255339.94199999998,39.640276158248234,9.924106261419245,9.924106261419245,1292.0027454321173,29.84761262874157,19.73671350402634,19.73671350402634,1308.3099040199509,16.23345802574997,33.4343445392754,33.4343445392754,1364.0634955102726,0.7133980362278529,27.72390508298298,24.06079479512763,1350.5898463699134
417,49.562,1293.476,0.000872,153298.444,175016.283,255339.94199999998,39.63955032689617,9.924283704771725,9.924283704771725,1292.0038048443744,29.840560947454357,19.739105913988748,19.739105913988748,1308.325245136543,16.19455269021011,33.45345501833701,33.45345501833701,1364.2371068278446,0.06955060464472351,28.60903377900254,24.29397774447866,1350.6637807222105
418,49.562,1293.476,0.000872,153298.444,175016.283,255339.94199999998,39.63899207446491,9.924419797760947,9.924419797760947,1292.0046196878816,29.83493950342562,19.741030126025688,19.741030126025688,1308.3374837471185,16.162250165615735,33.46956633775076,33.46956633775076,1364.3816880699264,1.6033175016224648,28.426020131986707,24.360488372399654,1350.446399793822
419,49.562,1293.476,0.000872,153298.444,175016.283,255339.94199999998,39.638562710125186,9.92452417578688,9.92452417578688,1292.0052464180042,29.830462082585058,19.742576331416625,19.742576331416625,1308.3472380134806,16.135472841161853,33.483123680792175,33.483123680792175,1364.5018467642171,0.9670211139916166,28.160602392570066,23.993521559858078,1350.5946384639622
420,99.368,1088.111,0.000873,253348.134,236549.638,136036.303,51.51168284115965,9.52705464940454,9.52705464940454,1259.5854432496042,31.093850920438232,19.91411179173745,19.91411179173745,1312.6503206771793,16.9116664643969,32.81882921736012,32.81882921736012,1341.301293717415,24.797497812864563,31.374497202518214,36.56856305330795,1349.7592905595172
421,99.368,1088.111,0.000873,253348.134,236549.638,136036.303,61.2007796089218,8.669480657010093,8.669480657010093,1235.4958762023364,34.38598954138314,20.03924936428225,20.03924936428225,1307.0112575428357,18.46168213940196,31.947030459235886,31.947030459235886,1332.29966022563,26.341065619499098,30.35021271063355,35.91288487728201,1341.0279661712777
422,99.368,1088.111,0.000873,253348.134,236549.638,136036.303,69.00543707906027,7.66145696554552,7.66145696554552,1216.874266759538,38.97775720806101,19.857414681249537,19.857414681249537,1297.3373208182848,20.644110562796385,31.20841518846104,31.20841518846104,1324.8685446078005,27.52036887029417,31.31179815814278,35.11995277145222,1334.3553280501812
423,99.368,1088.111,0.000873,253348.134,236549.638,136036.303,75.23775597744547,6.659745732041534,6.659745732041534,1202.2179590566625,44.265578032890815,19.333321355749753,19.333321355749753,1286.331867672234,23.482988283456226,30.548911140558793,30.548911140558793,1316.9108847685684,31.210032958916162,30.563248923454047,34.15559903711798,1326.5767085320592
424,99.368,1088.111,0.000873,253348.134,236549.638,136036.303,80.18485036655751,5.738064133267033,5.738064133267033,1190.5830997888238,49.80143148002087,18.517830892803488,18.517830892803488,1275.2649420152256,26.929378300582915,29.87794925840863,29.87794925840863,1308.3547942697246,34.02131547160577,29.48010920161827,34.116678802029206,1317.9001738059533
425,99.368,1088.111,0.000873,253348.134,236549.638,136036.303,84.09535626299677,4.925467537387216,4.925467537387216,1181.309133162529,55.272672297149946,17.490667098255138,17.490667098255138,1264.736621026042,30.8733529983268,29.127569207260628,29.127569207260628,1299.540035184252,38.55859167077183,29.362903404097587,33.249791191397,1308.568917873323
426,99.368,1088.111,0.000873,253348.134,236549.638,136036.303,87.17730421805034,4.227633345157962,4.227633345157962,1173.903835327687,60.47375636624669,16.334090654381733,16.334090654381733,1255.0197422256163,35.17483042392145,28.26133530102745,28.26133530102745,1290.80180014901,43.85819128472744,29.497884434990954,32.30201506280987,1300.594526631256
427,99.368,1088.111,0.000873,253348.134,236549.638,136036.303,89.6010852080914,3.6386376514655425,3.6386376514655425,1167.9872918391957,65.28050899960499,15.120472722353597,15.120472722353597,1246.2217685172184,39.687565588333875,27.270438806828572,27.270438806828572,1282.379251358807,49.06275672961016,27.984503137092325,32.32418986108698,1291.8018236909927
428,99.368,1088.111,0.000873,253348.134,236549.638,136036.303,91.50433871169324,3.1474128589891768,3.1474128589891768,1163.2605736151972,69.62859098578924,13.907434316290242,13.907434316290242,1238.3634570909371,44.27469239001159,26.166317968865094,26.166317968865094,1274.419841570931,53.96030856073843,27.59157243934607,32.036213493360606,1284.9670746352285
429,99.368,1088.111,0.000873,253348.134,236549.638,136036.303,92.99721027540484,2.7412216196787216,2.7412216196787216,1159.4860344721994,73.49609643591735,12.73722228709308,12.73722228709308,1231.4184907891488,48.81756580109508,24.973076651523982,24.973076651523982,1267.0043856756745,59.588910429067326,27.413024157374405,30.516676541010263,1277.2723764795935
430,99.368,1088.111,0.000873,253348.134,236549.638,136036.303,94.16727078457888,2.4074572269621064,2.4074572269621064,1156.473735471656,76.88989106559887,11.638258196488941,11.638258196488941,1225.3345701029625,53.2197825418003,23.72103117433697,23.72103117433697,1260.1698744223454,64.9393957697504,25.847880023334834,30.62124438912282,1272.0063844953704
431,99.368,1088.111,0.000873,253348.134,236549.638,136036.303,95.08382173923496,2.1345097117877896,2.1345097117877896,1154.0714777574965,79.8352013279179,10.627581667114692,10.627581667114692,1220.0454553212464,57.407927164162594,22.44182816387149,22.44182816387149,1253.925486119357,69.97921015004623,26.19167374657525,29.487726756187172,1265.0104942513897
432,99.368,1088.111,0.000873,253348.134,236549.638,136036.303,95.80152402013098,1.912116902215682,1.912116902215682,1152.1571814316649,82.36792653020947,9.71344887676333,9.71344887676333,1215.4783476207585,61.33024011191847,21.16512402631159,21.16512402631159,1248.262773928651,74.55034672573098,26.142763242337857,28.335000627731116,1260.142256620763
433,99.368,1088.111,0.000873,253348.134,236549.638,136036.303,96.36338625807399,1.731438880100861,1.731438880100861,1150.6329138690635,84.52915172766158,8.897705086284427,8.897705086284427,1211.5586646335746,64.95409922767458,19.91660220713108,19.91660220713108,1243.1619430853314,79.75779673866062,23.975497040095686,27.40852185497006,1255.9363109533224
434,99.368,1088.111,0.000873,253348.134,236549.638,136036.303,96.80318869936622,1.5849912297197735,1.5849912297197735,1149.4201438988098,86.36138035818708,8.177772390680719,8.177772390680719,1208.2132101239772,68.26295316638019,18.717028762737797,18.717028762737797,1238.595770625657,82.8494380112186,23.42496916206568,27.81181523998442,1251.9671741852032
435,99.368,1088.111,0.000873,253348.134,236549.638,136036.303,97.1474289093713,1.466513340863165,1.466513340863165,1148.4559405710443,87.90606888315507,7.548220597128373,7.548220597128373,1205.3722617838578,71.25314194647618,17.58204850308799,17.58204850308799,1234.5321790511584,85.7436551081409,22.802556884934948,27.14860525606007,1247.3016017778405
436,99.368,1088.111,0.000873,253348.134,236549.638,136036.303,97.41687227844429,1.370813940627506,1.370813940627506,1147.6899160529583,89.20211770743066,7.001953545180943,7.001953545180943,1202.9708845953696,73.93088188652324,16.522463894271155,16.522463894271155,1230.9360527583563,88.28376339013087,23.022946704788882,26.261970581658346,1244.1707900415345
437,99.368,1088.111,0.000873,253348.134,236549.638,136036.303,97.62778112277996,1.2936163664177716,1.2936163664177716,1147.0817623702844,90.28504332896046,6.5310699436522635,6.5310699436522635,1200.9496740095478,76.30957384621146,15.544792893716995,15.544792893716995,1227.7706134562268,94.2218870176035,22.99206366799274,25.727954266282055,1242.0230745457943
438,99.368,1088.111,0.000873,253348.134,236549.638,136036.303,97.79288526659853,1.2314148089642856,1.2314148089642856,1146.5992654963745,91.18662003646806,6.127463604420596,6.127463604420596,1199.255078649539,78.40750886532116,14.651956074384346,14.651956074384346,1224.9985127164946,95.45474605399029,21.259459412423393,25.60157624507005,1238.8183976883479
439,99.368,1088.111,0.000873,253348.134,236549.638,136036.303,97.922146307045,1.1813463621611595,1.1813463621611595,1146.2167045903523,91.93483288771742,5.783223302560911,5.783223302560911,1197.8394185097586,80.24598768253074,13.843990781255219,13.843990781255219,1222.5827159308074,97.46274350700263,21.27065898134057,23.8013902443751,1236.796931087243
440,99.368,1088.111,0.000873,253348.134,236549.638,136036.303,98.0233581516875,1.1410801857423154,1.1410801857423154,1145.913562517388,92.55402673912009,5.490883539395579,5.490883539395579,1196.6606902095443,81.84783419392024,13.118727994406704,13.118727994406704,1220.4872118511742,100.87215300358277,19.922420981042357,23.808500933855473,1235.570153399095
441,99.368,1088.111,0.000873,253348.134,236549.638,136036.303,98.10261816654501,1.1087232246218075,1.1087232246218075,1145.673488061443,93.06516959081617,5.243567574596354,5.243567574596354,1195.6822313126825,83.23626225450809,12.472395913910905,12.472395913910905,1218.6775656225798,101.63077354316601,19.784134832237083,23.385277625599247,1233.385895108171
442,99.368,1088.111,0.000873,253348.134,236549.638,136036.303,98.1646963869311,1.0827410306470622,1.0827410306470622,1145.4834615854004,93.48617385067902,5.035054864708692,5.035054864708692,1194.8722994193113,84.43404572623305,11.900134181914648,11.900134181914648,1217.121328713328,102.40291227858124,19.749286107001584,23.213873636754546,1232.4284703343376
443,99.368,1088.111,0.000873,253348.134,236549.638,136036.303,98.21332460428043,1.0618918813727773,1.0618918813727773,1145.3331250164897,93.83223783112503,4.859797164680302,4.859797164680302,1194.203608087541,85.46293962287383,11.396415755745354,11.396415755745354,1215.7883195768554,105.04186925942331,19.72932563602333,22.441323472519457,1231.1737175237572
444,99.368,1088.111,0.000873,253348.134,236549.638,136036.303,98.25142258294122,1.0451723396159345,1.0451723396159345,1145.2142444216076,94.1161833042555,4.7129011643253245,4.7129011643253245,1193.6528503735365,86.34330276041108,10.955381413082522,10.955381413082522,1214.6507906558234,105.75327191487986,19.681364285544024,22.343980396280276,1229.7110932804978
445,99.368,1088.111,0.000873,253348.134,236549.638,136036.303,98.28127500849254,1.0317725021507445,1.0317725021507445,1145.1202794395408,94.34877448698191,4.590090541206731,4.590090541206731,1193.2002316676596,87.09387742872343,10.571096177726874,10.571096177726874,1213.6834987960476,106.17756643909007,18.502776656833333,22.80194411615064,1229.59249830437
446,99.368,1088.111,0.000873,253348.134,236549.638,136036.303,98.3046698626535,1.021039362031319,1.021039362031319,1145.0460387223352,94.53901041728118,4.487656512833088,4.487656512833088,1192.8290263089848,87.73168783545785,10.237738789706485,10.237738789706485,1212.863696668665,108.27425714928273,19.251314482974934,21.91563342973597,1227.8948543927106
447,99.368,1088.111,0.000873,253348.134,236549.638,136036.303,98.32300661840493,1.0124469092205526,1.0124469092205526,1144.9874045153242,94.69438711125963,4.402403140067902,4.402403140067902,1192.5251669192046,88.27202551187767,9.949735605650192,9.949735605650192,1212.1710623441825,107.97489680518622,18.79857715370682,21.68111982160618,1228.5225980272921
448,99.368,1088.111,0.000873,253348.134,236549.638,136036.303,98.33738083336827,1.00557179268008,1.00557179268008,1144.9411127418614,94.82112876882024,4.331591561455431,4.331591561455431,1192.2768712436723,88.72849595833479,9.701849651173244,9.701849651173244,1211.5875829063248,108.10409660811194,18.89780003637666,22.337823868090048,1227.4228279820145
449,99.368,1088.111,0.000873,253348.134,236549.638,136036.303,98.34865029121974,1.0000735508404757,1.0000735508404757,1144.9045775900074,94.92438908185116,4.272885846338009,4.272885846338009,1192.0743082686429,89.11310624788256,9.489234399889197,9.489234399889197,1211.0974061989725,109.74577247773401,18.751912719734047,21.421716720971244,1226.999160562313
450,99.368,1088.111,0.000873,253348.134,236549.638,136036.303,98.35748671971753,0.9956785808190863,0.9956785808190863,1144.875751734725,95.0084247309046,4.224302098238508,4.224302098238508,1191.9093032699507,89.43637797790453,9.307460513182674,9.307460513182674,1210.6866727207762,110.6349348519363,18.008913329737222,21.553064965657462,1226.7969700731014
451,99.368,1088.111,0.000873,253348.134,236549.638,136036.303,98.36441623516221,0.99216715843435,0.99216715843435,1144.8530150611214,95.07674367934389,4.184161705192333,4.184161705192333,1191.775080039206,89.70747384805225,9.152522419677343,9.152522419677343,1210.3433375293735,110.57155687302003,18.317845418527522,21.230977810603996,1226.4222259576463
452,99.368,1088.111,0.000873,253348.134,236549.638,136036.303,98.36985097518361,0.989362941748616,0.989362941748616,1144.8350861561776,95.1322310628196,4.151049133286535,4.151049133286535,1191.6660376602204,89.93432929818414,9.020830345329951,9.020830345329951,1210.0569899451143,110.63609265189494,18.314766853822654,21.527052695507518,1226.0244056003662
453,99.368,1088.111,0.000873,253348.134,236549.638,136036.303,98.37411384366929,0.9871244924048214,0.9871244924048214,1144.8209519693287,95.17725544959058,4.123774327915887,4.123774327915887,1191.5775587319688,90.12378314449944,8.909192275330044,8.909192275330044,1209.8186769542765,109.82373071815766,18.464742168642893,21.960633003690276,1225.6049609337324
454,99.368,1088.111,0.000873,253348.134,236549.638,136036.303,98.37745787103435,0.9853384336791584,0.9853384336791584,1144.809811956268,95.21375809853576,4.1013395754442845,4.1013395754442845,1191.505845743629,90.28170309983139,8.814789356316137,8.814789356316137,1209.6207345608173,109.10865056397654,17.532091086128933,21.58012264229428,1225.4973801211381
455,55.427,1315.311,0.001136,185654.248,220806.24800000002,212271.982,85.49611064429699,1.1780778228684032,1.1780778228684032,1202.688949946264,93.38171952173957,3.9075859295387283,3.9075859295387283,1196.802694516309,90.50427685157517,8.432594543666296,8.432594543666296,1212.8472652619314,80.16422811087773,6.443083667341452,2.589958143329367,1201.3952058010284
456,55.427,1315.311,0.001136,185654.248,220806.24800000002,212271.982,75.59661294836673,2.053423145730554,2.053423145730554,1241.6477589714955,88.64635993333856,4.1267690891624005,4.1267690891624005,1213.8556946810304,89.55036018024131,8.2579282519062,8.2579282519062,1218.3606658666783,78.7468835141468,6.795475170261945,2.6308030278727803,1206.0505928568025
457,55.427,1315.311,0.001136,185654.248,220806.24800000002,212271.982,67.70522400086298,3.526824628024174,3.526824628024174,1265.7570547560874,82.34509140448783,5.0288779735057005,5.0288779735057005,1233.750977250092,87.06644429885273,8.471867980766778,8.471867980766778,1227.227510582206,76.2872257547185,7.1538183553745665,3.207717735294349,1215.285863143916
458,55.427,1315.311,0.001136,185654.248,220806.24800000002,212271.982,61.46886323452047,5.198705385526802,5.198705385526802,1279.655373123103,75.3434089809747,6.635097332587834,6.635097332587834,1251.5331639073104,83.09453974053638,9.255658777622335,9.255658777622335,1238.1787550090596,72.22789117734563,7.570824359954638,3.6706268413585414,1226.634287264175
459,55.427,1315.311,0.001136,185654.248,220806.24800000002,212271.982,56.71688091426623,6.7044243149539176,6.7044243149539176,1287.5348618930022,68.33225537886585,8.702665041322847,8.702665041322847,1265.4334997556375,77.91943863562223,10.667113578441379,10.667113578441379,1249.4557354156998,65.32047043952718,9.655758839978573,4.088575241989635,1237.6390226569397
460,55.427,1315.311,0.001136,185654.248,220806.24800000002,212271.982,53.22068139643866,7.891877604905516,7.891877604905516,1292.1827902220168,61.84798469852119,10.88423119136985,10.88423119136985,1275.6887105507567,71.98183978397903,12.595715373564659,12.595715373564659,1259.8181734055588,59.508102975250914,9.456261593533059,5.694629337256797,1247.1772279767968
461,55.427,1315.311,0.001136,185654.248,220806.24800000002,212271.982,50.70768137914722,8.762894670415148,8.762894670415148,1295.1103397747015,56.207129270606195,12.905410537672623,12.905410537672623,1283.2607012496715,65.77083022970585,14.817289784728517,14.817289784728517,1268.800482525668,51.46695478389631,12.774070670581855,8.027102640007586,1256.5740718085135
462,55.427,1315.311,0.001136,185654.248,220806.24800000002,212271.982,48.92476392464396,9.378031975940097,9.378031975940097,1297.0660984168185,51.51225614963192,14.627986481199262,14.627986481199262,1289.0484864343437,59.71244045680853,17.093245566356188,17.093245566356188,1276.4840794996137,45.135597265221094,14.177234919919353,9.446365795151939,1263.420421255754
463,55.427,1315.311,0.001136,185654.248,220806.24800000002,212271.982,47.6679938059709,9.804275520102772,9.804275520102772,1298.4231766055016,47.72150063668124,16.0217974337903,16.0217974337903,1293.6487136097708,54.10489304121871,19.24207353127862,19.24207353127862,1283.1587548667478,38.85072824618326,15.287262399002788,10.912975626667524,1270.154126830961
464,55.427,1315.311,0.001136,185654.248,220806.24800000002,212271.982,46.784614327710536,10.09698355085529,10.09698355085529,1299.382831596261,44.7224780214513,17.11480954204732,17.11480954204732,1297.3977780343084,49.112178958311645,21.159675699582092,21.159675699582092,1289.0976878939343,34.050306026783765,17.02855788315281,12.8013333536945,1275.8377599099076
465,55.427,1315.311,0.001136,185654.248,220806.24800000002,212271.982,46.16430244159197,10.297209229489525,10.297209229489525,1300.0661981755243,42.3822592537174,17.956306103258378,17.956306103258378,1300.4774452798772,44.7920983981715,22.80636403443801,22.80636403443801,1294.4757729616313,28.793241253937,17.59687553973955,13.920907568823544,1279.9697352862427
466,55.427,1315.311,0.001136,185654.248,220806.24800000002,212271.982,45.728773053465574,10.433972827491585,10.433972827491585,1300.5532766148508,40.57352287802058,18.597330168785938,18.597330168785938,1302.996519813744,41.13244339629576,24.184093124886047,24.184093124886047,1299.3740554321814,24.482250170135956,19.757635975636447,15.697738453002508,1285.131033451028
467,55.427,1315.311,0.001136,185654.248,220806.24800000002,212271.982,45.42291528760449,10.527348022493811,10.527348022493811,1300.8999097371025,39.185291086188634,19.082669583366545,19.082669583366545,1305.0355401322136,38.08149610619647,25.316765756116915,25.316765756116915,1303.8141560684594,22.69179398398919,20.054671350108343,15.977429600490165,1289.9493363851007
468,55.427,1315.311,0.001136,185654.248,220806.24800000002,212271.982,45.208053564361435,10.591091898877623,10.591091898877623,1301.1460381354416,38.12552803373209,19.44879359199412,19.44879359199412,1306.6653236050947,35.56934181035828,26.237024519873646,26.237024519873646,1307.7923769105312,20.02435429750225,20.552752030503658,16.90432193870481,1292.9703605549528
469,55.427,1315.311,0.001136,185654.248,220806.24800000002,212271.982,45.05706911149933,10.634601166612464,10.634601166612464,1301.3204218024991,37.32006222600172,19.724314982393494,19.724314982393494,1307.9519076024296,33.521149890594025,26.978694810094563,26.978694810094563,1311.3030968348594,16.025947965563912,21.99644293090747,18.745746626545092,1297.6171905725892
470,55.427,1315.311,0.001136,185654.248,220806.24800000002,212271.982,44.950943950327385,10.664289853481673,10.664289853481673,1301.4437473188611,36.71016544139046,19.931265145965764,19.931265145965764,1308.9562026725473,31.864703445107498,27.573056227573,27.573056227573,1314.3509058568893,15.434300435372622,22.7085186799262,17.519534862612996,1299.2495863195454
471,55.427,1315.311,0.001136,185654.248,220806.24800000002,212271.982,44.87633454290225,10.684537553160844,10.684537553160844,1301.5308385149578,36.24987844812868,20.08644957519424,20.08644957519424,1309.7325467512112,30.534206659402795,28.047374894698603,28.047374894698603,1316.9543533963902,14.57350554233087,23.107827010657914,18.7883812316563,1302.4598283416553
472,55.427,1315.311,0.001136,185654.248,220806.24800000002,212271.982,44.823873568618986,10.698336418862885,10.698336418862885,1301.5922745034616,35.90353530869736,20.202627378214007,20.202627378214007,1310.3277475840732,29.47183639562355,28.424635162025215,28.424635162025215,1319.1446376436609,14.63979816539175,22.680171890225967,18.87047606208769,1304.515981244433
473,55.427,1315.311,0.001136,185654.248,220806.24800000002,212271.982,44.78698183557708,10.707731616164393,10.707731616164393,1301.6355779810383,35.64363710496638,20.289460914008327,20.289460914008327,1310.7809230102687,28.628002515242315,28.723834385214225,28.723834385214225,1320.9619301868372,11.086598825389785,23.185919521470186,19.042497876020306,1306.4343114106516
474,55.427,1315.311,0.001136,185654.248,220806.24800000002,212271.982,44.761036570378245,10.714121313768292,10.714121313768292,1301.6660828680135,35.44909477327911,20.35425491989248,20.35425491989248,1311.1239692886725,27.960917963391385,28.96049155920905,28.96049155920905,1322.4511524813565,11.7274183739093,23.181839577192267,19.8431408767769,1308.0059593619396
475,55.427,1315.311,0.001136,185654.248,220806.24800000002,212271.982,44.74278865117471,10.718461290983392,10.718461290983392,1301.6875628508008,35.30380919122338,20.402523518629927,20.402523518629927,1311.3823902418483,27.43583897961964,29.14719438236186,29.14719438236186,1323.6582321128483,10.341557055613663,23.2306633801559,19.335740813651743,1309.3237606380515
476,55.427,1315.311,0.001136,185654.248,220806.24800000002,212271.982,44.72995390449734,10.721404693448198,10.721404693448198,1301.7026834272629,35.195540428542124,20.438422722443963,20.438422722443963,1311.5762651899702,27.024184078903392,29.294106641559882,29.294106641559882,1324.627279797987,11.07327400475272,23.763491748928914,20.000782427841155,1309.9446375364014
477,55.427,1315.311,0.001136,185654.248,220806.24800000002,212271.982,44.72092625748817,10.723397605166351,10.723397605166351,1301.7133251094474,35.11501670695508,20.46507969373966,20.46507969373966,1311.7212098467655,26.702647803942472,29.409408384491986,29.409408384491986,1325.3987539266275,11.040912419436053,23.757477261746857,19.951225870268903,1310.62681690523
478,55.427,1315.311,0.001136,185654.248,220806.24800000002,212271.982,44.71457629325944,10.724744457628761,10.724744457628761,1301.7208134688744,35.05523801966286,20.48484322651139,20.48484322651139,1311.8292501211627,26.452369996976103,29.49966533596765,29.49966533596765,1326.0084814668303,10.40007183014634,23.628671864620934,20.748355493434158,1311.167721579012
479,55.427,1315.311,0.001136,185654.248,220806.24800000002,212271.982,44.71010971789208,10.725652814198854,10.725652814198854,1301.726082329826,35.010935601967496,20.499474179857906,20.499474179857906,1311.909574501131,26.258189017260282,29.570133900666633,29.570133900666633,1326.4873290570526,9.373046605236794,24.020577963405817,20.412171491899414,1312.1947373111514
480,55.427,1315.311,0.001136,185654.248,220806.24800000002,212271.982,44.70696788725568,10.726264035566338,10.726264035566338,1301.7297892571985,34.97815484869078,20.510290122316196,20.510290122316196,1311.969158525996,26.10798878362023,29.625011075182677,29.625011075182677,1326.8613159634083,8.387363716028208,24.508696850699984,19.283920583668912,1312.9318296759045
481,55.427,1315.311,0.001136,185654.248,220806.24800000002,212271.982,44.70475787745107,10.726674273171216,10.726674273171216,1301.7323971416495,34.95393516345145,20.518275046759513,20.518275046759513,1312.01326979589,25.992139154558767,29.667638546874382,29.667638546874382,1327.1519933753752,8.708396695928853,24.55311488667437,20.117056400916525,1311.9237886116837
482,55.427,1315.311,0.001136,185654.248,220806.24800000002,212271.982,44.703203315710695,10.726948834869413,10.726948834869413,1301.734231762623,34.93606535982759,20.524162446027812,20.524162446027812,1312.0458686606526,25.903023628365816,29.700669120796846,29.700669120796846,1327.3769580738388,9.044072833560081,24.133711552144707,19.56267503454301,1312.5468722240432
483,55.427,1315.311,0.001136,185654.248,220806.24800000002,212271.982,44.70210980409429,10.727132008995202,10.727132008995202,1301.7355223663417,34.92289757245806,20.528498090774132,20.528498090774132,1312.0699216008627,25.834645675760076,29.72620226287928,29.72620226287928,1327.5504098520282,9.064368397642598,23.89664101724079,20.501380879092313,1312.9359325857445
484,55.427,1315.311,0.001136,185654.248,220806.24800000002,212271.982,44.70134060282973,10.72725377719766,10.72725377719766,1301.7364302525277,34.913206222914184,20.53168736525003,20.53168736525003,1312.0876436221556,25.782304036367677,29.745894315136646,29.745894315136646,1327.6836957590415,7.645570780285324,24.57398938486994,19.665676061709668,1313.3788522068799
485,55.427,1315.311,0.001136,185654.248,220806.24800000002,212271.982,44.70079952791884,10.727334396975996,10.727334396975996,1301.7370689044578,34.90608150329773,20.534030878571908,20.534030878571908,1312.100684114039,25.74232731491098,29.761047917739234,29.761047917739234,1327.7858091453431,8.665827922070124,24.616138648551015,19.958590888316674,1313.5312509501114
486,55.427,1315.311,0.001136,185654.248,220806.24800000002,212271.982,44.70041892213858,10.727387526540548,10.727387526540548,1301.7375181596005,34.900849184189205,20.535751194429544,20.535751194429544,1312.1102683671656,25.711858773872386,29.77268435505239,29.77268435505239,1327.8638285664317,9.05514074095046,23.695958055182178,19.9822606461176,1313.5066118451878
487,55.427,1315.311,0.001136,185654.248,220806.24800000002,212271.982,44.70015119415447,10.727422353066375,10.727422353066375,1301.7378341828792,34.897010415751566,20.53701284934198,20.53701284934198,1312.1173047167536,25.688683069711956,29.781601890491473,29.781601890491473,1327.9232925110364,9.784927967117923,24.969894729156092,20.07727870190405,1313.6374940325604
488,55.427,1315.311,0.001136,185654.248,220806.24800000002,212271.982,44.69996286721816,10.72744504021978,10.72744504021978,1301.7380564847488,34.8941966569082,20.53793731207554,20.53793731207554,1312.122465280909,25.671087652208865,29.788422629175265,29.788422629175265,1327.9685123553418,8.089802239164458,24.131930006294855,19.699575565855117,1313.1182480742616
489,55.427,1315.311,0.001136,185654.248,220806.24800000002,212271.982,44.69983039301512,10.72745971122021,10.72745971122021,1301.738212859188,34.89213601267223,20.538614139436632,20.538614139436632,1312.1262465619013,25.657752537159393,29.793630016721714,29.793630016721714,1328.0028293311038,8.164439526415777,24.479692287657443,20.058053714859543,1313.2229677171754
490,82.946,1111.45,0.000925,234488.08499999996,144004.445,251499.71600000001,51.680852332632966,10.41489353809521,10.41489353809521,1264.0783676754763,35.58748273739507,20.724939567538378,20.724939567538378,1299.3838166759633,25.027563096381147,30.498418797782602,30.498418797782602,1333.4765237050044,25.781853406332004,28.59435144952018,30.91711684631108,1336.2132428485843
491,82.946,1111.45,0.000925,234488.08499999996,144004.445,251499.71600000001,57.84214771336939,9.306124162677914,9.306124162677914,1240.4444516771089,38.169078977232765,20.213440655102684,20.213440655102684,1287.3779773929816,24.90538747010714,31.057030654590633,31.057030654590633,1333.7272973555619,25.5767134799413,29.220243558318096,31.115561069465873,1335.6602251272445
492,82.946,1111.45,0.000925,234488.08499999996,144004.445,251499.71600000001,62.90219808512804,8.074249297863073,8.074249297863073,1223.701941848986,41.75816423662501,19.25513619927113,19.25513619927113,1276.1056278285048,25.606467081679995,31.26927317111884,31.26927317111884,1331.3614781536019,25.417889207499123,28.90346839738818,31.24726419703342,1333.451746143584
493,82.946,1111.45,0.000925,234488.08499999996,144004.445,251499.71600000001,66.95631221978792,6.920650211821687,6.920650211821687,1211.2567530992906,45.778650857204404,18.032820791969936,18.032820791969936,1265.6119367976269,27.111283127241286,31.121272672080647,31.121272672080647,1327.0520720886334,28.628246684055622,28.617016283275934,31.11069061172116,1329.708155615966
494,82.946,1111.45,0.000925,234488.08499999996,144004.445,251499.71600000001,70.1655642236264,5.909047592658053,5.909047592658053,1201.7920227274526,49.86400494183083,16.677420334687188,16.677420334687188,1256.0018927872597,29.289054439810126,30.644473151042604,30.644473151042604,1321.3076392978705,29.21251704919044,29.219113991921265,30.909594508991866,1323.3439297665439
495,82.946,1111.45,0.000925,234488.08499999996,144004.445,251499.71600000001,72.68849781770184,5.051219242653703,5.051219242653703,1194.5069983452656,53.78830144107386,15.283609674882582,15.283609674882582,1247.3472236108776,31.975656151479928,29.884754293797325,29.884754293797325,1314.6772387473484,31.751317624169303,27.945457107887307,30.232094340180282,1317.1410140332923
496,82.946,1111.45,0.000925,234488.08499999996,144004.445,251499.71600000001,74.66327824908417,4.338048371544009,4.338048371544009,1188.8619407761742,57.42106217800712,13.918232862784363,13.918232862784363,1239.6666012087067,35.00556552795644,28.89542011642349,28.89542011642349,1307.6553426716887,35.93253616397186,27.16329896562527,29.88638440501964,1310.358058528096
497,82.946,1111.45,0.000925,234488.08499999996,144004.445,251499.71600000001,76.20455536103964,3.752661998770733,3.752661998770733,1184.470657102362,60.69651404866399,12.625982057025961,12.625982057025961,1232.9348040640068,38.22741914661187,27.733193987729962,27.733193987729962,1300.6199424458414,40.161410165135436,27.036225325044384,27.647511448263014,1304.2876086367
498,82.946,1111.45,0.000925,234488.08499999996,144004.445,251499.71600000001,77.40512736823175,3.2763450495831137,3.2763450495831137,1181.0469218059334,63.591950178927256,11.43414968455374,11.43414968455374,1227.0968680724652,41.51175151262601,26.454255007458983,26.454255007458983,1293.828684267714,43.97741016647967,26.659472262852503,27.27396440330704,1295.6896301605361
499,82.946,1111.45,0.000925,234488.08499999996,144004.445,251499.71600000001,78.33903213228852,2.8911906474075177,2.8911906474075177,1178.3740663874746,66.11232414367309,10.356832879212124,10.356832879212124,1222.0802077800665,44.75400942166072,25.110754424227217,25.110754424227217,1287.4414740774052,48.12994905931512,24.000095296892308,26.307119126799822,1291.0562215622892
500,82.946,1111.45,0.000925,234488.08499999996,144004.445,251499.71600000001,79.06480901594371,2.5811885054495765,2.5811885054495765,1176.285937561452,68.27934772764877,9.39855593062578,9.39855593062578,1217.8036233352186,47.87449422000237,23.748330219771763,23.748330219771763,1281.5472382249845,50.04821178280084,23.84061032897731,25.45746156462605,1285.106315106346
501,82.946,1111.45,0.000925,234488.08499999996,144004.445,251499.71600000001,79.6284678886871,2.332551995954924,2.332551995954924,1174.6540886337414,70.12391058632201,8.55724956488127,8.55724956488127,1214.1836143408864,50.81638986839957,22.40474845554346,22.40474845554346,1276.1862028252524,54.08359108443925,23.631489714092524,24.31977084854737,1279.9619726355074
502,82.946,1111.45,0.000925,234488.08499999996,144004.445,251499.71600000001,80.0660235110222,2.133681121379423,2.133681121379423,1173.378718621147,71.68094760585498,7.8265904910560025,7.8265904910560025,1211.138625015308,53.54274274984461,21.10952871929863,21.10952871929863,1271.3662095177876,58.32562188815578,21.689094048292514,23.408911883392097,1276.162383564962
503,82.946,1111.45,0.000925,234488.08499999996,144004.445,251499.71600000001,80.40558639061271,1.9749638434329593,1.9749638434329593,1172.382037382781,72.9860871024432,7.197762024537162,7.197762024537162,1208.5917544013253,56.0330204346588,19.884298837542843,19.884298837542843,1267.0740564125076,60.535508634011485,21.96567680797766,21.738324453839983,1271.2388565375918
504,82.946,1111.45,0.000925,234488.08499999996,144004.445,251499.71600000001,80.66905312641904,1.8485194014304933,1.8485194014304933,1171.6032925036077,74.07357064956462,6.660726504892568,6.660726504892568,1206.4723453214158,58.27967440938475,18.743614211580706,18.743614211580706,1263.283257932051,63.022721317976085,20.470288980216544,22.143570225298845,1268.1175687871498
505,82.946,1111.45,0.000925,234488.08499999996,144004.445,251499.71600000001,80.87345539919957,1.7479355728287593,1.7479355728287593,1170.9949828395802,74.97506057134342,6.205107221014507,6.205107221014507,1204.7167676597674,60.28496910092326,17.696017237573887,17.696017237573887,1259.9593684023766,65.63202536795845,19.45798654242535,21.172089313054887,1265.3141599362657
506,82.946,1111.45,0.000925,234488.08499999996,144004.445,251499.71600000001,81.03202725716507,1.668024413443714,1.668024413443714,1170.5199451276555,75.71905070098411,5.820770722342209,5.820770722342209,1203.2686366530177,62.05821682058475,16.74516887604194,16.74516887604194,1257.0636691286868,68.82364803957131,19.658786887940106,20.07482865347279,1261.8135068498364
507,82.946,1111.45,0.000925,234488.08499999996,144004.445,251499.71600000001,81.15504447676393,1.604606483259242,1.604606483259242,1170.1490965684843,76.3306738423457,5.498187151604781,5.498187151604781,1202.0786491333286,63.61347168607761,15.890939630015433,15.890939630015433,1254.555741942238,69.5394171164624,18.822919059207948,19.612402124951245,1259.229405053166
508,82.946,1111.45,0.000925,234488.08499999996,144004.445,251499.71600000001,81.25048187895972,1.5543260064760518,1.5543260064760518,1169.8596775265917,76.83175895261986,5.228631307969973,5.228631307969973,1201.1041753219613,64.96767892318248,15.130393063303384,15.130393063303384,1252.3952646667751,72.19226967211189,17.838543601426416,18.769701734290688,1257.5303033443636
509,82.946,1111.45,0.000925,234488.08499999996,144004.445,251499.71600000001,81.32452651989331,1.5144956646180796,1.5144956646180796,1169.6338793902078,77.2410357105639,5.004273085854097,5.004273085854097,1200.3087078671847,66.13924233093297,14.458629375139644,14.458629375139644,1250.5432463147604,73.66820081758989,17.535340807659342,19.04451740825719,1256.0311260515716
510,82.946,1111.45,0.000925,234488.08499999996,144004.445,251499.71600000001,81.38197747834231,1.4829680446280589,1.4829680446280589,1169.4577711135723,77.5744169273103,4.818193851602824,4.818193851602824,1199.6612414942329,67.14695571149973,13.86948019968368,13.86948019968368,1248.9628485539142,74.93483438067615,17.439267174301495,17.75762636035059,1255.7252618370942
511,82.946,1111.45,0.000925,234488.08499999996,144004.445,251499.71600000001,81.4265568059235,1.4580301972178116,1.4580301972178116,1169.320458464654,77.84531288957363,4.664355512885274,4.664355512885274,1199.1356345520169,68.00923833542882,13.356060678197624,13.356060678197624,1247.6198969603322,75.9155678665896,16.478799653537877,18.205178206611155,1253.772523576165
512,82.946,1111.45,0.000925,234488.08499999996,144004.445,251499.71600000001,81.46115110569126,1.4383177670794944,1.4383177670794944,1169.2134251360053,78.06494844194464,4.537541380395292,4.537541380395292,1198.709986816872,68.743615838003,12.911193169160676,12.911193169160676,1246.4831588841419,76.0651426248325,16.40985179936537,18.010703237908572,1253.2327328596211
513,82.946,1111.45,0.000925,234488.08499999996,144004.445,251499.71600000001,81.48799906466216,1.422745437121325,1.422745437121325,1169.130016264799,78.24266521359249,4.43328211756103,4.43328211756103,1198.366055207722,69.36639325308445,12.52772071356448,12.52772071356448,1245.5244472240868,78.15030216362045,16.730362166284593,17.536157210949796,1251.5660704145646
514,82.946,1111.45,0.000925,234488.08499999996,144004.445,251499.71600000001,81.50883695061464,1.4104508197767416,1.4104508197767416,1169.0650335983248,78.38619927236108,4.347775775339535,4.347775775339535,1198.0887197538834,69.89247407094803,12.198729164752882,12.198729164752882,1244.71859698046,77.03653830329735,15.638419906118717,16.787626183657547,1251.4818238363266
515,82.946,1111.45,0.000925,234488.08499999996,144004.445,251499.71600000001,81.5250114539243,1.4007493423554551,1.4007493423554551,1169.014418240257,78.50192970610829,4.27780778921311,4.27780778921311,1197.865505520423,70.3352868878605,11.917695918515363,11.917695918515363,1244.043351955709,76.57029242908622,15.388370212463235,16.973930984989973,1250.9032065623878
516,82.946,1111.45,0.000925,234488.08499999996,144004.445,251499.71600000001,81.53756718343405,1.3930980664072194,1.3930980664072194,1168.9750021145223,78.5950969758393,4.220674593718608,4.220674593718608,1197.686161629043,70.70678857902595,11.678581273707376,11.678581273707376,1243.4791912896221,78.95871935415607,15.444610880624088,15.894620899393903,1250.0408335135435
517,82.946,1111.45,0.000925,234488.08499999996,144004.445,251499.71600000001,81.54731450103093,1.387066733444479,1.387066733444479,1168.944313342706,78.669991934582,4.17411295828368,4.17411295828368,1197.542295511624,71.01751953722798,11.475876165799825,11.475876165799825,1243.00911910994,80.10647316812809,16.051533196900994,16.617308699646884,1249.0125300841753
518,82.946,1111.45,0.000925,234488.08499999996,144004.445,251499.71600000001,81.55488211059054,1.382314634650281,1.382314634650281,1168.9204239092965,78.73011757570025,4.136236088162304,4.136236088162304,1197.4270586911161,71.27669219320896,11.304617684929578,11.304617684929578,1242.618435188653,80.426840774511,14.968754525327578,15.96733510750229,1249.1235724190196
519,82.946,1111.45,0.000925,234488.08499999996,144004.445,251499.71600000001,81.56075782811148,1.3785721608455357,1.3785721608455357,1168.9018304832089,78.77832615976773,4.1054768293739805,4.1054768293739805,1197.3348793774103,71.49229874233313,11.160381609296495,11.160381609296495,1242.2944999830036,79.10806530812063,14.828872710961138,15.743731231719647,1248.1428765442452
520,82.946,1111.45,0.000925,234488.08499999996,144004.445,251499.71600000001,81.5653201907893,1.375626104810398,1.375626104810398,1168.8873612237978,78.8169345771663,4.08053786446915,4.08053786446915,1197.261236743388,71.67122780562177,11.039259250030273,11.039259250030273,1242.0265037183651,79.54068165235704,15.233516849517066,16.082875991699893,1248.8802278082414
521,82.946,1111.45,0.000925,234488.08499999996,144004.445,251499.71600000001,81.5688629654538,1.373307966198161,1.373307966198161,1168.876102940458,78.84782077713653,4.060348511153873,4.060348511153873,1197.2024717179872,71.81938275582093,10.93782424958513,10.93782424958513,1241.8052461587197,79.38672306274262,15.146730764969035,16.231682489150785,1248.2601779108907
522,82.946,1111.45,0.000925,234488.08499999996,144004.445,251499.71600000001,81.57161415330562,1.3714846551618718,1.3714846551618718,1168.8673441866645,78.8725039301875,4.044027583259821,4.044027583259821,1197.1556293570752,71.94179676040368,10.853093600648494,10.853093600648494,1241.6229313288272,80.05512011315703,14.935541123892294,15.958843315247146,1247.4969876582759
523,82.946,1111.45,0.000925,234488.08499999996,144004.445,251499.71600000001,81.57375072849273,1.3700511095672705,1.3700511095672705,1168.8605308221254,78.89221075427955,4.030851703556457,4.030851703556457,1197.1183282262095,72.04274135199441,10.782486035067802,10.782486035067802,1241.4729796166018,79.35897492950392,14.651436220421932,16.47656355187609,1248.394028742973
524,82.946,1111.45,0.000925,234488.08499999996,144004.445,251499.71600000001,81.57541006951051,1.3689244368947724,1.3689244368947724,1168.8552313256441,78.90793016811433,4.020228442172392,4.020228442172392,1197.0886526791057,72.12582664147355,10.723780041820465,10.723780041820465,1241.3498583104229,80.32319039458754,14.57875221080668,15.47639652118425,1247.7508646245092
525,70.353,1021.775,0.001003,170829.438,162645.132,227302.27000000002,78.43897546727902,1.2335232816635677,1.2335232816635677,1140.96134983109,78.5391827124909,3.9255803487625736,3.9255803487625736,1193.8270970065507,72.34235967368478,10.482558377661423,10.482558377661423,1238.5201398749791,79.30319622310036,14.299424209269086,15.543071301631821,1243.325575962148
526,70.353,1021.775,0.001003,170829.438,162645.132,227302.27000000002,76.22446803953521,1.026375623291792,1.026375623291792,1121.1731565825887,77.67346651342079,3.7196375513196127,3.7196375513196127,1185.820975343079,72.42085180002711,10.172959912268073,10.172959912268073,1235.2909366443635,80.39480367791444,14.023803261732171,14.292132575593222,1239.6405827059789
527,70.353,1021.775,0.001003,170829.438,162645.132,227302.27000000002,74.62921055858817,0.8292407621924773,0.8292407621924773,1107.017721502721,76.65559604361091,3.404986889650002,3.404986889650002,1176.1913785260215,72.34185851438004,9.761086073005842,9.761086073005842,1231.1299060860501,78.96630746970928,13.751285278180434,13.65652464531463,1235.8935561511262
528,70.353,1021.775,0.001003,170829.438,162645.132,227302.27000000002,73.46942474756383,0.6623841763511041,0.6623841763511041,1096.8580835137743,75.64374797142622,3.0313804010935876,3.0313804010935876,1166.5355355721272,72.14863809188559,9.234164632486952,9.234164632486952,1226.2086564186998,77.51997676123608,13.380332280019687,12.785872226897771,1229.7477722141803
529,70.353,1021.775,0.001003,170829.438,162645.132,227302.27000000002,72.62220455249121,0.5276876292710556,0.5276876292710556,1089.5568558098025,74.70884094146282,2.6453820385215177,2.6453820385215177,1157.631546938548,71.88661908391215,8.610160663945958,8.610160663945958,1220.8702623453275,77.69469371025838,11.205742347834168,11.537036358527189,1225.0970404976952
530,70.353,1021.775,0.001003,170829.438,162645.132,227302.27000000002,72.00162651454299,0.4214982347916524,0.4214982347916524,1084.3078196030929,73.87985338731954,2.2780148030429777,2.2780148030429777,1149.8111231900475,71.58974809219006,7.924158052396407,7.924158052396407,1215.4401993569302,75.31270657507767,11.393023362250569,11.750564252068054,1219.9216681749833
531,70.353,1021.775,0.001003,170829.438,162645.132,227302.27000000002,71.54630048180934,0.3389060529122307,0.3389060529122307,1080.534436397649,73.16448662047105,1.9460378564398892,1.9460378564398892,1143.1610822443888,71.28110125645487,7.214535280067649,7.214535280067649,1210.1722039960873,76.17273109337901,10.451925353495836,10.145992194382934,1214.8977030709802
532,70.353,1021.775,0.001003,170829.438,162645.132,227302.27000000002,71.21185735856685,0.27520804778028973,0.27520804778028973,1077.8227385117523,72.55929548996144,1.6562350095731295,1.6562350095731295,1137.6371243695517,70.97602202949916,6.5146607574820825,6.5146607574820825,1205.2424670147645,76.86175001008367,9.276506987983685,9.867275024159104,1210.183268623961
533,70.353,1021.775,0.001003,170829.438,162645.132,227302.27000000002,70.96602027537156,0.22636026291011035,0.22636026291011035,1075.874934188187,72.05514522978041,1.4092832079754196,1.4092832079754196,1133.130153827574,70.68464447405265,5.849553892985438,5.849553892985438,1200.7593603363803,76.01382158679289,8.72085609770219,8.602109277738814,1205.5270797896085
534,70.353,1021.775,0.001003,170829.438,162645.132,227302.27000000002,70.78521692233042,0.1890520839392126,0.1890520839392126,1074.4766379206812,71.6403633875375,1.2025057618795718,1.2025057618795718,1129.5051989935566,70.41348240779094,5.235619116117537,5.235619116117537,1196.7770538711543,75.57863388854211,7.19151859719911,8.7299003614366,1201.0144171573356
535,70.353,1021.775,0.001003,170829.438,162645.132,227302.27000000002,70.65218946373705,0.16064390211795704,0.16064390211795704,1073.4734781800196,71.30260773569951,1.0316372150753454,1.0316372150753454,1126.623753120561,70.16639679769385,4.681861954114882,4.681861954114882,1193.3089993044364,75.01606353646439,6.263231197631561,6.971583830684087,1196.9060690279073
536,70.353,1021.775,0.001003,170829.438,162645.132,227302.27000000002,70.55428245512478,0.1390640328211688,0.1390640328211688,1072.7543098491485,71.02995147363238,0.8918807686185442,0.8918807686185442,1124.3558779033344,69.94523819944375,4.1915895815264115,4.1915895815264115,1190.3398830292458,74.25589188932449,6.202836573286509,7.8670243953074355,1194.0124220487817
537,70.353,1021.775,0.001003,170829.438,162645.132,227302.27000000002,70.48220513509831,0.1227029265138896,0.1227029265138896,1072.2391341179214,70.81147048323774,0.7785026352020148,0.7785026352020148,1122.5860063559674,69.75033393262703,3.764074179521853,3.764074179521853,1187.8355869988081,74.71195796792946,5.296254454694377,7.213395356069389,1191.238462047954
538,70.353,1021.775,0.001003,170829.438,162645.132,227302.27000000002,70.4291315038203,0.11031869840800358,0.11031869840800358,1071.8703944193755,70.63751252781752,0.6871381985671257,0.6871381985671257,1121.2149581158121,69.58089329538045,3.3959575849603207,3.3959575849603207,1185.7510870831222,74.2124913297764,4.897707049209834,6.043513799937438,1189.3454390075788
539,70.353,1021.775,0.001003,170829.438,162645.132,227302.27000000002,70.39004356691463,0.10095788364830019,0.10095788364830019,1071.6067013949742,70.49976810683495,0.6139255485446478,0.6139255485446478,1120.1597799918868,69.43535355436059,3.0823396941866736,3.0823396941866736,1184.036418025089,73.53272319078174,4.164764770800948,6.2413964863517375,1188.3607597651448
540,70.353,1021.775,0.001003,170829.438,162645.132,227302.27000000002,70.36125085238747,0.09389116800118948,0.09389116800118948,1071.4183084107422,70.39122361949168,0.5555396809750446,0.5555396809750446,1119.3524355655939,69.31166990177827,2.817571033912637,2.817571033912637,1182.6409431617046,74.55261842612708,5.0243173446072475,5.466974527232437,1185.920724516814
541,70.353,1021.775,0.001003,170829.438,162645.132,227302.27000000002,70.34003829405583,0.08856230497063194,0.08856230497063194,1071.2838496431218,70.3060505768332,0.5091726099673575,0.5091726099673575,1118.7379784563618,69.20754877951681,2.595799604753718,2.595799604753718,1181.5162171088577,72.44124796251064,4.271255903138606,4.064913781380644,1184.798087221879
542,70.353,1021.775,0.001003,170829.438,162645.132,227302.27000000002,70.3244078813392,0.08454803720841705,0.08454803720841705,1071.1879890403118,70.23946576065076,0.4724866919743046,0.4724866919743046,1118.2725879996665,69.12062617776353,2.4113274120900035,2.4113274120900035,1180.6177372157424,73.92688681803017,4.273494387489012,4.265202044613196,1183.441745255908
543,70.353,1021.775,0.001003,170829.438,162645.132,227302.27000000002,70.31288894525849,0.08152692790691546,0.08152692790691546,1071.1197264247273,70.18758412702903,0.4435572077653718,0.4435572077653718,1117.9216803459583,69.04859578259347,2.2588266345175034,2.2588266345175034,1179.90585881488,72.83870252034743,3.9898711685018764,4.680856037716095,1183.3692712720267
544,70.353,1021.775,0.001003,170829.438,162645.132,227302.27000000002,70.30439875924819,0.07925527332915053,0.07925527332915053,1071.0711775933955,70.14727730704962,0.42081329683491664,0.42081329683491664,1117.6582030464601,68.98929421520569,2.1334562818687814,2.1334562818687814,1179.3461124176179,75.02412581439873,3.6569044607287915,4.536702905902323,1182.3840568729988
545,70.353,1021.775,0.001003,170829.438,162645.132,227302.27000000002,70.29814006252158,0.07754857450170483,0.07754857450170483,1071.0366962108628,70.11604460000835,0.4029821053402526,0.4029821053402526,1117.4611568294886,68.94075164302191,2.030910872643717,2.030910872643717,1178.909117681295,73.45789312440375,3.3879751100749464,4.573955193539847,1181.791649223305
546,70.353,1021.775,0.001003,170829.438,162645.132,227302.27000000002,70.29352569889738,0.07626733636396052,0.07626733636396052,1071.0122420694252,70.09189951202153,0.38903847468009634,0.38903847468009634,1117.3143505622188,68.90121595804399,1.9474245195025868,1.9474245195025868,1178.5702458640242,71.27286899117568,4.25994964137892,4.453196037554718,1182.2598080505215
547,70.353,1021.775,0.001003,170829.438,162645.132,227302.27000000002,70.29012318011284,0.07530621496273054,0.07530621496273054,1070.994926855555,70.07327251674701,0.3781610175250342,0.3781610175250342,1117.2053748255307,68.8691578989816,1.8797472516081353,1.8797472516081353,1178.3091435602987,73.89352499877351,3.4374381226852697,4.4342616112675906,1181.5047779255867
548,70.353,1021.775,0.001003,170829.438,162645.132,227302.27000000002,70.28761389597807,0.07458574301158842,0.07458574301158842,1070.9826877468288,70.05892933214668,0.369694595381866,0.369694595381866,1117.1247696904593,68.84326330459373,1.8251053675124616,1.8251053675124616,1178.109197676141,72.62489939389633,3.212635057916094,4.676458934740049,1181.040257424992
549,70.353,1021.775,0.001003,170829.438,162645.132,227302.27000000002,70.28576309531562,0.07404603393205957,0.07404603393205957,1070.9740530177023,70.04790327943006,0.3631187725633092,0.3631187725633092,1117.0653589185351,68.82241739712684,1.7811538717356983,1.7811538717356983,1177.9569953399796,74.38701949201877,2.1326659806366015,4.689280588324777,1180.8487631712303
550,70.353,1021.775,0.001003,170829.438,162645.132,227302.27000000002,70.28439778953253,0.07364199965526143,0.07364199965526143,1070.9679738339578,70.03943998041602,0.3580216175489078,0.3580216175489078,1117.0217231451854,68.80568477830101,1.7459263350595735,1.7459263350595735,1177.8418123800395,74.34173371115268,3.908757203111823,3.728348661724978,1181.3074124078078
551,70.353,1021.775,0.001003,170829.438,162645.132,227302.27000000002,70.28339048515325,0.07333972382553117,0.07333972382553117,1070.963703633475,70.03295259485571,0.3540781561624306,0.3540781561624306,1116.9897868843914,68.792287766869,1.717785588061831,1.717785588061831,1177.7551493143014,72.75635449563431,3.5544968830289823,3.9929245438045693,1180.466884059123
552,70.353,1021.775,0.001003,170829.438,162645.132,227302.27000000002,70.28264720577693,0.073113715068547,0.073113715068547,1070.9607116978607,70.02798589076352,0.3510327914619532,0.3510327914619532,1116.9664973276754,68.78158485025752,1.6953773072164555,1.6953773072164555,1177.690323517789,72.66900981458592,3.6653457700202643,4.275998981428847,1182.0102906494285
553,70.353,1021.775,0.001003,170829.438,162645.132,227302.27000000002,70.28209867110237,0.07294482939806918,0.07294482939806918,1070.9586212741008,70.02418760740436,0.34868505601505906,0.34868505601505906,1116.9495762583028,68.77305036141618,1.677587625022962,1.677587625022962,1177.642119387808,73.86441751608488,3.327732644789822,4.522219870426331,1181.0493093438329
554,70.353,1021.775,0.001003,170829.438,162645.132,227302.27000000002,70.2816937999715,0.07281870057779913,0.07281870057779913,1070.9571653115506,70.02128576745756,0.3468781312816462,0.3468781312816462,1116.9373296049328,68.76625600454955,1.6635052710102187,1.6635052710102187,1177.6064940572917,72.82427931479035,2.821323852123469,4.298172922819099,1180.6679380588455
555,70.353,1021.775,0.001003,170829.438,162645.132,227302.27000000002,70.2813949244586,0.07272455552741633,0.07272455552741633,1070.9561548291083,70.01907079501372,0.3454896432506515,0.3454896432506515,1116.9285020396665,68.76085451044567,1.6523883412412885,1.6523883412412885,1177.5803337880582,72.88705653157915,3.038918140991867,4.356617668221013,1181.4024932869845
556,70.353,1021.775,0.001003,170829.438,162645.132,227302.27000000002,70.28117426389285,0.07265432122049674,0.07265432122049674,1070.9554563311322,70.01738148427148,0.3444243160196214,0.3444243160196214,1116.9221665140756,68.75656547292148,1.643635536216849,1.643635536216849,1177.5612550360458,73.21114767052205,3.1269080554845905,3.530679821258332,1180.3710992910878
557,70.353,1021.775,0.001003,170829.438,162645.132,227302.27000000002,70.28101132676757,0.07260195198562316,0.07260195198562316,1070.95497570084,70.01609403251881,0.34360813187280126,0.34360813187280126,1116.9176407169127,68.75316327433276,1.6367615547294179,1.6367615547294179,1177.547443882348,72.86709538361012,3.1017361243374633,3.7677695649063745,1181.7123680053437
558,70.353,1021.775,0.001003,170829.438,162645.132,227302.27000000002,70.2808909960935,0.07256292327225154,0.07256292327225154,1070.9546467264681,70.0151134973822,0.34298370590142757,0.34298370590142757,1116.9144241561285,68.75046692633462,1.6313762511685972,1.6313762511685972,1177.5375277462213,72.37513203170265,2.7000280957007985,4.0136579754062796,1180.6612186916313
559,70.353,1021.775,0.001003,170829.438,162645.132,227302.27000000002,70.28080211821882,0.07253385101138492,0.07253385101138492,1070.9544229377068,70.01436716240545,0.3425066348516556,0.3425066348516556,1116.912150958606,68.74833161309336,1.6271671323598207,1.6271671323598207,1177.5304738121554,71.5571695563334,2.4749608255417312,4.355361051806014,1181.0411558610701
560,79.847,1108.415,0.000881,206087.037,257168.86000000002,232360.687,72.47319786766877,0.0851062794247294,0.0851062794247294,1095.0494119013686,70.26985793748058,0.36476013787972156,0.36476013787972156,1128.6306892453604,68.71304624372632,1.6820146463535866,1.6820146463535866,1181.1613302887022,75.08547120038051,3.056843724410228,4.981816455772368,1185.5298248451222
561,79.847,1108.415,0.000881,206087.037,257168.86000000002,232360.687,74.13142403580939,0.11972940126261501,0.11972940126261501,1113.023224625383,70.872312711255,0.42296168496150743,0.42296168496150743,1142.1374792068486,68.74971730515878,1.7758472352282937,1.7758472352282937,1186.7042895654886,73.13547009815562,3.840824431764038,5.771403726343081,1191.4044661130658
562,79.847,1108.415,0.000881,206087.037,257168.86000000002,232360.687,75.37399193609843,0.17683500526772672,0.17683500526772672,1126.3872494075372,71.61434933497532,0.5316431382522551,0.5316431382522551,1155.6389519945385,68.8711997349222,1.9340088950143095,1.9340088950143095,1193.7460616032856,74.5687424465674,4.187180008106292,4.785652009265398,1197.098626878329
563,79.847,1108.415,0.000881,206087.037,257168.86000000002,232360.687,76.29547660536696,0.2531658106335228,0.2531658106335228,1136.2864188838569,72.36087163958251,0.7019764553791723,0.7019764553791723,1168.1111105792208,69.04636935758681,2.1810081298138053,2.1810081298138053,1201.6459940505204,75.26804880718511,5.120393339877763,5.871060119670618,1207.0294521812673
564,79.847,1108.415,0.000881,206087.037,257168.86000000002,232360.687,76.97170461119009,0.3430038345709996,0.3430038345709996,1143.591713034795,73.0303726689228,0.9388563218176506,0.9388563218176506,1179.0419851536549,69.22746991325073,2.53682474330736,2.53682474330736,1209.7557382311677,75.01612208272972,5.205743689088339,6.50799856563463,1214.5449643495429
565,79.847,1108.415,0.000881,206087.037,257168.86000000002,232360.687,77.46301351414625,0.4398369046267358,0.4398369046267358,1148.9648330428379,73.58149033711788,1.2390523241565188,1.2390523241565188,1188.2563555464703,69.36822519728204,3.012743987370045,3.012743987370045,1217.5361537612962,77.48235350962408,6.757613057574257,7.256743973665823,1222.6816401780925
566,79.847,1108.415,0.000881,206087.037,257168.86000000002,232360.687,77.81670010047776,0.5376923094293102,0.5376923094293102,1152.905958490909,74.00197994281126,1.591495528783449,1.591495528783449,1195.7918425204382,69.43497596255365,3.607955915425058,3.607955915425058,1224.6091353469656,77.06967320858897,8.24763566290719,8.130978749511055,1229.823456618068
567,79.847,1108.415,0.000881,206087.037,257168.86000000002,232360.687,78.06918882849713,0.6318718674926608,0.6318718674926608,1155.790635458529,74.29891409878725,1.9795996931023534,1.9795996931023534,1201.8084892091451,69.41152704582638,4.308569639487155,4.308569639487155,1230.7647488644257,75.65833842535416,8.054978805640712,9.176810714214072,1235.9771133382899
568,79.847,1108.415,0.000881,206087.037,257168.86000000002,232360.687,78.24805112090125,0.7191617889141021,0.7191617889141021,1157.8988866807829,74.49019267577388,2.3845986439573035,2.3845986439573035,1206.5233185109041,69.29851679980634,5.089768738107712,5.089768738107712,1235.938012053181,76.99366300786444,8.710519968736051,10.50211958590646,1241.2025423915275
569,79.847,1108.415,0.000881,206087.037,257168.86000000002,232360.687,78.37383913215453,0.7977103257906651,0.7977103257906651,1159.438209520048,74.59790400836225,2.788681466173315,2.788681466173315,1210.1657845638306,69.10905711390136,5.920356143184691,5.920356143184691,1240.1692710701027,77.02392448866019,10.38643240391324,11.345105501177011,1246.0568773619768
570,79.847,1108.415,0.000881,206087.037,257168.86000000002,232360.687,78.46167449466691,0.8667529553922217,0.8667529553922217,1160.5615637597632,74.64384217999289,3.1771326198062333,3.1771326198062333,1212.9507492533005,68.86297417520024,6.767990300058277,6.767990300058277,1243.5615033580711,76.51721521031241,11.570286610679508,11.87933995498151,1249.116884334589
571,79.847,1108.415,0.000881,206087.037,257168.86000000002,232360.687,78.52256345647312,0.9263060027857368,0.9263060027857368,1161.3812469410284,74.64701968658012,3.539287378386706,3.539287378386706,1215.0649858265156,68.58164079473758,7.603511137123931,7.603511137123931,1246.2442835668637,75.44748041807264,11.595848022843672,11.85507274255874,1252.146539948628
572,79.847,1108.415,0.000881,206087.037,257168.86000000002,232360.687,78.56444527998744,0.9768927109283773,0.9768927109283773,1161.9794519338554,74.6226935875386,3.868534265649775,3.868534265649775,1216.6629313380681,68.28444011697235,8.403546349468913,8.403546349468913,1248.3487879443385,76.05381956652525,11.488163839188807,13.0105705207955,1253.9922319186617
573,79.847,1108.415,0.000881,206087.037,257168.86000000002,232360.687,78.59300378530871,1.0193262905416307,1.0193262905416307,1162.4162055936945,74.58234770789433,4.161744209263929,4.161744209263929,1217.8679101019443,67.98697572726658,9.151410938819648,9.151410938819648,1249.9936396968494,74.85113779910115,13.374973937746264,13.37893627306322,1255.155208220636
574,79.847,1108.415,0.000881,206087.037,257168.86000000002,232360.687,78.61228160234596,1.0545521628465035,1.0545521628465035,1162.735281488739,74.53416592943954,4.418465973720011,4.418465973720011,1218.7760179459656,67.70061815173925,9.836773651243078,9.836773651243078,1251.2789841365684,73.47434686410853,12.355379155444036,13.78454374011293,1256.6235566515006
575,79.847,1108.415,0.000881,206087.037,257168.86000000002,232360.687,78.62513723798429,1.083541363215485,1.083541363215485,1162.9685713618815,74.48368124332373,4.64011540231516,4.64011540231516,1219.4608669753932,67.43285065364249,10.454651939232205,10.454651939232205,1252.2857130691461,74.96630129447576,13.930702766143176,14.78829210699649,1257.4957623897178
576,79.847,1108.415,0.000881,206087.037,257168.86000000002,232360.687,78.63358079229823,1.107223896541001,1.107223896541001,1163.139299250595,74.4344209639229,4.829277170660879,4.829277170660879,1219.978196344297,67.18797301332185,11.004178639105653,11.004178639105653,1253.077336968055,74.03738412413269,14.181269281657348,14.546575722166384,1258.6036405045227
577,79.847,1108.415,0.000881,206087.037,257168.86000000002,232360.687,78.63901808470052,1.1264511889595747,1.1264511889595747,1163.2643751093024,74.38846472978007,4.989160668837245,4.989160668837245,1220.3698959944156,66.96787997626502,11.48741342431865,11.48741342431865,1253.7028579857458,72.73489767145749,15.430585096502051,15.179863159378977,1258.3659176618535
578,79.847,1108.415,0.000881,206087.037,257168.86000000002,232360.687,78.64242678467338,1.1419785558745947,1.1419785558745947,1163.3561133246083,74.34688966469749,5.1232074166001755,5.1232074166001755,1220.6673078706547,66.77276700195605,11.90833056267507,11.90833056267507,1254.1997270057132,74.53836640352748,14.903996425637278,15.439864234858506,1259.3275225729903
579,79.847,1108.415,0.000881,206087.037,257168.86000000002,232360.687,78.64448267869759,1.1544606981395042,1.1544606981395042,1163.4234849869524,74.31010677466126,5.2348272135417595,5.2348272135417595,1220.8938315197074,66.6017062309329,12.27202256198897,12.27202256198897,1254.5964624347162,73.6765062853576,15.557962423726787,16.239928459797863,1259.4096297580752
580,79.847,1108.415,0.000881,206087.037,257168.86000000002,232360.687,78.64564970799348,1.1644551471165236,1.1644551471165236,1163.473029203676,74.27810503709026,5.327234454873706,5.327234454873706,1221.0669293462963,66.45308563410727,12.584109805886884,12.584109805886884,1254.9147946430226,73.66036457944675,15.173126245962735,16.581822624750018,1260.2025086516612
581,79.847,1108.415,0.000881,206087.037,257168.86000000002,232360.687,78.64624387248726,1.1724301314925873,1.1724301314925873,1163.5095157515357,74.25062263179562,5.4033575999003505,5.4033575999003505,1221.1996443109188,66.32492725883462,12.8503250356513,12.8503250356513,1255.1713431144242,72.3155670761674,16.281556607705774,16.279240087593557,1259.5810237758942
582,79.847,1108.415,0.000881,206087.037,257168.86000000002,232360.687,78.64647839172896,1.178774517890299,1.178774517890299,1163.5364267204852,74.22726334498087,5.465799287791075,5.465799287791075,1221.3017361625002,66.21510795487045,13.076236243915286,13.076236243915286,1255.3788920229642,72.8056597742531,16.15298761660769,16.447795756807388,1260.3842587161741
583,79.847,1108.415,0.000881,206087.037,257168.86000000002,232360.687,78.64649548770176,1.1838083318817958,1.1838083318817958,1163.5563065567192,74.20757312674964,5.51682970850644,5.51682970850644,1221.380526285614,66.12150578126997,13.267073986663172,13.267073986663172,1255.5473444882905,72.34943286789094,16.594976484866265,17.075361458062805,1260.9411898945662
584,79.847,1108.415,0.000881,206087.037,257168.86000000002,232360.687,78.64638865857358,1.187792962709133,1.187792962709133,1163.571016497789,74.19108848785667,5.558400477185229,5.558400477185229,1221.4415234309988,66.04209199877381,13.427634537588256,13.427634537588256,1255.6844302662762,72.37920364892594,15.877171199209982,17.71556306068658,1260.5418022202875
585,79.847,1108.415,0.000881,206087.037,257168.86000000002,232360.687,78.646218219175,1.1909405579320342,1.1909405579320342,1163.581919574633,74.17736548290725,5.592170049540175,5.592170049540175,1221.4888863377842,65.97498447158839,13.562236266891178,13.562236266891178,1255.7962290002397,72.36515753406073,16.489540937699047,17.8260046452642,1260.6215523951062
586,79.847,1108.415,0.000881,206087.037,257168.86000000002,232360.687,78.6460220910933,1.193422377106218,1.193422377106218,1163.5900151939597,74.16599563592862,5.619534620136175,5.619534620136175,1221.5257657038946,65.9184744843886,13.674712040154185,13.674712040154185,1255.8875575805191,72.2638259319554,17.38724787253837,17.604617291577767,1260.325040360336
587,79.847,1108.415,0.000881,206087.037,257168.86000000002,232360.687,78.64582325360668,1.1953760383503234,1.1953760383503234,1163.5960371029776,74.1566133200577,5.6416605759431375,5.6416605759431375,1221.554557227961,65.8710357978592,13.768424930240435,13.768424930240435,1255.9622581833457,71.36724426715698,15.848586858322019,17.56353697838804,1261.2700877084421
588,79.847,1108.415,0.000881,206087.037,257168.86000000002,232360.687,78.64563485643774,1.1969116894985998,1.1969116894985998,1163.6005247520031,74.14889773020474,5.659516087707625,5.659516087707625,1221.5770892070752,65.8313222731763,13.846298084704936,13.846298084704936,1256.023413921366,72.21558200808673,16.835411057059776,17.74395234508618,1261.607265337581
589,79.847,1108.415,0.000881,206087.037,257168.86000000002,232360.687,78.64546370203736,1.1981171889590094,1.1981171889590094,1163.6038753222235,74.14257159106432,5.673900460169501,5.673900460169501,1221.594761975859,65.79815851588639,13.910852301838334,13.910852301838334,1256.0735116708422,72.2157863360708,16.28238545237194,17.25333962820686,1260.3934301635093
590,79.847,1108.415,0.000881,206087.037,257168.86000000002,232360.687,78.64531259615792,1.199062406208418,1.199062406208418,1163.606381692426,74.13739803362189,5.685470554945645,5.685470554945645,1221.6086518688396,65.77052660742069,13.964246890531165,13.964246890531165,1256.1145661838004,71.74691005895139,16.2212140766357,18.157194976571343,1260.8795867560036
591,79.847,1108.415,0.000881,206087.037,257168.86000000002,232360.687,78.64518191704335,1.1998027589148257,1.1998027589148257,1163.6082601729704,74.1331765768129,5.694764046417265,5.694764046417265,1221.6195889981368,65.74755099468015,14.00832086991586,14.00832086991586,1256.148215631011,72.0026664269532,16.941474394469612,18.104773062114553,1261.5689210997064
592,79.847,1108.415,0.000881,206087.037,257168.86000000002,232360.687,78.6450706484253,1.2003821002775803,1.2003821002775803,1163.6096707871484,74.12973880867622,5.702219546216394,5.702219546216394,1221.6282156549032,65.72848289827155,14.044632631460633,14.044632631460633,1256.1757958792925,71.96182576355244,17.495893574139018,18.196917579841728,1261.0257490812014
593,79.847,1108.415,0.000881,206087.037,257168.86000000002,232360.687,78.6449770472518,1.2008350611105554,1.2008350611105554,1163.6107321200093,74.1269441289296,5.708193790816014,5.708193790816014,1221.6350303287584,65.71268510153386,14.074496942093397,14.074496942093397,1256.198398781541,71.98370638208418,16.310862121613788,18.203429061676243,1261.2910664117946
594,79.847,1108.415,0.000881,206087.037,257168.86000000002,232360.687,78.64489906477195,1.2011889395196524,1.2011889395196524,1163.611532203385,74.12467575975056,5.71297616853009,5.71297616853009,1221.640421015653,65.69961763712088,14.099018692820609,14.099018692820609,1256.2169183189933,73.56854756123367,16.87842956634758,17.62323600003763,1260.4631629855548
595,82.141,1000.798,0.001307,184723.409,136075.00400000002,175712.71899999998,79.6281163037202,0.9623572495407212,0.9623572495407212,1121.9386131530882,74.98171150203717,4.99510106360435,4.99510106360435,1200.5516233813812,66.90039616316163,12.928630090676346,12.928630090676346,1245.7071910447341,73.97092866044885,15.898820793290138,17.09149939372163,1250.96305708466
596,82.141,1000.798,0.001307,184723.409,136075.00400000002,175712.71899999998,80.38352506231766,0.7098825827104873,0.7098825827104873,1094.081852517332,76.1625728709019,4.105462116665343,4.105462116665343,1176.821845491579,68.40132939375498,11.523756657202842,11.523756657202842,1232.9563348412498,75.35656561232588,13.70352127547386,15.212485632991195,1237.6467041103429
597,82.141,1000.798,0.001307,184723.409,136075.00400000002,175712.71899999998,80.92245185680264,0.5107564479937527,0.5107564479937527,1075.3009615141789,77.3647070000033,3.233324308016484,3.233324308016484,1154.261290263986,70.13225084412012,9.961007437443156,9.961007437443156,1218.3620291379573,76.90806790788157,12.194845054397744,14.235325684683223,1223.443306041789
598,82.141,1000.798,0.001307,184723.409,136075.00400000002,175712.71899999998,81.2979094704529,0.36488058326254225,0.36488058326254225,1062.6000538369483,78.43093241537281,2.4800754524950124,2.4800754524950124,1134.4435579216693,71.94259533055222,8.369356165794166,8.369356165794166,1202.851816555196,78.99476885932567,11.630707599044957,11.808277763074072,1208.0699377223714
599,82.141,1000.798,0.001307,184723.409,136075.00400000002,175712.71899999998,81.55689938093015,0.26100449590937136,0.26100449590937136,1053.9992426178835,79.31042242398925,1.8728639648855174,1.8728639648855174,1117.8593724417678,73.6879639283162,6.866581331152146,6.866581331152146,1187.336267816795,80.21196663398057,9.223613905493677,10.744781235987295,1191.6132509486974
600,82.141,1000.798,0.001307,184723.409,136075.00400000002,175712.71899999998,81.73468144694164,0.18802299979267906,0.18802299979267906,1048.1709417843663,80.00591840015937,1.4024216051434866,1.4024216051434866,1104.4398556480658,75.26966268509418,5.528975169717488,5.528975169717488,1172.5510487430183,80.35801024448317,7.7554459869757535,8.056068125362223,1176.9507663513245
601,82.141,1000.798,0.001307,184723.409,136075.00400000002,175712.71899999998,81.85639384385705,0.1371176994278616,0.1371176994278616,1044.2198876260902,80.5415090987599,1.046648813353255,1.046648813353255,1093.8470328969267,76.63850038178985,4.3901189280735355,4.3901189280735355,1159.0109194563304,81.51257445764998,6.477836089265464,7.981466032746357,1163.7290280198376
602,82.141,1000.798,0.001307,184723.409,136075.00400000002,175712.71899999998,81.93958918672786,0.10176221970813998,0.10176221970813998,1041.5407971148345,80.94665925500442,0.7817482147328875,0.7817482147328875,1085.6428992207411,77.78322134463185,3.4520961856094594,3.4520961856094594,1147.0138732774121,81.50124486543875,5.016644025047744,6.611658579426249,1151.2760317861157
603,82.141,1000.798,0.001307,184723.409,136075.00400000002,175712.71899999998,81.99640103252716,0.07727273448862015,0.07727273448862015,1039.7239033989163,81.2492638645877,0.586574928215114,0.586574928215114,1079.3832742462034,78.71622916995568,2.6983803949655534,2.6983803949655534,1136.6740525222988,83.46684490655501,3.3766353402816804,4.732963333128598,1140.9198519369138
604,82.141,1000.798,0.001307,184723.409,136075.00400000002,175712.71899999998,82.03517179072261,0.0603401448127909,0.0603401448127909,1038.4915972915405,81.47314212958277,0.44384393650786125,0.44384393650786125,1074.6645894687317,79.4619562888959,2.103928646325193,2.103928646325193,1127.9677121955388,83.23318009539048,2.865116660807035,4.9372499563423595,1131.5083033999624
605,82.141,1000.798,0.001307,184723.409,136075.00400000002,175712.71899999998,82.0616193904446,0.04864721015042661,0.04864721015042661,1037.6557211731547,81.63756041324307,0.3400370201502111,0.3400370201502111,1071.1425948779035,80.04904186272884,1.6416817490903624,1.6416817490903624,1120.7799361288291,84.87378821279536,3.6261717029279925,3.684650798611618,1125.0671332088405
606,82.141,1000.798,0.001307,184723.409,136075.00400000002,175712.71899999998,82.07965546575484,0.04057992598797883,0.04057992598797883,1037.088710228472,81.7576011819959,0.2648562691326651,0.2648562691326651,1068.5354509896829,80.50574626113628,1.2861462226290525,1.2861462226290525,1114.944666876574,83.73315600602223,0.913123879876526,3.4334285894471366,1118.4824007481595
607,82.141,1000.798,0.001307,184723.409,136075.00400000002,175712.71899999998,82.09195272890456,0.03501794259868122,0.03501794259868122,1036.7040635659123,81.84481912716811,0.2105882945607287,0.2105882945607287,1066.618972954798,80.85762519415523,1.0150226110012341,1.0150226110012341,1110.2751023922192,83.1245922106954,1.136412499220929,2.4251411190707293,1113.3586317056236
608,82.141,1000.798,0.001307,184723.409,136075.00400000002,175712.71899999998,82.10033592597831,0.03118534677424394,0.03118534677424394,1036.4431179192823,81.90793232485045,0.17152159197269018,0.17152159197269018,1065.2186022742776,81.1266084293685,0.8096794425832676,0.8096794425832676,1106.584505961457,84.1289678731503,0.5786763630768345,3.2573383072886877,1110.3280510097497
609,82.141,1000.798,0.001307,184723.409,136075.00400000002,175712.71899999998,82.10605020816699,0.028545617160491255,0.028545617160491255,1036.2660852602348,81.9534446617676,0.14346147804607334,0.14346147804607334,1064.2006345645202,81.33087385807869,0.6550182407744437,0.6550182407744437,1103.6989653910591,84.2810886429564,0.6266050380883392,2.7758965880228987,1106.4513265805513
610,82.141,1000.798,0.001307,184723.409,136075.00400000002,175712.71899999998,82.10994491911532,0.026728186338018847,0.026728186338018847,1036.1459776838308,81.98616611565497,0.12334588539953936,0.12334588539953936,1063.4639814121767,81.48512662194452,0.5390629805585836,0.5390629805585836,1101.4640879219019,83.29369109265801,0.8668335311006501,2.174067212331205,1104.5097466004283
611,82.141,1000.798,0.001307,184723.409,136075.00400000002,175712.71899999998,82.11259926547822,0.025477326373929115,0.025477326373929115,1036.0644884940032,82.00962940079428,0.10894988786532249,0.10894988786532249,1062.9330160999903,81.60105062631364,0.45246156503705387,0.45246156503705387,1099.7475040104596,85.02515287284984,0.5501695719855784,1.1994995688748151,1103.4804677991233
612,82.141,1000.798,0.001307,184723.409,136075.00400000002,175712.71899999998,82.11440816206425,0.024616676510679367,0.024616676510679367,1036.009199152692,82.02641455291196,0.09866273420159535,0.09866273420159535,1062.5516517939548,81.68780243978445,0.38799613654039966,0.38799613654039966,1098.4387070810217,83.48463641861085,0.0887717216086584,1.962907810730239,1100.506317430717
613,82.141,1000.798,0.001307,184723.409,136075.00400000002,175712.71899999998,82.11564083285448,0.02402467587443212,0.02402467587443212,1035.971685089787,82.038397020004,0.09132175913711633,0.09132175913711633,1062.2785966319202,81.75248056429764,0.3401461881414187,0.3401461881414187,1097.4473648546073,84.38484809406583,0.0,1.4811430530346286,1100.2952674931378
614,82.141,1000.798,0.001307,184723.409,136075.00400000002,175712.71899999998,82.11648079573546,0.023617573172522145,0.023617573172522145,1035.946230995097,82.04693466747871,0.08608979780345018,0.08608979780345018,1062.0836400396104,81.80053995388039,0.3047194144115177,0.3047194144115177,1096.700888556755,83.17044195237108,0.5632388191943339,1.7702660861201305,1099.3389278109025
615,82.141,1000.798,0.001307,184723.409,136075.00400000002,175712.71899999998,82.11705313615577,0.023337688914664843,0.023337688914664843,1035.9289594269756,82.05300725716297,0.08236532256493673,0.08236532256493673,1061.9447973068031,81.83614227088835,0.2785503685787243,0.2785503685787243,1096.141769247919,83.83032909480187,0.0,0.5628072423195003,1099.5464221034551
616,82.141,1000.798,0.001307,184723.409,136075.00400000002,175712.71899999998,82.11744310626275,0.02314531288327262,0.02314531288327262,1035.9172397347404,82.05731962017717,0.07971690813531751,0.07971690813531751,1061.8461443706412,81.8624431717597,0.2592601754234146,0.2592601754234146,1095.724986917521,84.06963734940994,0.24963430423326766,1.9975018346754465,1098.5289358159387
617,82.141,1000.798,0.001307,184723.409,136075.00400000002,175712.71899999998,82.1177088063625,0.02301311456507439,0.02301311456507439,1035.9092871048113,82.0603774664122,0.07783563243364264,0.07783563243364264,1061.7761942044524,81.88182299457766,0.24506811383002186,0.24506811383002186,1095.4156570284986,84.48009022375143,0.0,1.3642326268570304,1098.0098643113777
618,82.141,1000.798,0.001307,184723.409,136075.00400000002,175712.71899999998,82.11788983043299,0.02292228917905654,0.02292228917905654,1035.903890565988,82.06254278245895,0.0765006173501274,0.0765006173501274,1061.7266904460967,81.89606908260356,0.23464569421854053,0.23464569421854053,1095.186986853933,83.13849247873553,0.14286901909557173,1.4432124158604784,1098.2462217981395
619,82.141,1000.798,0.001307,184723.409,136075.00400000002,175712.71899999998,82.11801315957354,0.02285990156743441,0.02285990156743441,1035.900228470514,82.06407412724445,0.07555414941879715,0.07555414941879715,1061.6917178804747,81.90651812254424,0.2270047099751447,0.2270047099751447,1095.018556988698,83.86911908399276,0.6855463815689561,1.819926088181114,1097.613426812798
620,82.141,1000.798,0.001307,184723.409,136075.00400000002,175712.71899999998,82.11809717911629,0.022817056349626094,0.022817056349626094,1035.8977433141692,82.06515582710526,0.07488375819264026,0.07488375819264026,1061.6670507967563,81.91416618223228,0.2214119843440445,0.2214119843440445,1094.8949109483726,83.6401274232614,0.21134871988755927,0.9119724695853346,1097.5011971347628
621,82.141,1000.798,0.001307,184723.409,136075.00400000002,175712.71899999998,82.11815441660127,0.02278763774391459,0.02278763774391459,1035.8960568102723,82.06591905607344,0.07440933215534676,0.07440933215534676,1061.6496782579175,81.91975309828688,0.21732482825822816,0.21732482825822816,1094.8044194688932,84.72972877878613,0.0,1.488550910301288,1097.1200522553554
622,82.141,1000.798,0.001307,184723.409,136075.00400000002,175712.71899999998,82.11819340781308,0.022767441984033975,0.022767441984033975,1035.894912271655,82.06645701127594,0.07407387246648929,0.07407387246648929,1061.6374599181208,81.92382676078572,0.2143424120721318,0.2143424120721318,1094.7383799821891,84.12947311113571,0.2240578701429089,2.2925252493482993,1097.6208749898894
623,82.141,1000.798,0.001307,184723.409,136075.00400000002,175712.71899999998,82.11821996849311,0.022753580198486598,0.022753580198486598,1035.8941355186982,82.06683580842575,0.07383686792426063,0.07383686792426063,1061.6288775391968,81.92679180537935,0.21216927407467948,0.21216927407467948,1094.6903116063454,83.76721862666778,0.08345575564996438,1.579670837375665,1097.1361063824907
624,82.141,1000.798,0.001307,184723.409,136075.00400000002,175712.71899999998,82.11823806097703,0.022744067551927247,0.022744067551927247,1035.8936083560386,82.06710228580945,0.07366955496356527,0.07366955496356527,1061.6228562637923,81.92894631309034,0.21058803023240363,0.21058803023240363,1094.6554090903592,84.3724271280823,0.9437667300640447,1.5913836289325032,1097.1695962165861
625,82.141,1000.798,0.001307,184723.409,136075.00400000002,175712.71899999998,82.11825038475921,0.022737540621575972,0.022737540621575972,1035.893250576478,82.06728958191033,0.07355153091738396,0.07355153091738396,1061.618636486597,81.93050935138011,0.20943902592714309,0.20943902592714309,1094.6301237338816,83.65821346589034,0.0,1.170342239241073,1097.7774796901865
626,82.141,1000.798,0.001307,184723.409,136075.00400000002,175712.71899999998,82.11825877891239,0.022733063033401227,0.022733063033401227,1035.8930077503155,82.06742111399299,0.07346833725222204,0.07346833725222204,1061.615682270073,81.9316415621573,0.20860520406565053,0.20860520406565053,1094.6118442964912,83.92476001942008,0.9988853410570597,1.1001641852518902,1097.5392822449214
627,82.141,1000.798,0.001307,184723.409,136075.00400000002,175712.71899999998,82.11826449629253,0.022729991827802724,0.022729991827802724,1035.8928429399991,82.06751341097372,0.07340973703837705,0.07340973703837705,1061.6136160550811,81.93246049837198,0.2080008793965291,0.2080008793965291,1094.5986557177328,85.39616178568835,0.0,1.1239963305639469,1097.90784849422
628,82.141,1000.798,0.001307,184723.409,136075.00400000002,175712.71899999998,82.11826839037164,0.022727885600938157,0.022727885600938157,1035.8927310781016,82.06757812716849,0.0733684886279702,0.0733684886279702,1061.6121722282855,81.93305201231935,0.20756342913758705,0.20756342913758705,1094.5891577852442,85.97158083857313,0.0,1.691043787970142,1097.0523400969153
629,82.141,1000.798,0.001307,184723.409,136075.00400000002,175712.71899999998,82.1182710425347,0.02272644137621122,0.02272644137621122,1035.8926551524107,82.06762347157462,0.073339473547453,0.073339473547453,1061.6111641719058,81.93347868736242,0.20724715502656724,0.20724715502656724,1094.5823295944406,84.73998877961455,0.6081782144072204,1.3963709981317367,1097.1292174538128
630,43.125,1264.44,0.001132,177329.269,170485.17200000002,155888.74599999998,70.860293600797,0.046246179310074964,0.046246179310074964,1113.7337756695147,80.25967706270907,0.08144770133947908,0.08144770133947908,1077.4399186000778,81.72824180605681,0.21470494792058556,0.21470494792058556,1096.692496005795,68.06702613833751,0.0,0.0,1084.8714924036465
631,43.125,1264.44,0.001132,177329.269,170485.17200000002,155888.74599999998,62.72856211877557,0.17842481804299207,0.17842481804299207,1170.2295208294104,76.21454835454894,0.12834470109647816,0.12834470109647816,1108.0691159183862,80.67158594889506,0.2340178508094921,0.2340178508094921,1105.3317849176005,66.19317128029432,0.0,0.0,1093.8189144391956
632,43.125,1264.44,0.001132,177329.269,170485.17200000002,155888.74599999998,56.68009951502464,0.5307650650469645,0.5307650650469645,1210.3794516486134,71.27315881262199,0.28837010630701454,0.28837010630701454,1143.9727794402877,78.57493816264432,0.29673028058061135,0.29673028058061135,1121.3837475805483,65.98743848146579,0.0,0.0,1110.2996784283343
633,43.125,1264.44,0.001132,177329.269,170485.17200000002,155888.74599999998,52.00546941262661,1.1494422237433861,1.1494422237433861,1237.7316331840977,66.10382768587375,0.6757051150356048,0.6757051150356048,1179.227717526791,75.56832630271124,0.4649847913484392,0.4649847913484392,1143.2754470257275,61.813174602729,0.0,0.0,1132.289843960216
634,43.125,1264.44,0.001132,177329.269,170485.17200000002,155888.74599999998,48.308123000694124,1.9587266785733985,1.9587266785733985,1255.469456719793,60.992424351419885,1.4012780490229444,1.4012780490229444,1210.2250250404047,71.85229488730499,0.837058711060252,0.837058711060252,1168.4329499413714,60.702047886640656,0.0,0.0,1157.8805318298616
635,43.125,1264.44,0.001132,177329.269,170485.17200000002,155888.74599999998,45.39337175603415,2.8170186930998247,2.8170186930998247,1266.5857775824602,56.07062465168632,2.501751411998649,2.501751411998649,1235.1509459137067,67.5980543769221,1.5310786064887498,1.5310786064887498,1194.084144754814,55.08737611395317,0.0,0.0,1184.7273460290658
636,43.125,1264.44,0.001132,177329.269,170485.17200000002,155888.74599999998,43.1393889944721,3.6066891829665773,3.6066891829665773,1273.5107931586708,51.45959124975562,3.8945095503668656,3.8945095503668656,1253.7666770318726,62.94643487486897,2.6391368107221,2.6391368107221,1217.8091259850262,52.18296660432166,1.1559933400501867,0.23661750287100933,1208.7613747098642
637,43.125,1264.44,0.001132,177329.269,170485.17200000002,155888.74599999998,41.433282621754586,4.270124542508599,4.270124542508599,1277.9110013175377,47.29844315301009,5.4099773237144255,5.4099773237144255,1267.000742368437,58.055485295468344,4.168527150629372,4.168527150629372,1237.9905224979354,48.830521324091215,2.371866044585112,0.261906396980459,1230.207598248926
638,43.125,1264.44,0.001132,177329.269,170485.17200000002,155888.74599999998,40.16356037808359,4.797407579235203,4.797407579235203,1280.801568405048,43.695678676054754,6.8767393285724845,6.8767393285724845,1276.2662901380488,53.132699584895185,6.015123131526309,6.015123131526309,1254.0589645343675,44.335023872805195,4.4331349302898015,1.4850568817009928,1245.6815364764163
639,43.125,1264.44,0.001132,177329.269,170485.17200000002,155888.74599999998,39.22937107439755,5.202939263170712,5.202939263170712,1282.766076800139,40.68903197684571,8.182902483080207,8.182902483080207,1282.8626081577274,48.40972885455945,8.000677658014176,8.000677658014176,1266.362470182373,40.79750139425741,6.586918975307316,2.4655064266062383,1257.4199322592774
640,43.125,1264.44,0.001132,177329.269,170485.17200000002,155888.74599999998,38.54690336777603,5.508973618339075,5.508973618339075,1284.1379514512353,38.249568090649326,9.283691649847164,9.283691649847164,1287.7213929935335,44.08177060482161,9.946537523453284,9.946537523453284,1275.7300652705123,35.13703556244792,8.679108787540477,5.764224310037704,1266.8288561258953
641,43.125,1264.44,0.001132,177329.269,170485.17200000002,155888.74599999998,38.05037613741637,5.737459563011568,5.737459563011568,1285.1138054960763,36.30915769076647,10.179865087951734,10.179865087951734,1291.4239012551318,40.26580751608092,11.727148823413401,11.727148823413401,1283.0286689411876,31.459521779105323,9.449001848598627,6.614559968836468,1274.4028868696932
642,43.125,1264.44,0.001132,177329.269,170485.17200000002,155888.74599999998,37.68994069649648,5.907034840889378,5.907034840889378,1285.8157087844445,34.78633661586205,10.894315812012065,10.894315812012065,1294.3121826623092,36.999160483048264,13.280996467616667,13.280996467616667,1288.925234404881,27.214682754973815,11.070404745338378,8.281467497848306,1281.0497420357967
643,43.125,1264.44,0.001132,177329.269,170485.17200000002,155888.74599999998,37.428595605159046,6.032476980772663,6.032476980772663,1286.3236123550116,33.602089212709,11.456806352708117,11.456806352708117,1296.590922993606,34.262163565809786,14.595073956577302,14.595073956577302,1293.847145770176,26.382631096149712,13.387984147275354,8.88558173931357,1284.2611856420863
644,43.125,1264.44,0.001132,177329.269,170485.17200000002,155888.74599999998,37.23919847236444,6.125103724610396,6.125103724610396,1286.6921987547273,32.68697934170336,11.896327862735664,11.896327862735664,1298.3928001116853,32.00389267339728,15.68421820076038,15.68421820076038,1298.0383592834673,22.438526666760755,12.92542884289292,10.503845281662752,1288.830596510139
645,43.125,1264.44,0.001132,177329.269,170485.17200000002,155888.74599999998,37.10196855607426,6.19342779243548,6.19342779243548,1286.9599858424617,31.983132539804682,12.238129126422452,12.238129126422452,1299.8132826444821,30.16119212521084,16.575458899958385,16.575458899958385,1301.6317384889537,19.88659653857918,14.261720332064453,11.515577428765237,1292.215570472214
646,43.125,1264.44,0.001132,177329.269,170485.17200000002,155888.74599999998,37.00253968807664,6.243791899984393,6.243791899984393,1287.154584485208,31.443741107643767,12.503061798318903,12.503061798318903,1300.926978874029,28.669996079532133,17.29878619972881,17.29878619972881,1304.7043405428553,18.56831700811705,14.237336378165002,11.072948255723592,1295.7103310295727
647,43.125,1264.44,0.001132,177329.269,170485.17200000002,155888.74599999998,36.93049587955812,6.2808988958590914,6.2808988958590914,1287.2959712872378,31.03161997134343,12.707888636210832,12.707888636210832,1301.7947425626608,27.47102782036366,17.882607067777098,17.882607067777098,1307.3105173011854,16.968502569678606,14.958207610568328,12.37671400711127,1298.2982455621745
648,43.125,1264.44,0.001132,177329.269,170485.17200000002,155888.74599999998,36.87829081761455,6.308227022369852,6.308227022369852,1287.3986615305926,30.71755815926655,12.86589728093992,12.86589728093992,1302.4668030240575,26.51210710295462,18.351947806026065,18.351947806026065,1309.4980607375364,16.466591698897986,16.429279509773025,12.401187626457762,1300.0701022261235
649,43.125,1264.44,0.001132,177329.269,170485.17200000002,155888.74599999998,36.84045863086994,6.328345460500982,6.328345460500982,1287.4732187207987,30.478780703805267,12.987540695379666,12.987540695379666,1302.9844373488272,25.748637977096386,18.72805174379619,18.72805174379619,1311.31408774742,15.350390466553542,16.203205247160906,13.107674834285683,1301.8775377979255
650,43.125,1264.44,0.001132,177329.269,170485.17200000002,155888.74599999998,36.813040377496826,6.343150548929045,6.343150548929045,1287.527332008208,30.297627172367537,13.081004905943901,13.081004905943901,1303.3812013963484,25.14321712988008,19.02859527131599,19.02859527131599,1312.8057942061298,16.43922089402343,15.86479703199388,13.82488506011085,1303.4336650084122
651,43.125,1264.44,0.001132,177329.269,170485.17200000002,155888.74599999998,36.79316832233977,6.354041335727699,6.354041335727699,1287.56659607605,30.160461551358686,13.152680860977052,13.152680860977052,1303.6840443968376,24.66487488880059,19.26812567180632,19.26812567180632,1314.0192339508753,14.909400439165413,16.747449027742395,13.195267952360563,1304.806151113798
652,43.125,1264.44,0.001132,177329.269,170485.17200000002,155888.74599999998,36.778764905520084,6.362049594656626,6.362049594656626,1287.5950792021913,30.05679278202941,13.207545584690237,13.207545584690237,1303.9143643583232,24.28820995993782,19.458538331542854,19.458538331542854,1314.9977589745267,14.437227739876786,16.555777183632134,13.921211805451987,1304.6902975851895
653,43.125,1264.44,0.001132,177329.269,170485.17200000002,155888.74599999998,36.76832482953759,6.367935965882105,6.367935965882105,1287.6157378847045,29.97857467540758,13.24946608407588,13.24946608407588,1304.0889834506308,23.99254279117338,19.609519542194118,19.609519542194118,1315.7808085460947,14.141666194111679,17.339606950205233,13.79050146148967,1306.11439735051
654,43.125,1264.44,0.001132,177329.269,170485.17200000002,155888.74599999998,36.76075730992012,6.372260996827947,6.372260996827947,1287.630719487509,29.91965355025585,13.281440164075127,13.281440164075127,1304.2210158462335,23.761142135829907,19.728931583460355,19.728931583460355,1316.4032272883337,13.666926797643516,16.61084524693214,14.283501520857683,1306.5969883438659
655,43.125,1264.44,0.001132,177329.269,170485.17200000002,155888.74599999998,36.75527185904535,6.375437617124843,6.375437617124843,1287.6415829710575,29.87533525648882,13.305786598302808,13.305786598302808,1304.3206135870976,23.580544296077406,19.82313805380744,19.82313805380744,1316.8950626211933,13.275761751097432,17.411662892362664,14.07121791821571,1307.365828552024
656,43.125,1264.44,0.001132,177329.269,170485.17200000002,155888.74599999998,36.751295571887816,6.377769889706775,6.377769889706775,1287.649459709143,29.842047545235122,13.324294937951413,13.324294937951413,1304.395589887179,23.439967509728262,19.897275151953636,19.897275151953636,1317.281714775303,13.325163545014975,16.938955510799957,13.50864825735717,1308.0699739313511
657,43.125,1264.44,0.001132,177329.269,170485.17200000002,155888.74599999998,36.74841321286257,6.3794816197778355,6.3794816197778355,1287.6551705333272,29.817077953364965,13.338343257438162,13.338343257438162,1304.4519286983211,23.330816023859356,19.955476558883984,19.955476558883984,1317.584308176096,12.856459561895646,16.902566373629536,14.709529610763385,1307.6198408336613
658,43.125,1264.44,0.001132,177329.269,170485.17200000002,155888.74599999998,36.74632381067534,6.38073746965434,6.38073746965434,1287.6593108425568,29.79837110843853,13.34899048039949,13.34899048039949,1304.4941942402781,23.246265029854904,20.00105930830876,20.00105930830876,1317.8201770074159,12.323439527467585,16.828045840420845,14.916827556371025,1308.2663433324983
659,43.125,1264.44,0.001132,177329.269,170485.17200000002,155888.74599999998,36.74480920811475,6.381658537045437,6.381658537045437,1287.6623124454643,29.784372537582456,13.357048591859497,13.357048591859497,1304.5258557722086,23.180916550315285,20.036677096633227,20.036677096633227,1318.003388111742,13.256052704562627,17.092110468708235,13.79108553388373,1309.1297895468344
660,43.125,1264.44,0.001132,177329.269,170485.17200000002,155888.74599999998,36.74371127145408,6.382333843964835,6.382333843964835,1287.6644884699454,29.773908699925524,13.363138970099193,13.363138970099193,1304.5495424534079,23.13051643261526,20.064446468085873,20.064446468085873,1318.1452515957549,13.515414759626038,18.142746990759083,14.117034038522867,1308.658169113173
661,43.125,1264.44,0.001132,177329.269,170485.17200000002,155888.74599999998,36.742915373628435,6.382828806130072,6.382828806130072,1287.6660659615723,29.766095115670453,13.367736212559263,13.367736212559263,1304.5672416724417,23.091723235301643,20.086050410863532,20.086050410863532,1318.2547905650642,13.99730456346199,17.496576021072322,15.296362987029283,1310.1627924354696
662,43.125,1264.44,0.001132,177329.269,170485.17200000002,155888.74599999998,36.742338423340314,6.3831914736480435,6.3831914736480435,1287.667209537629,29.76026620458009,13.371202140669984,13.371202140669984,1304.5804523431782,23.061920685063903,20.10282315232417,20.10282315232417,1318.339156250761,14.12454627926249,16.84693971551954,14.242980043758418,1309.6362615758069
663,43.125,1264.44,0.001132,177329.269,170485.17200000002,155888.74599999998,36.7419201884768,6.383457127373383,6.383457127373383,1287.6680385465165,29.755921839794844,13.373812114838868,13.373812114838868,1304.590302739326,23.039066366202363,20.11581932892756,20.11581932892756,1318.403984476495,13.287690883861998,16.55970351169201,14.39949274351007,1309.7727611972498
664,43.125,1264.44,0.001132,177329.269,170485.17200000002,155888.74599999998,36.741617007027976,6.383651662645427,6.383651662645427,1287.6686395133568,29.752686730279216,13.375775346443628,13.375775346443628,1304.5976406567147,23.021570287824453,20.125870202179044,20.125870202179044,1318.4536952513795,14.305923428102375,17.83786468106587,14.424077181872217,1309.0020671862517
665,43.606,1304.932,0.001296,243840.38900000002,133149.822,220214.228,36.72167227611804,6.558454452380259,6.558454452380259,1304.5906566817416,30.126125122541424,13.029466823251132,13.029466823251132,1301.7283215217487,23.109626007505906,20.035042034247187,20.035042034247187,1327.5274349821364,9.616044572732598,16.5773492691636,11.878829249374673,1313.977861502881
666,43.606,1304.932,0.001296,243840.38900000002,133149.822,220214.228,36.2146771787326,7.170423157816971,7.170423157816971,1311.1826688906585,30.252358672905316,12.962437521829727,12.962437521829727,1303.0029798654682,23.040761105805995,20.117112016467065,20.117112016467065,1330.2758687803305,10.982903028285945,17.096138210452445,12.34284030382976,1317.715722371157
667,43.606,1304.932,0.001296,243840.38900000002,133149.822,220214.228,35.68748985531521,7.768768924462447,7.768768924462447,1313.8704660123424,30.10719690244969,13.175398463207454,13.175398463207454,1304.516934515633,22.914573945200143,20.273232481757688,20.273232481757688,1331.5450947965132,10.52438286316766,17.71809218775997,12.000271033372872,1318.9186239486075
668,43.606,1304.932,0.001296,243840.38900000002,133149.822,220214.228,35.27080460246492,8.23369034006491,8.23369034006491,1315.14002022323,29.821776185816102,13.52553240870344,13.52553240870344,1305.685701762239,22.726511711238686,20.503100288174107,20.503100288174107,1332.4473532034733,9.305806096294997,16.885431660175865,12.586826668185406,1318.8758900243786
669,43.606,1304.932,0.001296,243840.38900000002,133149.822,220214.228,34.96938662719333,8.567806155417072,8.567806155417072,1315.8438207040663,29.49896971581964,13.90491894212173,13.90491894212173,1306.5647731618633,22.486486401670195,20.790991273671793,20.790991273671793,1333.275749259624,8.025092656506533,17.452674099396965,13.116558776592033,1319.737226176652
670,43.606,1304.932,0.001296,243840.38900000002,133149.822,220214.228,34.75847450312429,8.800883159213958,8.800883159213958,1316.2800957022382,29.194154098972597,14.256706180823047,14.256706180823047,1307.2476188394949,22.216615369014146,21.109896289860544,21.109896289860544,1334.1048197919097,8.247997224307303,17.771851961109427,13.385863231175364,1320.6130728030798
671,43.606,1304.932,0.001296,243840.38900000002,133149.822,220214.228,34.61279191216551,8.961590653718028,8.961590653718028,1316.5669185123581,28.930502943214684,14.558039663594238,14.558039663594238,1307.7889727583727,21.939545289623407,21.43372029350904,21.43372029350904,1334.9331048951037,8.22054812179906,18.319737766049474,13.905722615408804,1321.3367632922823
672,43.606,1304.932,0.001296,243840.38900000002,133149.822,220214.228,34.51267208503379,9.071895409859824,9.071895409859824,1316.7604928922322,28.713709254129743,14.804336965215239,14.804336965215239,1308.2188546750338,21.672941475457698,21.74271838242858,21.74271838242858,1335.7348102952167,6.152543338490935,18.51711318628097,13.2144692808597,1323.0857169190826
673,43.606,1304.932,0.001296,243840.38900000002,133149.822,220214.228,34.44399720367708,9.147474347447437,9.147474347447437,1316.8925199050911,28.541149223485874,14.999580901469797,14.999580901469797,1308.5571583372766,21.428334416271596,22.02436091657487,22.02436091657487,1336.4827435883699,8.155225003340652,18.905847943163806,14.624367483599586,1323.357662662591
674,43.606,1304.932,0.001296,243840.38900000002,133149.822,220214.228,34.39692385286979,9.199227749769301,9.199227749769301,1316.982919925667,28.406867835682615,15.15105862839698,15.15105862839698,1308.820017547497,21.21187328746748,22.272259482050572,22.272259482050572,1337.157246077244,6.653003495862416,18.12794918065068,13.169436064640943,1323.6214046583978
675,43.606,1304.932,0.001296,243840.38900000002,133149.822,220214.228,34.364664446840244,9.234659621585113,9.234659621585113,1317.044895697123,28.304101294129865,15.26671550405169,15.26671550405169,1309.02162167901,21.025656157706372,22.484559079887262,22.484559079887262,1337.748023171658,6.9420927318756815,19.034425679621364,14.466061595940861,1324.7035530051844
676,43.606,1304.932,0.001296,243840.38900000002,133149.822,220214.228,34.34255812876332,9.25891645854709,9.25891645854709,1317.087396777,28.226457687564462,15.353933200911838,15.353933200911838,1309.1744275154024,20.86904693537601,22.662408684585692,22.662408684585692,1338.25286731822,6.96210396185462,18.237074250989487,13.942392822275595,1325.1446225840307
677,43.606,1304.932,0.001296,243840.38900000002,133149.822,220214.228,34.32740927046195,9.275523088747825,9.275523088747825,1317.1165416246872,28.16839359955731,15.419054057581874,15.419054057581874,1309.289060545863,20.73976052739377,22.80872679618799,22.80872679618799,1338.6754104844008,6.875512022242269,18.864380242853525,15.138631872779536,1325.35585065586
678,43.606,1304.932,0.001296,243840.38900000002,133149.822,220214.228,34.31702794076325,9.286892598055335,9.286892598055335,1317.1365251263553,28.12533448108109,15.467280950863131,15.467280950863131,1309.374302629392,20.634669389159313,22.927297753961962,22.927297753961962,1339.0229086657691,7.1246891738749145,19.001404223063812,15.179748436608744,1325.6200287540728
679,43.606,1304.932,0.001296,243840.38900000002,133149.822,220214.228,34.30991358557632,9.294676810398736,9.294676810398736,1317.1502254020386,28.093625798239252,15.502753152800544,15.502753152800544,1309.4372152820122,20.55035738013601,23.0221599525374,23.0221599525374,1339.3044440571778,6.179350842812635,19.177225057699193,15.583279332152815,1325.815870270124
680,43.606,1304.932,0.001296,243840.38900000002,133149.822,220214.228,34.305038011433155,9.3000064605075,9.3000064605075,1317.1596171134536,28.070414126512176,15.5286925453191,15.5286925453191,1309.483350917242,20.483471470487977,23.097223734915016,23.097223734915016,1339.5296273969861,5.6580821883990415,18.973496216598353,14.8443568970165,1326.545118429512
681,43.606,1304.932,0.001296,243840.38900000002,133149.822,220214.228,34.30169666347422,9.303655612870045,9.303655612870045,1317.1660547811914,28.053509296237284,15.547566089582078,15.547566089582078,1309.5169975776225,20.430924065674223,23.15605684422174,23.15605684422174,1339.7077506922585,5.225337366384272,20.094691786059112,14.79313255013503,1325.6994561324937
682,43.606,1304.932,0.001296,243840.38900000002,133149.822,220214.228,34.29940673588978,9.30615419177727,9.30615419177727,1317.170467331357,28.041252390746468,15.561238650529777,15.561238650529777,1309.5414193414942,20.389991659367844,23.201784776367646,23.201784776367646,1339.8472952950972,4.583870810760246,19.43938479237825,15.008178581800799,1326.8314041673054
683,43.606,1304.932,0.001296,243840.38900000002,133149.822,220214.228,34.29783736829333,9.307864997813187,9.307864997813187,1317.1734917002375,28.032400164154833,15.571105498515813,15.571105498515813,1309.5590718885835,20.358345744731974,23.23706522778463,23.23706522778463,1339.955696565086,5.852386521545514,19.52117226720094,15.000649661479823,1326.7465122204662
684,43.606,1304.932,0.001296,243840.38900000002,133149.822,220214.228,34.29676182072393,9.309036422235373,9.309036422235373,1317.175564554345,28.0260289660264,15.578201754801022,15.578201754801022,1309.5717850283152,20.33404244663899,23.264106924686665,23.264106924686665,1340.0392801138562,6.1519276783551025,19.16303331923838,15.331746957257018,1327.2362035017866
685,43.606,1304.932,0.001296,243840.38900000002,133149.822,220214.228,34.296024704527355,9.309838530459105,9.309838530459105,1317.1769852302607,28.02145755700725,15.583289927773201,15.583289927773201,1309.5809113625153,20.315489373722357,23.284712281091164,23.284712281091164,1340.1033036243507,8.139962839404411,19.06089658392348,14.75127408624796,1326.7320630260022
686,43.606,1304.932,0.001296,243840.38900000002,133149.822,220214.228,34.29551952790886,9.310387763212853,9.310387763212853,1317.1779589097,28.01818657797445,15.586928334527009,15.586928334527009,1309.5874440445002,20.301402002845535,23.300330359044693,23.300330359044693,1340.1520566155082,6.491980255343431,19.883716682456445,14.799526447509349,1327.3931053505864
687,43.606,1304.932,0.001296,243840.38900000002,133149.822,220214.228,34.29517330867853,9.310763846768689,9.310763846768689,1317.1786262284656,28.01585192530925,15.589523666610752,15.589523666610752,1309.592108145899,20.290757361077162,23.312111715892186,23.312111715892186,1340.1889858992802,4.714132198658098,19.33498930975585,14.673453050628533,1326.679031226392
688,43.606,1304.932,0.001296,243840.38900000002,133149.822,220214.228,34.29493602952573,9.311021370047131,9.311021370047131,1317.179083577931,28.014189334650318,15.59137083490038,15.59137083490038,1309.595430425881,20.282749573496602,23.320960282009032,23.320960282009032,1340.216826272992,4.818881309710945,19.281463429867394,14.96563051527239,1326.8442556687971
689,43.606,1304.932,0.001296,243840.38900000002,133149.822,220214.228,34.29477341164791,9.311197710807228,9.311197710807228,1317.179397022895,28.013007776420924,15.592682848194677,15.592682848194677,1309.5977919425911,20.276749689260807,23.327579788366613,23.327579788366613,1340.2377244815814,4.586440387561766,19.46368371129122,15.36749372666671,1326.3627711151717
690,43.606,1304.932,0.001296,243840.38900000002,133149.822,220214.228,34.294661962383174,9.311318462400012,9.311318462400012,1317.1796118421678,28.01216965172248,15.593613021191775,15.593613021191775,1309.5994673261653,20.27227080699822,23.332513779056377,23.332513779056377,1340.2533502720169,6.053301559271561,19.498207979136648,15.417922019996466,1326.355988510679
691,43.606,1304.932,0.001296,243840.38900000002,133149.822,220214.228,34.29458558121932,9.311401149331525,9.311401149331525,1317.1797590681228,28.011576161654993,15.594271359706896,15.594271359706896,1309.6006538519036,20.26893866919398,23.33617915760344,23.33617915760344,1340.264992098975,5.170739940435602,19.810464754067624,15.934064288032067,1326.730710640756
692,43.606,1304.932,0.001296,243840.38900000002,133149.822,220214.228,34.2945332337808,9.311457771259779,9.311457771259779,1317.1798599690062,28.011156567681457,15.594736574408676,15.594736574408676,1309.6014928136,20.266467411651867,23.338893723253854,23.338893723253854,1340.2736373067257,4.719863622480835,19.854367403423563,15.795518652744146,1326.657293538453
693,43.606,1304.932,0.001296,243840.38900000002,133149.822,220214.228,34.29449735772691,9.311496544861356,9.311496544861356,1317.179929121074,28.01086035139916,15.595064842173132,15.595064842173132,1309.6020851441158,20.264639911916255,23.340898396828038,23.340898396828038,1340.2800378724821,5.79704518760955,19.23362436449455,15.679276665323641,1327.4625809934887
694,43.606,1304.932,0.001296,243840.38900000002,133149.822,220214.228,34.294472770251026,9.311523096497437,9.311523096497437,1317.1799765141745,28.010651518135962,15.595296165834815,15.595296165834815,1309.6025027741775,20.2632920900377,23.342374915317446,23.342374915317446,1340.284763400184,6.841331816053044,19.878516041758136,15.461034638609437,1327.140950261085
695,43.606,1304.932,0.001296,243840.38900000002,133149.822,220214.228,34.29445591934495,9.311541278848486,9.311541278848486,1317.1800089948379,28.0105044753605,15.595458971838852,15.595458971838852,1309.6027968561452,20.262300514695905,23.34345975831851,23.34345975831851,1340.288243250071,6.239228840170498,19.25827229847458,14.510056078234227,1325.4976989421818
696,43.606,1304.932,0.001296,243840.38900000002,133149.822,220214.228,34.29444437065846,9.311553730081359,9.311553730081359,1317.1800312553185,28.010401061465988,15.59557342206059,15.59557342206059,1309.6030036953193,20.26157271653128,23.34425500252296,23.34425500252296,1340.2907996489905,6.722138170068883,19.60771039670763,14.871830832744715,1327.167257962801
697,43.606,1304.932,0.001296,243840.38900000002,133149.822,220214.228,34.294436455822115,9.311562256726686,9.311562256726686,1317.1800465114384,28.010328410822016,15.595653791769235,15.595653791769235,1309.6031490134387,20.261039682359893,23.34483671126035,23.34483671126035,1340.2926734613966,6.031747832293153,19.177256769860143,14.61140954308304,1327.091133119852
698,43.606,1304.932,0.001296,243840.38900000002,133149.822,220214.228,34.29443103142724,9.311568095848424,9.311568095848424,1317.18005696715,28.01027742418784,15.595710172170342,15.595710172170342,1309.6032510041755,20.260650082693605,23.345261371697045,23.345261371697045,1340.2940440821449,5.171529741610863,19.733924699337063,14.87735395988262,1326.6782936679704
699,43.606,1304.932,0.001296,243840.38900000002,133149.822,220214.228,34.294427313844324,9.311572094562163,9.311572094562163,1317.1800641329237,28.010241675707046,15.59574968622672,15.59574968622672,1309.6033225170304,20.26036586141467,23.34557080242179,23.34557080242179,1340.295044681818,5.254305366424851,19.94369231803161,15.109749145333975,1326.6724912342893
700,96.721,1101.648,0.001033,141601.135,259086.256,178321.27300000002,48.87312288353678,8.886945470361253,8.886945470361253,1259.0857558122227,29.31291139761249,16.373159514484914,16.373159514484914,1318.7999471659875,20.000267999614493,23.814893776659407,23.814893776659407,1336.3527322797431,28.832052276554958,25.404734351244606,29.318458977897667,1346.2353164098365
701,96.721,1101.648,0.001033,141601.135,259086.256,178321.27300000002,60.54072183028668,7.601643550014657,7.601643550014657,1223.3914744175754,33.55658712225425,16.87273791889082,16.87273791889082,1309.8531947533775,20.66524582659414,24.274774288136307,24.274774288136307,1334.1978576377537,27.71525263579796,25.826399424220202,29.1214249869457,1343.3129619261179
702,96.721,1101.648,0.001033,141601.135,259086.256,178321.27300000002,69.50711508675516,6.25087601640925,6.25087601640925,1198.5596260331356,39.55296712722816,16.715713329623874,16.715713329623874,1295.291711230843,22.5477143019098,24.661334082138602,24.661334082138602,1328.9598863771187,31.003711496640577,26.065743861204673,29.51892392239532,1338.3539111612472
703,96.721,1101.648,0.001033,141601.135,259086.256,178321.27300000002,76.29147644674242,5.052730789830537,5.052730789830537,1180.5843133070214,46.303417023625855,15.979717432977026,15.979717432977026,1279.5825835564413,25.652663101349095,24.816398565496275,24.816398565496275,1320.7076115501711,33.196684800683244,25.739389126516855,29.263728715331396,1329.531762918433
704,96.721,1101.648,0.001033,141601.135,259086.256,178321.27300000002,81.38404984849107,4.0577603723606535,4.0577603723606535,1167.3588367959355,53.11925561120824,14.84545004269495,14.84545004269495,1264.4709255564728,29.782756868813188,24.641546961156447,24.641546961156447,1310.5689066357263,37.32320859371013,25.053782627603614,29.483906499215596,1319.245677795159
705,96.721,1101.648,0.001033,141601.135,259086.256,178321.27300000002,85.18914673372676,3.258338494283218,3.258338494283218,1157.5542068471009,59.570240835544745,13.49347127244024,13.49347127244024,1250.6537944282204,34.65344288815375,24.10796402986294,24.10796402986294,1299.6420908480775,43.01140800668616,26.437375799640705,29.094680223886698,1309.457350787441
706,96.721,1101.648,0.001033,141601.135,259086.256,178321.27300000002,88.02419303694077,2.6280158510520564,2.6280158510520564,1150.2579352267796,65.41744598347697,12.06973470985458,12.06973470985458,1238.3808205470477,39.96534715143846,23.242377263520627,23.242377263520627,1288.6960615127207,50.0002785091128,25.23085608109969,28.82522243505398,1297.5419408143196
707,96.721,1101.648,0.001033,141601.135,259086.256,178321.27300000002,90.13262771393876,2.1367907543685933,2.1367907543685933,1144.8174455108538,70.55542067928029,10.677637257654904,10.677637257654904,1227.692965115051,45.44524348049878,22.10713568220335,22.10713568220335,1278.1914720670447,55.72631857465754,24.88060501580815,27.752721719737178,1288.2609367732964
708,96.721,1101.648,0.001033,141601.135,259086.256,178321.27300000002,91.6987814128213,1.7568931265445704,1.7568931265445704,1140.756402404784,74.96634319569273,9.38201249498694,9.38201249498694,1218.526113711496,50.86667531832009,20.78106426444707,20.78106426444707,1268.3796060570655,61.432086265284426,24.046990175194086,26.08912816168468,1279.5408261716311
709,96.721,1101.648,0.001033,141601.135,259086.256,178321.27300000002,92.86117991196518,1.4646375471881878,1.4646375471881878,1137.7233676979297,78.68564451961481,8.217502606538703,8.217502606538703,1210.761756780988,56.05716227311201,19.34455380309735,19.34455380309735,1259.3850087858089,67.37042967895684,22.45812561846786,25.925888135780294,1269.546649994906
710,96.721,1101.648,0.001033,141601.135,259086.256,178321.27300000002,93.72343663017325,1.2406483323705915,1.2406483323705915,1135.457530130097,81.77759447820779,7.197343131116205,7.197343131116205,1204.2552820898043,60.896883849626235,17.869849106618474,17.869849106618474,1251.257282650071,73.63142926908262,22.13070298715206,24.765855066076483,1262.1834948832163
711,96.721,1101.648,0.001033,141601.135,259086.256,178321.27300000002,94.36281400259658,1.0694531362543558,1.0694531362543558,1133.7646958751045,84.31889965828611,6.320827988708506,6.320827988708506,1198.8533418211885,65.312488633671,16.415989317235574,16.415989317235574,1244.000459245684,78.06891473482793,20.400467618663978,23.50362990380321,1256.043641871243
712,96.721,1101.648,0.001033,141601.135,259086.256,178321.27300000002,94.83680675042456,0.9388815230561232,0.9388815230561232,1132.4999989989608,86.38833472434474,5.578976424732273,5.578976424732273,1194.4048691561222,69.26866765340466,15.027237771310396,15.027237771310396,1237.589550443049,84.11652381853973,19.312518305403717,22.848689212935728,1250.335526450352
713,96.721,1101.648,0.001033,141601.135,259086.256,178321.27300000002,95.18813948728625,0.8394551629827172,0.8394551629827172,1131.5552541275804,88.06066878389267,4.95851760439859,4.95851760439859,1190.767880103046,72.75927226031102,13.733773187316809,13.733773187316809,1231.980504356991,88.76506250834011,19.925115811092613,22.165434481073557,1243.542150674721
714,96.721,1101.648,0.001033,141601.135,259086.256,178321.27300000002,95.44853036531389,0.7638427282941096,0.7638427282941096,1130.8496200490647,89.40349945830017,4.444521614487373,4.444521614487373,1187.8133115013195,75.79906183020256,12.553613425621078,12.553613425621078,1227.1168761386123,89.7299987649131,19.103266899832935,21.15020227347658,1241.1514193959651
715,96.721,1101.648,0.001033,141601.135,259086.256,178321.27300000002,95.64151072799854,0.7064011064627262,0.7064011064627262,1130.3226699940792,90.47596075412883,4.02203084422826,4.02203084422826,1185.4267726480564,78.41664270824165,11.495026199398414,11.495026199398414,1222.934767971842,94.68233478009695,18.55905658866229,21.53266464262802,1236.1970094415246
716,96.721,1101.648,0.001033,141601.135,259086.256,178321.27300000002,95.78453017315945,0.6628020803729883,0.6628020803729883,1129.9292313121027,91.32857327121162,3.6769952927627187,3.6769952927627187,1183.508874714058,80.64879640922,10.558950027320687,10.558950027320687,1219.3666956202846,97.05417766591057,17.94526286364703,19.84470316310551,1232.6531265578128
717,96.721,1101.648,0.001033,141601.135,259086.256,178321.27300000002,95.89052435995322,0.6297347900965163,0.6297347900965163,1129.6355350502295,92.00374101551095,3.3967456041471547,3.3967456041471547,1181.9746432939185,82.53616702281144,9.741161824852917,9.741161824852917,1216.3446388477873,100.03255121380157,17.289767182714577,19.949094049015592,1229.4806116956343
718,96.721,1101.648,0.001033,141601.135,259086.256,178321.27300000002,95.96908072834447,0.6046717813725205,0.6046717813725205,1129.416339428593,92.53657192919427,3.170172695239939,3.170172695239939,1180.7523888229,84.12015328004048,9.034076640608932,9.034076640608932,1213.8023845649805,102.20656785505956,16.886653932721057,19.315476378083893,1227.5918400756445
719,96.721,1101.648,0.001033,141601.135,259086.256,178321.27300000002,96.02730423512895,0.5856867403002206,0.5856867403002206,1129.2527793380768,92.95582050769998,2.987730582367348,2.987730582367348,1179.7823024576433,85.4407983564103,8.428158437474822,8.428158437474822,1211.6772346267624,103.060644754295,15.840671835860668,19.618690537843225,1225.058762723536
720,96.721,1101.648,0.001033,141601.135,259086.256,178321.27300000002,96.07045977253165,0.571313414391163,0.571313414391163,1129.130757983035,93.28483298260079,2.841340065781205,2.841340065781205,1179.0149601507496,86.53546353791582,7.912972381101384,7.912972381101384,1209.9111532430286,104.2443434491742,16.34006764659978,19.72664046850527,1224.6883284631094
721,96.721,1101.648,0.001033,141601.135,259086.256,178321.27300000002,96.10244859872029,0.5604369248708255,0.5604369248708255,1129.0397437808615,93.54242940228376,2.724243273885466,2.724243273885466,1178.4098530707495,87.43809019970193,7.477932464728085,7.477932464728085,1208.451439423276,104.35977917269564,16.6574362141821,18.683262143163493,1223.5813738090576
722,96.721,1101.648,0.001033,141601.135,259086.256,178321.27300000002,96.12616152711931,0.5522103241883004,0.5522103241883004,1128.9718703789558,93.74369112232772,2.6308400967206693,2.6308400967206693,1177.9340152589734,88.17888433530078,7.1128044253259075,7.1128044253259075,1207.25101556864,107.54777243168544,16.573811849018014,18.481352998770614,1220.9247129120267
723,96.721,1101.648,0.001033,141601.135,259086.256,178321.27300000002,96.14374068359554,0.5459907036038484,0.5459907036038484,1128.921263466571,93.90064308768865,2.556524882889498,2.556524882889498,1177.5607861259227,88.78429052749983,6.808020598077529,6.808020598077529,1206.2684216741138,107.45714558196325,16.369552776622452,19.136758420263913,1221.3483977692147
724,96.721,1101.648,0.001033,141601.135,259086.256,178321.27300000002,96.15677346733784,0.5412903701388772,0.5412903701388772,1128.8835372988099,94.022832384038,2.4975335481455465,2.4975335481455465,1177.2687228707662,89.27715297719055,6.554855689422055,6.554855689422055,1205.467596902909,108.4184780823386,15.094808981186878,18.763823726676527,1220.117020528326
725,96.721,1101.648,0.001033,141601.135,259086.256,178321.27300000002,96.16643626004937,0.5377395989294403,0.5377395989294403,1128.8554182170424,94.11781099494377,2.4508060408430414,2.4508060408430414,1177.0406633850876,89.67698775025794,6.345503453507177,6.345503453507177,1204.8175188972093,108.99806469723593,15.144649172576226,18.145450817125873,1220.6531858380472
726,96.721,1101.648,0.001033,141601.135,259086.256,178321.27300000002,96.17360089714406,0.5350582537355427,0.5350582537355427,1128.8344631922869,94.19153364782957,2.413865924406121,2.413865924406121,1176.862931422934,90.00031206495295,6.17308557235521,6.17308557235521,1204.291758289784,111.16034205992769,15.613054564840088,17.752603896030465,1219.1147480101026
727,96.721,1101.648,0.001033,141601.135,259086.256,178321.27300000002,96.17891354889741,0.5330341876425512,0.5330341876425512,1128.8188494566211,94.24868247026495,2.384716972068991,2.384716972068991,1176.7246710345735,90.26099338559374,6.031616429993357,6.031616429993357,1203.8679931074216,108.6084362178214,15.353646388806396,17.01000386444314,1218.8714591217176
728,96.721,1101.648,0.001033,141601.135,259086.256,178321.27300000002,96.18285316172945,0.5315068191802361,0.5315068191802361,1128.807217305805,94.29292982006149,2.361755650095985,2.361755650095985,1176.617295159784,90.47059388846714,5.9159411869413665,5.9159411869413665,1203.5275161346087,109.48106098347756,15.017245810532152,17.552998475123957,1218.32830229592
729,96.721,1101.648,0.001033,141601.135,259086.256,178321.27300000002,96.18577475743803,0.5303546537071194,0.5303546537071194,1128.7985526628568,94.32714967435393,2.343697875886345,2.343697875886345,1176.5340329028047,90.63869524122578,5.821659581763588,5.821659581763588,1203.2547583618511,109.2479891238453,15.387005723921073,17.74479010438221,1218.355538261758
730,96.721,1101.648,0.001033,141601.135,259086.256,178321.27300000002,96.1879415151455,0.5294858090127013,0.5294858090127013,1128.7920993671726,94.35358671861722,2.329518268802876,2.329518268802876,1176.4695606878993,90.77319530089349,5.7450440611625915,5.7450440611625915,1203.0368435478879,108.86902330929247,15.448658376753187,17.14696697088528,1216.9724642758852
731,96.721,1101.648,0.001033,141601.135,259086.256,178321.27300000002,96.1895485432858,0.5288308264267747,0.5288308264267747,1128.7872936809586,94.37399097563613,2.3184001297801022,2.3184001297801022,1176.4197037544775,90.88057292278108,5.682957975730262,5.682957975730262,1202.8631826196206,110.33267893985501,14.582042220609884,18.4858343277505,1217.6983415893744
732,96.721,1101.648,0.001033,141601.135,259086.256,178321.27300000002,96.19074049520079,0.5283372192610155,0.5283372192610155,1128.7837153969267,94.3897245732005,2.3096945053742775,2.3096945053742775,1176.3811959811549,90.96612011341209,5.632777481813244,5.632777481813244,1202.725111928872,109.459396981147,14.194508909225263,16.648317251501254,1218.6029374640484
733,96.721,1101.648,0.001033,141601.135,259086.256,178321.27300000002,96.19162462357603,0.5279653409420193,0.5279653409420193,1128.7810513476043,94.40184612606343,2.3028868598311245,2.3028868598311245,1176.3514876276727,91.03414267872363,5.592319288819261,5.592319288819261,1202.615576033307,112.17228775381236,14.526566519088508,17.4340157100302,1217.6808787242453
734,96.721,1101.648,0.001033,141601.135,259086.256,178321.27300000002,96.19228045539201,0.5276852549455896,0.5276852549455896,1128.779068176657,94.41117722556068,2.297570062891167,2.297570062891167,1176.3285921293018,91.088131642076,5.559775341693721,5.559775341693721,1202.5288534098358,111.24928189320826,14.10133468611683,17.081684578532062,1217.5013415835388
735,55.021,1034.639,0.001473,208303.43300000002,255601.22900000002,204673.144,81.40126038546612,0.42441591950400553,0.42441591950400553,1106.603233755424,91.6302024186765,2.033244131858785,2.033244131858785,1166.7824482935075,91.12350003512613,5.1148082797525944,5.1148082797525944,1199.495777817837,103.88001565603987,12.010465189438925,12.912340668073384,1208.7409800703792
736,55.021,1034.639,0.001473,208303.43300000002,255601.22900000002,204673.144,71.93400622290471,0.3174132749128366,0.3174132749128366,1094.296718932037,85.75995614998133,1.715066296045102,1.715066296045102,1155.8642452765514,89.53482551573677,4.640328711654364,4.640328711654364,1194.1184259856511,100.82146637561651,11.607046544082564,12.500380712486756,1202.0606846510927
737,55.021,1034.639,0.001473,208303.43300000002,255601.22900000002,204673.144,65.86254950450567,0.23440428403991354,0.23440428403991354,1087.9242249954746,79.38139727453239,1.395962628801414,1.395962628801414,1147.0460575315562,86.38163157235957,4.108508359262559,4.108508359262559,1187.8156077036576,97.18418775525869,9.77530234696497,11.14480407981458,1194.1298531492755
738,55.021,1034.639,0.001473,208303.43300000002,255601.22900000002,204673.144,61.96563103380208,0.17514642382369347,0.17514642382369347,1084.9889909132733,73.60628112355089,1.1174943499915466,1.1174943499915466,1141.2150528608831,82.27722585057303,3.555328275173325,3.555328275173325,1182.0434657899457,90.41309842322896,7.241763426976736,9.136720305117853,1189.339924283315
739,55.021,1034.639,0.001473,208303.43300000002,255601.22900000002,204673.144,59.46326398496267,0.1344281910682083,0.1344281910682083,1083.938996246994,68.81455486243645,0.8941032473323105,0.8941032473323105,1138.1331454133338,77.84045343528885,3.0302602956230817,3.0302602956230817,1177.7056786222417,85.15630680470063,6.050473987936465,7.759205497895261,1183.3940086516177
740,55.021,1034.639,0.001473,208303.43300000002,255601.22900000002,204673.144,57.855860120643996,0.10710139413727868,0.10710139413727868,1083.8453544069362,65.03805104529434,0.7244325457328084,0.7244325457328084,1137.153282562117,73.52862703001156,2.568343520619458,2.568343520619458,1175.144702560772,80.46567060783937,4.857267110610285,6.066858504270214,1181.1366569050067
741,55.021,1034.639,0.001473,208303.43300000002,255601.22900000002,204673.144,56.82304151314555,0.08909234981839723,0.08909234981839723,1084.1782926237668,62.160754932326896,0.6007121323851143,0.6007121323851143,1137.573115050919,69.61916237825,2.185630901746236,2.185630901746236,1174.2929834393256,74.86524899575775,4.596560410381732,5.75700824742343,1179.6098825927008
742,55.021,1034.639,0.001473,208303.43300000002,255601.22900000002,204673.144,56.15923116409975,0.07741603919645688,0.07741603919645688,1084.6532717618522,60.020223279222094,0.513651105536664,0.513651105536664,1138.7935776029642,66.24335876604599,1.883943076391697,1.883943076391697,1174.8441386339039,72.63704493487299,2.831854210567623,4.515281094976918,1179.273657733854
743,55.021,1034.639,0.001473,208303.43300000002,255601.22900000002,204673.144,55.73246841845061,0.06996654594993619,0.06996654594993619,1085.1296590547627,58.45552189677136,0.4545465582912479,0.4545465582912479,1140.370099175039,63.4314441374558,1.6567507462732678,1.6567507462732678,1176.3955294097905,67.63151692936327,2.704026174686202,4.801802939719133,1180.9268091863373
744,55.021,1034.639,0.001473,208303.43300000002,255601.22900000002,204673.144,55.45802384850001,0.06529343724863769,0.06529343724863769,1085.5470976655774,57.32689860351867,0.416022717789847,0.416022717789847,1142.0082845870515,61.1525294384199,1.4935753427397034,1.4935753427397034,1178.5478162074255,64.70551888808843,3.1238220145500435,4.013935199974385,1183.6244141977165
745,55.021,1034.639,0.001473,208303.43300000002,255601.22900000002,204673.144,55.281480507059065,0.0624160448701854,0.0624160448701854,1085.8873459656224,56.5212108973008,0.39216599046747835,0.39216599046747835,1143.5356507536605,59.34451193022736,1.3827259297483019,1.3827259297483019,1180.9625734836598,64.51734507439343,2.408073467966229,4.653971305003793,1185.4180364866174
746,55.021,1034.639,0.001473,208303.43300000002,255601.22900000002,204673.144,55.167880432044164,0.06068197165135112,0.06068197165135112,1086.1524069694685,55.950751587403126,0.37841643815410947,0.37841643815410947,1144.8676425714264,57.93402398511955,1.312838606326852,1.312838606326852,1183.386201144864,63.26115789397728,2.8431509071304593,3.6786614265074458,1187.1457608770484
747,55.021,1034.639,0.001473,208303.43300000002,255601.22900000002,204673.144,55.09476020677422,0.0596637990581551,0.0596637990581551,1086.3525967777775,55.54949541191964,0.3713732704736779,0.3713732704736779,1145.9770899448765,56.8483885779563,1.2736794308064496,1.2736794308064496,1185.6507181942147,60.73109640942116,2.3246429191590265,3.98710411101995,1189.7410457827402
748,55.021,1034.639,0.001473,208303.43300000002,255601.22900000002,204673.144,55.04768109418764,0.05908571625299316,0.05908571625299316,1086.5004259798739,55.26876732849051,0.3685811397572519,0.3685811397572519,1146.8705336138748,56.02188251895938,1.2565174474787983,1.2565174474787983,1187.6614350008201,58.96597792988827,2.8320118196506723,4.198138306202103,1192.0024290122014
749,55.021,1034.639,0.001473,208303.43300000002,255601.22900000002,204673.144,55.01735961091326,0.05877249014506944,0.05877249014506944,1086.60774127982,55.07323389843459,0.3683263522950335,0.3683263522950335,1147.571674196765,55.3983100627243,1.2542406423734798,1.2542406423734798,1189.3793441595146,60.62648793422309,1.752400328639642,4.159369594229049,1193.64492680754
