time_index,CA0,T_in,v,q1_dot,q2_dot,q3_dot,CA1_clean,CB1_clean,CC1_clean,T1_clean,CA2_clean,CB2_clean,CC2_clean,T2_clean,CA3_clean,CB3_clean,CC3_clean,T3_clean,CA_final_measured,CB_final_measured,CC_final_measured,T_out_final_measured
0,87.115,1340.7,0.000804,138120.658,215693.309,179961.132,87.115,0.1,0.1,1340.7,87.115,0.1,0.1,1340.7,87.115,0.1,0.1,1340.7,103.47829807896233,13.276611539376002,11.904336403748772,1349.404067535241
1,87.115,1340.7,0.000804,138120.658,215693.309,179961.132,77.44707297943677,9.74649546807492,9.74649546807492,1306.4342310482016,76.11734365174345,11.09517550463561,11.09517550463561,1306.6646924165052,76.14675270252975,11.068051910612656,11.068051910612656,1305.0822014138053,84.83070923241533,18.211916589170105,16.477046422139622,1309.4670382220177
2,87.115,1340.7,0.000804,138120.658,215693.309,179961.132,73.6752999358225,13.501430073621481,13.501430073621481,1295.2286253964708,70.3926960669569,16.813812497986202,16.813812497986202,1293.3921703876679,70.16304271437424,17.05064844002963,17.05064844002963,1290.5434284619823,75.73936636045529,20.646000022561815,20.611180897927763,1293.3377284434036
3,87.115,1340.7,0.000804,138120.658,215693.309,179961.132,71.72553984621541,15.437960463853562,15.437960463853562,1290.8544141639452,66.60430096144367,20.594294171745887,20.594294171745887,1287.5321692960606,65.8358461241392,21.375446318114218,21.375446318114218,1283.570301110181,69.54285580290728,23.690635498582452,22.86212492225594,1284.8472552942412
4,87.115,1340.7,0.000804,138120.658,215693.309,179961.132,70.57825194749554,16.574853993163995,16.574853993163995,1289.1099984749108,63.85833457629445,23.331535974608876,23.331535974608876,1285.1352214135193,62.3675546574789,24.840051143405475,24.840051143405475,1280.3943792439711,63.4587012267003,25.62112510549466,26.221908243169093,1281.0068615549328
5,87.115,1340.7,0.000804,138120.658,215693.309,179961.132,69.84372282066948,17.301216425316426,17.301216425316426,1288.4522810389428,61.76998730520706,25.411058670156706,25.411058670156706,1284.454637701213,59.45440040480665,27.74841793018111,27.74841793018111,1279.3499383271387,60.69184643615397,28.536758027121245,27.503230863944655,1279.8076634075226
6,87.115,1340.7,0.000804,138120.658,215693.309,179961.132,69.34458938999285,17.793933410774997,17.793933410774997,1288.2464375423142,60.134686982735865,27.037878014095288,27.037878014095288,1284.6041615613346,56.95046793459903,30.246729996863547,30.246729996863547,1279.5286638870218,57.3043813774873,29.732030772226686,29.862618273901006,1279.7746060444633
7,87.115,1340.7,0.000804,138120.658,215693.309,179961.132,68.99110036618053,18.142381133194032,18.142381133194032,1288.2215464710362,58.8304243526788,28.334261309132554,28.334261309132554,1285.1179108706908,54.77411815483952,32.416910062197424,32.416910062197424,1280.3860577853077,52.80758876629144,31.01680020095262,31.75105486312118,1280.1244466586415
8,87.115,1340.7,0.000804,138120.658,215693.309,179961.132,68.73377634841871,18.395744278716762,18.395744278716762,1288.2619104897021,57.778500504990554,29.379039123271347,29.379039123271347,1285.7541832985867,52.87393682224869,34.31063553934419,34.31063553934419,1281.5857556604979,51.02666908188232,33.27899011705805,32.68090563060529,1281.1661852551576
9,87.115,1340.7,0.000804,138120.658,215693.309,179961.132,68.54313002197927,18.58327860933005,18.58327860933005,1288.3194091292883,56.92475457258279,30.226419914693988,30.226419914693988,1286.3931874375414,51.21393641639403,35.964118931766855,35.964118931766855,1282.9211797799023,49.25517641453805,33.69273139799618,34.102697218344645,1282.2019672799643
10,87.115,1340.7,0.000804,138120.658,215693.309,179961.132,68.40033023598288,18.72363334851918,18.72363334851918,1288.3752895119057,56.229753829629665,30.9158299199242,30.9158299199242,1286.9805906084355,49.766349324312344,37.4053083449147,37.4053083449147,1284.2688851172213,48.05392086770616,34.04938913396148,34.55633490639793,1283.8174883024494
11,87.115,1340.7,0.000804,138120.658,215693.309,179961.132,68.29265323739389,18.829389311790763,18.829389311790763,1288.4233196372002,55.66344062479472,31.477287215223683,31.477287215223683,1287.4961783272777,48.50794367544404,38.65757207185087,38.65757207185087,1285.5584399808486,46.22480220158914,35.12792592474378,36.77526945637421,1284.1275539431008
12,87.115,1340.7,0.000804,138120.658,215693.309,179961.132,68.21113346122203,18.90939976033758,18.90939976033758,1288.4623816291878,55.20212097066059,31.934427606812985,31.934427606812985,1287.9367357766039,47.4181654773704,39.741560523504546,39.741560523504546,1286.752635351653,44.1475204683222,36.76662738264656,37.97400715020051,1285.650439506442
13,87.115,1340.7,0.000804,138120.658,215693.309,179961.132,68.14926818090031,18.97007918537646,18.97007918537646,1288.4932610524531,54.82670320733046,32.30627576016014,32.30627576016014,1288.306924306098,46.478266120670014,40.67608447141994,40.67608447141994,1287.83464557821,42.75564532355693,37.31281117704983,37.396324539416106,1286.1079754016964
14,87.115,1340.7,0.000804,138120.658,215693.309,179961.132,68.10225129962477,19.016164358566545,19.016164358566545,1288.5172953847748,54.52160711997688,32.60834253238563,32.60834253238563,1288.6145575351147,45.6709467712747,41.478476876980146,41.478476876980146,1288.7998746281987,41.259527901907326,37.18014026959642,38.7079399380985,1287.2016030836494
15,87.115,1340.7,0.000804,138120.658,215693.309,179961.132,68.06648845246671,19.05119517714651,19.05119517714651,1288.5358375278595,54.27403716242656,32.8533558387828,32.8533558387828,1288.8682421069725,44.98024958573939,42.16470766875838,42.16470766875838,1289.6508735582183,40.26860401755368,37.53719177874062,38.450440140645306,1287.8529119177992
16,87.115,1340.7,0.000804,138120.658,215693.309,179961.132,68.03927195522527,19.077836530898807,19.077836530898807,1288.550069354868,54.07346022756603,33.05178532791934,33.05178532791934,1289.0762616473294,44.39154505923602,42.74940178531361,42.74940178531361,1290.3942070844846,39.06106286151762,38.07630976889004,38.5575742060087,1288.3709542744402
17,87.115,1340.7,0.000804,138120.658,215693.309,179961.132,68.01855311910673,19.098103485706968,19.098103485706968,1288.5609598642639,53.91120573697698,33.21224360997371,33.21224360997371,1289.24610072816,43.89153816251752,43.24583766435401,43.24583766435401,1291.0385268524378,39.70750992692384,39.42138556675897,39.80724065866202,1288.6456319437732
18,87.115,1340.7,0.000804,138120.658,215693.309,179961.132,68.00277778464516,19.11352378403837,19.11352378403837,1288.569278500901,53.780145483278595,33.34180697580075,33.34180697580075,1289.3842905370664,43.468259156046194,43.665960255873244,43.665960255873244,1291.5933831232978,39.69526552827327,39.03559644491226,40.47228154031994,1290.2152292596031
19,87.115,1340.7,0.000804,138120.658,215693.309,179961.132,67.99076509223256,19.125257530075377,19.125257530075377,1288.5756257202788,53.67443048538269,33.44627861027176,33.44627861027176,1289.4964106223763,43.11102858162601,44.02041909900873,44.02041909900873,1292.0684899388514,37.89101948702638,38.717356689703905,41.32233678874233,1289.8630533498224
20,87.115,1340.7,0.000804,138120.658,215693.309,179961.132,67.98161697283925,19.134186485632014,19.134186485632014,1288.580465512509,53.58927184457704,33.53040749742202,33.53040749742202,1289.5871614360226,42.8103974688429,44.318630504170635,44.318630504170635,1292.473273677244,37.92463327824879,38.832372666772045,40.93858864247046,1290.711093630989
21,87.115,1340.7,0.000804,138120.658,215693.309,179961.132,67.9746500400453,19.140981224801973,19.140981224801973,1288.5841543726444,53.52075734219739,33.59807140524077,33.59807140524077,1289.6604642384405,42.55806844106057,44.568858250728645,44.568858250728645,1292.816603367251,37.67299383305162,40.183953305770515,40.544293717118755,1290.9234422829556
22,87.115,1340.7,0.000804,138120.658,215693.309,179961.132,67.96934409348555,19.146151881504643,19.146151881504643,1288.5869652804674,53.46569789797444,33.652429918610274,33.652429918610274,1289.719566627867,42.34680446209271,44.77830615655099,44.77830615655099,1293.1066406728025,37.42586258323575,40.86441233478413,40.16893972088519,1290.0302206087724
23,87.115,1340.7,0.000804,138120.658,215693.309,179961.132,67.96530306998424,19.1500866098656,19.1500866098656,1288.5891068423584,53.42149928551739,33.696052182190684,33.696052182190684,1289.7671432135367,42.17033136706131,44.95321646774972,44.95321646774972,1293.3507701002504,37.144049531048566,40.1084583189189,40.65330633376842,1291.6311874691812
24,87.115,1340.7,0.000804,138120.658,215693.309,179961.132,67.96222538230819,19.153080783100112,19.153080783100112,1288.590738275726,53.38605527942987,33.73102321623099,33.73102321623099,1289.8053868037728,42.02323911905837,45.09896920923021,45.09896920923021,1293.5555831766897,37.24788061540595,40.77530376487779,41.173830024558995,1291.0173150572798
25,87.115,1340.7,0.000804,138120.658,215693.309,179961.132,67.95988136527171,19.155359184136415,19.155359184136415,1288.5919810103226,53.35765896028524,33.75903210200228,33.75903210200228,1289.836088516131,41.9008854460535,45.220178912513916,45.220178912513916,1293.7268983939778,36.401615338131954,40.26877305322893,42.19142766602247,1291.2052861774932
26,87.115,1340.7,0.000804,138120.658,215693.309,179961.132,67.95809611540469,19.15709288053079,19.15709288053079,1288.5929276129007,53.334929347174864,33.7814448800289,33.7814448800289,1289.8607067701041,41.79930436487802,45.32078627344354,45.32078627344354,1293.869803942936,36.69552058945334,40.35625102500413,42.052745148337344,1291.5522551873378
27,87.115,1340.7,0.000804,138120.658,215693.309,179961.132,67.95673642940352,19.15841206176886,19.15841206176886,1288.5936486267262,53.31675091070964,33.79936461433913,33.79936461433913,1289.880425884722,41.7151211647331,45.404143215981534,45.404143215981534,1293.988713890117,36.97656299690959,40.57865329659479,41.08883365603541,1290.5256094405436
28,87.115,1340.7,0.000804,138120.658,215693.309,179961.132,67.95570086005752,19.15941580715132,19.15941580715132,1288.5941978011203,53.30222386012445,33.813680730717735,33.813680730717735,1289.8962053380208,41.64547470419945,45.473090547129914,45.473090547129914,1294.0874310952167,36.16797281460693,41.198705909166,41.14794460686981,1291.4329652428107
29,87.115,1340.7,0.000804,138120.658,215693.309,179961.132,67.9549121445031,19.16017951911164,19.16017951911164,1288.5946160844069,53.2906234026588,33.82510942958532,33.82510942958532,1289.9088208489393,41.587947346968974,45.530027908405955,45.530027908405955,1294.16921215177,36.01479260906485,40.074935233972305,40.72416927393978,1291.767940229463
30,87.115,1340.7,0.000804,138120.658,215693.309,179961.132,67.9543114383334,19.160760580345627,19.160760580345627,1288.59493467002,53.281366443926466,33.83422670189538,33.83422670189538,1289.9188984226926,41.54050248797898,45.57697609581597,45.57697609581597,1294.236831135399,35.28346246581701,41.00636310334652,41.57358809609155,1292.3012779431724
31,87.115,1340.7,0.000804,138120.658,215693.309,179961.132,67.95385392462109,19.161202659336933,19.161202659336933,1288.5951773190234,53.273984436035505,33.8414952374784,33.8414952374784,1289.9269424187705,41.50142936971529,45.61563206638631,45.61563206638631,1294.2926400738527,35.57992462628102,40.72602711824508,41.26908856183124,1292.36650792883
32,87.115,1340.7,0.000804,138120.658,215693.309,179961.132,67.95350546987727,19.161538987260073,19.161538987260073,1288.5953621303006,53.26810128754094,33.84728630755321,33.84728630755321,1289.9333585909135,41.46929472898008,45.64741710409442,45.64741710409442,1294.3386248907118,34.1874531593648,40.442080719269924,41.85198535700895,1292.1101696620842
33,87.115,1340.7,0.000804,138120.658,215693.309,179961.132,67.95324007726676,19.161794852015863,19.161794852015863,1288.5955028894602,53.263415428132376,33.85189752425841,33.85189752425841,1289.9384729303222,41.442900723458564,45.673518705278575,45.673518705278575,1294.3764561819946,36.69128804974569,40.50929882398243,40.794895040461554,1292.5818675561538
34,87.115,1340.7,0.000804,138120.658,215693.309,179961.132,67.9530379469747,19.161989496420368,19.161989496420368,1288.5956100965639,53.25968527386123,33.85556722732033,33.85556722732033,1289.9425470279116,41.42124854599137,45.69492678212106,45.69492678212106,1294.4075346127988,34.45806871859516,40.448167429826924,41.3469029284754,1291.2807810891748
35,87.152,1197.46,0.001459,157252.264,191375.119,160407.507,72.19802298970566,14.930110506565569,14.930110506565569,1253.947211050412,56.5279562062063,30.58987620467694,30.58987620467694,1281.0401001756318,43.90298472330168,43.2132207846322,43.2132207846322,1290.109890460932,44.53732518257471,39.776593485300545,41.881988392802825,1291.597820915243
36,87.152,1197.46,0.001459,157252.264,191375.119,160407.507,75.89631742621805,11.240276281857865,11.240276281857865,1236.4908217453938,60.46713601676697,26.65606480920734,26.65606480920734,1269.272772127773,46.88146105714708,40.236303281260916,40.236303281260916,1284.0720509809514,46.59553920238252,38.56249535478953,39.53330306292885,1286.0371974316022
37,87.152,1197.46,0.001459,157252.264,191375.119,160407.507,78.62610004243251,8.515954896759776,8.515954896759776,1226.7521013501666,64.47428880472351,22.65476781742658,22.65476781742658,1259.01433923913,50.34805003904103,36.772760503176734,36.772760503176734,1277.1697369572744,52.69448967988877,34.97892548692325,37.530944758411536,1279.6371948366927
38,87.152,1197.46,0.001459,157252.264,191375.119,160407.507,80.54540816508604,6.600172104912949,6.600172104912949,1221.0761433414964,68.10526304949434,19.029116639560996,19.029116639560996,1250.9054866421523,54.065614683310834,33.059154455912925,33.059154455912925,1270.3201554466839,56.66684345998663,31.678350323720824,34.69758118256602,1272.9230334162876
39,87.152,1197.46,0.001459,157252.264,191375.119,160407.507,81.86542515798048,5.282430781557476,5.282430781557476,1217.6882101829262,71.1702667449324,15.968545147410978,15.968545147410978,1244.76484372467,57.75766642787612,29.37138005036683,29.37138005036683,1264.0530209297012,61.94669826854401,28.89106042726812,32.06273973229713,1268.076325538194
40,87.152,1197.46,0.001459,157252.264,191375.119,160407.507,82.76205249194734,4.387272436498187,4.387272436498187,1215.6350309960762,73.640123425343,13.502192516539411,13.502192516539411,1240.231270275568,61.20684762446521,25.926352966339152,25.926352966339152,1258.6139067007507,67.38256842243564,27.458329163777837,28.76560970422093,1262.715041464356
41,87.152,1197.46,0.001459,157252.264,191375.119,160407.507,83.36623001767155,3.784043171658789,3.784043171658789,1214.3771752581629,75.56672642094512,11.578266506630053,11.578266506630053,1236.9419066805028,64.27940698038296,22.85755605285868,22.85755605285868,1254.0688740257058,70.22599568363697,24.565636683722317,26.689159343906717,1258.6325271024357
42,87.152,1197.46,0.001459,157252.264,191375.119,160407.507,83.77105687072617,3.3798284394316966,3.3798284394316966,1213.600029297387,77.03394591943248,10.113042979606341,10.113042979606341,1234.5855345840926,66.91600569947798,20.224201064644316,20.224201064644316,1250.3787910761214,74.56408986873284,23.62176401233891,23.60069467178634,1254.9331284263967
43,87.152,1197.46,0.001459,157252.264,191375.119,160407.507,84.04117066280864,3.110109783237914,3.110109783237914,1213.1165166482729,78.13091944388081,9.017530844433239,9.017530844433239,1232.9137485609506,69.111816244789,18.03108621032803,18.03108621032803,1247.4500833719503,75.91161612385827,21.74384281287124,23.07255735399563,1252.6241380170052
44,87.152,1197.46,0.001459,157252.264,191375.119,160407.507,84.22081116630088,2.9307243476399933,2.9307243476399933,1212.8138791404315,78.93918932697382,8.210315959687996,8.210315959687996,1231.7364581557326,70.89649842750595,16.24858148811522,16.24858148811522,1245.167827009048,79.57141460943858,19.577088169778992,21.779354539841272,1250.979353157173
45,87.152,1197.46,0.001459,157252.264,191375.119,160407.507,84.33997049569854,2.8117296695245484,2.8117296695245484,1212.6234491528733,79.5277187188807,7.62253965755282,7.62253965755282,1230.9122014758034,72.31804385246258,14.828755511506436,14.828755511506436,1243.41582348502,80.46465168223845,18.37700097532542,20.111985622651016,1248.865957613005
46,87.152,1197.46,0.001459,157252.264,191375.119,160407.507,84.4188437715861,2.7329626792390895,2.7329626792390895,1212.5030578431554,79.95206294806701,7.198728083637696,7.198728083637696,1230.337757778278,73.43130035894896,13.71683190433951,13.71683190433951,1242.08752868619,82.0161875839009,19.1475454241799,19.66074336197386,1248.0719133056573
47,87.152,1197.46,0.001459,157252.264,191375.119,160407.507,84.47095994117876,2.680915119067908,2.680915119067908,1212.4266236831777,80.25551225757383,6.895652643790777,6.895652643790777,1229.9388847598839,74.29063812005349,12.85851162622027,12.85851162622027,1241.0909505834804,82.54544477996039,18.184107132976727,18.32389202543999,1247.17393169302
48,87.152,1197.46,0.001459,157252.264,191375.119,160407.507,84.50534616059514,2.6465731883662893,2.6465731883662893,1212.3779133950209,80.47099116336842,6.680434463289361,6.680434463289361,1229.6627517075285,74.94579406977986,12.20412235852247,12.20412235852247,1240.3498564444403,83.80892806650533,17.025288637164046,18.623720682857044,1245.8094698100267
49,87.152,1197.46,0.001459,157252.264,191375.119,160407.507,84.52800664857467,2.623941289612732,2.623941289612732,1212.3467661362918,80.6230811818253,6.528525261574873,6.528525261574873,1229.4720670247534,75.43993353414389,11.710554207194514,11.710554207194514,1239.8029308242335,84.25162120879546,16.67576238440349,18.17683979605592,1245.994479304531
50,87.152,1197.46,0.001459,157252.264,191375.119,160407.507,84.54292468160382,2.609041711484507,2.609041711484507,1212.3267894223,80.72986880873687,6.421862433091027,6.421862433091027,1229.3406698670892,75.80913507914265,11.341774312313415,11.341774312313415,1239.4019591410286,87.53621530034287,17.325302326875562,16.705880089850673,1245.775752255997
51,87.152,1197.46,0.001459,157252.264,191375.119,160407.507,84.5527372149767,2.599241091108772,2.599241091108772,1212.313942902586,80.80450531738626,6.347311698568569,6.347311698568569,1229.250295577607,76.08270795206319,11.068510024909132,11.068510024909132,1239.1096914890834,86.23394482010612,16.502028290090337,18.084146368828925,1244.930143773785
52,87.152,1197.46,0.001459,157252.264,191375.119,160407.507,84.55918686301408,2.5927991331425466,2.5927991331425466,1212.3056621696949,80.85646063633979,6.295415114423521,6.295415114423521,1229.188240511401,76.28393511633458,10.867507030166776,10.867507030166776,1238.897751760736,85.40357486704622,16.798978107029825,17.875939024018937,1245.9617560142399
53,87.152,1197.46,0.001459,157252.264,191375.119,160407.507,84.56342353307322,2.588567427173756,2.588567427173756,1212.3003134383255,80.89249835243015,6.259417485574844,6.259417485574844,1229.145695830111,76.43098011882321,10.72062380413259,10.72062380413259,1238.744770490688,87.70829219693272,15.24627019308997,17.755604630596288,1245.1211459604492
54,87.152,1197.46,0.001459,157252.264,191375.119,160407.507,84.56620508837831,2.585789076285457,2.585789076285457,1212.2968522893868,80.91741575105891,6.234527366612236,6.234527366612236,1229.116568841754,76.53780178165182,10.613918204502319,10.613918204502319,1238.6348074694092,86.35169780440563,15.767675777575835,16.768983227993726,1244.6278786522123
55,87.152,1197.46,0.001459,157252.264,191375.119,160407.507,84.5680304941048,2.583965739072256,2.583965739072256,1212.2946090404032,80.93459527272648,6.2173663598871824,6.2173663598871824,1229.0966545881909,76.61499292955833,10.536809883489425,10.536809883489425,1238.5560677722417,86.6560709079153,15.411102224078999,17.088402261028303,1244.938233174104
56,87.152,1197.46,0.001459,157252.264,191375.119,160407.507,84.56922797514393,2.582769593298669,2.582769593298669,1212.2931531342276,80.94640953441281,6.2055646344015125,6.2055646344015125,1229.0830564542248,76.67050583892319,10.481355799681351,10.481355799681351,1238.4998840022897,86.23802915461299,15.616828750044863,17.51072862608934,1244.3273042595983
57,87.152,1197.46,0.001459,157252.264,191375.119,160407.507,84.5700132827726,2.581985147609854,2.581985147609854,1212.2922070949871,80.95451534540585,6.197467293040528,6.197467293040528,1229.0737824897274,76.71025511719188,10.44164811904374,10.44164811904374,1238.459925397489,85.83491831121334,15.078464268494757,17.077150072526177,1245.9863201474125
58,87.152,1197.46,0.001459,157252.264,191375.119,160407.507,84.57052814802505,2.581470838756338,2.581470838756338,1212.2915917265361,80.96006509950699,6.1919232497871635,6.1919232497871635,1229.0674650170222,76.73860423404219,10.41332830061212,10.41332830061212,1238.431592601473,86.06238555957455,16.52054987036695,17.84050227010933,1244.0351662652647
59,87.152,1197.46,0.001459,157252.264,191375.119,160407.507,84.57086562757364,2.5811337183740575,2.5811337183740575,1212.2911910899809,80.96385754608156,6.188134646882838,6.188134646882838,1229.0631663651538,76.75874939122869,10.393203704093363,10.393203704093363,1238.4115601560718,85.85201508629281,15.848687869209114,16.601525447322107,1245.4908636236976
60,87.152,1197.46,0.001459,157252.264,191375.119,160407.507,84.57108679252704,2.580912785269486,2.580912785269486,1212.290930053132,80.96644459516347,6.185550180444952,6.185550180444952,1229.0602445678153,76.7730169958378,10.378950480008818,10.378950480008818,1238.3974341170917,88.30849671434217,16.22926523335664,16.99010084600163,1244.7445357073698
61,87.152,1197.46,0.001459,157252.264,191375.119,160407.507,84.57123170733017,2.5807680201292875,2.5807680201292875,1212.290759859833,80.96820653786514,6.1837899703976325,6.1837899703976325,1229.0582606940106,76.78309081977946,10.36888668302147,10.36888668302147,1238.3874979761028,86.62581080775449,15.14167653467376,16.61117475179361,1244.5784677199642
62,87.152,1197.46,0.001459,157252.264,191375.119,160407.507,84.57132664695611,2.5806731771136793,2.5806731771136793,1212.2906488319427,80.96940475621514,6.182592912796015,6.182592912796015,1229.056915016883,76.79018335375318,10.361801120446643,10.361801120446643,1238.380525470784,86.60851505877831,15.869216834495504,17.431872334809604,1244.1865808772486
63,87.152,1197.46,0.001459,157252.264,191375.119,160407.507,84.5713888382693,2.5806110481643274,2.5806110481643274,1212.2905763657066,80.97021849709704,6.181779948496398,6.181779948496398,1229.0560031174707,76.7951637307019,10.356825577607466,10.356825577607466,1238.3756435425491,87.72094958353459,14.781144262312376,16.94752381110851,1244.5597675573163
64,87.152,1197.46,0.001459,157252.264,191375.119,160407.507,84.57142957321553,2.58057035347518,2.58057035347518,1212.290529048071,80.97077042942146,6.181228535091435,6.181228535091435,1229.0553857435577,76.79865237915419,10.35334027294155,10.35334027294155,1238.3722325673639,86.74225880107862,16.069198573723355,16.735038412447118,1244.2566970395224
65,87.152,1197.46,0.001459,157252.264,191375.119,160407.507,84.57145625202126,2.5805437006561402,2.5805437006561402,1212.2904981402805,80.97114434534109,6.180854965518782,6.180854965518782,1229.0549681434588,76.80109051938884,10.350904440292721,10.350904440292721,1238.369854086506,86.71830042876488,15.522459828115835,16.505079064424642,1245.1010004392672
66,87.152,1197.46,0.001459,157252.264,191375.119,160407.507,84.57147372363697,2.580526245815367,2.580526245815367,1212.2904779450892,80.97139738314137,6.180602158634601,6.180602158634601,1229.0546859160129,76.8027908436882,10.349205705049865,10.349205705049865,1238.3681986957852,86.09158065519384,15.293217557977233,16.64019748873144,1244.6144208938679
67,87.152,1197.46,0.001459,157252.264,191375.119,160407.507,84.57148516484791,2.5805148154329838,2.5805148154329838,1212.2904647460082,80.9715684443629,6.180431251213531,6.180431251213531,1229.0544953351903,76.80397425394654,10.348023386839573,10.348023386839573,1238.3670486269948,86.5481234810325,15.873586971647967,17.75737788939979,1245.0998688333027
68,87.152,1197.46,0.001459,157252.264,191375.119,160407.507,84.5714926566663,2.5805073306046307,2.5805073306046307,1212.2904561174444,80.97168397596589,6.180315821951255,6.180315821951255,1229.0543667428828,76.80479635042663,10.347202039422667,10.347202039422667,1238.3662509824446,87.57221157639896,15.104315354978546,17.192796248120022,1244.6276190958608
69,87.152,1197.46,0.001459,157252.264,191375.119,160407.507,84.57149756215522,2.5805024296279377,2.5805024296279377,1212.290450475639,80.97176193362144,6.18023793233364,6.18023793233364,1229.054280042562,76.80536643950278,10.346632463229305,10.346632463229305,1238.3656986577141,88.20843924431051,15.565501008750925,16.447693550952295,1245.3652354980013
70,98.148,1156.065,0.000846,168913.225,186363.697,246756.61399999997,86.67500123543674,2.941785612104804,2.941785612104804,1206.329785770342,80.6142168014001,6.837348144759776,6.837348144759776,1230.6085751287296,75.9380815934861,11.23871575548997,11.23871575548997,1245.5766772233978,94.28928630170094,19.532595624583156,21.71856374029626,1257.6396617924781
71,98.148,1156.065,0.000846,168913.225,186363.697,246756.61399999997,88.39136365736407,3.1377205734204408,3.1377205734204408,1201.9162077747096,80.74281949581258,7.426503161157401,7.426503161157401,1230.5882903309735,75.03097774120941,12.2856365713717,12.2856365713717,1250.3826666192044,93.07871172392848,20.644752088720217,23.4281387419431,1262.997550018726
72,98.148,1156.065,0.000846,168913.225,186363.697,246756.61399999997,89.7802988597335,3.2324354779210616,3.2324354779210616,1198.6102359813365,81.19751298427632,7.90523018965795,7.90523018965795,1229.739743194595,74.25472335330852,13.359485433835031,13.359485433835031,1253.391713366186,91.67789046280366,21.076758085191354,23.949846054964915,1265.239990054924
73,98.148,1156.065,0.000846,168913.225,186363.697,246756.61399999997,90.89806821978938,3.265751539465609,3.265751539465609,1196.1130642383607,81.85166702158578,8.267413087897113,8.267413087897113,1228.5003128597637,73.69504766919289,14.37092195612769,14.37092195612769,1255.1309725306955,90.0994733544246,22.634504381578804,25.679112897889738,1266.971877589929
74,98.148,1156.065,0.000846,168913.225,186363.697,246756.61399999997,91.79409744705073,3.2627884345234937,3.2627884345234937,1194.2148129660056,82.61027974615236,8.523982454670834,8.523982454670834,1227.1217864997288,73.37636793022796,15.268989015862008,15.268989015862008,1256.0010872217995,90.0778812366121,23.869565519517312,26.283087171694362,1267.933041179004
75,98.148,1156.065,0.000846,168913.225,186363.697,246756.61399999997,92.51030021181298,3.239468303723744,3.239468303723744,1192.7646493594202,83.40543647410892,8.69230526855758,8.69230526855758,1225.7456452948088,73.2851566384539,16.031931488772734,16.031931488772734,1256.287448140516,91.4237102106156,23.4904516496872,27.39993035411138,1268.4579312581866
76,98.148,1156.065,0.000846,168913.225,186363.697,246756.61399999997,93.08150213353362,3.2058372655565672,3.2058372655565672,1191.65235888585,84.19092079272959,8.790769105515,8.790769105515,1224.4479026179777,73.38819058899823,16.657090513348155,16.657090513348155,1256.18801788443,89.63657014978564,24.56524482496858,27.31419804563676,1267.5724492676873
77,98.148,1156.065,0.000846,168913.225,186363.697,246756.61399999997,93.53626929229145,3.1681428413133847,3.1681428413133847,1190.7964016587837,84.93709350096088,8.836257939898244,8.836257939898244,1223.2657253421908,73.64482554567843,17.15291280889356,17.15291280889356,1255.8395408729123,89.99814590514609,24.26706739543211,27.772341801944798,1267.4186592836654
78,98.148,1156.065,0.000846,168913.225,186363.697,246756.61399999997,93.89783122889258,3.130165516895234,3.130165516895234,1190.1358757569365,85.6265180181094,8.843167393052703,8.843167393052703,1222.2133577186778,74.01435955387733,17.533478271870358,17.533478271870358,1255.3370954374996,91.25025803108517,24.465384088069346,27.657198169299033,1266.889337883308
79,98.148,1156.065,0.000846,168913.225,186363.697,246756.61399999997,94.18496263633622,3.094086246349177,3.094086246349177,1189.6249527294121,86.25044636302606,8.823204670057551,8.823204670057551,1221.2917492127028,74.45995426143195,17.815046740007574,17.815046740007574,1254.7473360319048,90.26172112039761,25.635870730315293,28.850535105455517,1266.171593704846
80,98.148,1156.065,0.000846,168913.225,186363.697,246756.61399999997,94.41276963517136,3.061057284132197,3.061057284132197,1189.2289393640406,86.80610801809924,8.785562568804277,8.785562568804277,1220.4944287193402,74.9503620097827,18.014006432060114,18.014006432060114,1254.1171531366092,90.67746356134418,25.567708914652087,28.430711367161855,1265.3877577707988
81,98.148,1156.065,0.000846,168913.225,186363.697,246756.61399999997,94.59336526287969,3.031579603546917,3.031579603546917,1188.9214426033882,87.2946797038073,8.737248511228312,8.737248511228312,1219.8111026798838,75.46035099295305,18.14573137619021,18.14573137619021,1253.4793535303977,90.79220746364206,25.789996264439214,28.108533633195872,1264.934724998468
82,98.148,1156.065,0.000846,168913.225,186363.697,246756.61399999997,94.73643678614441,3.005752479800672,3.005752479800672,1188.6823011561823,87.71980254509099,8.683454838605007,8.683454838605007,1219.2298498096848,75.97041388882239,18.224007504158195,18.224007504158195,1252.856489620383,93.01615481581311,26.21039535098994,28.428875085937534,1264.624497486154
83,98.148,1156.065,0.000846,168913.225,186363.697,246756.61399999997,94.84971515591882,2.983437820691678,2.983437820691678,1188.49606033408,88.08652441437368,8.627914163867208,8.627914163867208,1218.7384386916583,76.46612432472945,18.260806207725544,18.260806207725544,1252.263543517345,94.1253270290614,25.720068975807912,28.867118094307212,1264.0845494904177
84,98.148,1156.065,0.000846,168913.225,186363.697,246756.61399999997,94.9393595350897,2.964367359695149,2.964367359695149,1188.3508377430167,88.40056442444408,8.57321479650796,8.57321479650796,1218.3250923986586,76.937358787457,18.266265005083273,18.266265005083273,1251.7098822721352,94.29922679727925,25.258669928590002,28.714559090743506,1263.188577662708
85,98.148,1156.065,0.000846,168913.225,186363.697,246756.61399999997,95.01026995457097,2.9482114999173765,2.9482114999173765,1188.2374736986226,88.66781666713274,8.52106790910346,8.52106790910346,1217.9789037039525,77.3775082259379,18.248786828177955,18.248786828177955,1251.2007255109881,95.55164521292664,26.33187710826085,29.207845247910576,1263.0900029460904
86,98.148,1156.065,0.000846,168913.225,186363.697,246756.61399999997,95.06634014295405,2.9346224700965604,2.9346224700965604,1188.1488911506178,88.89402845188556,8.472526677390814,8.472526677390814,1217.6900307074675,77.78274572162515,18.215202130304615,18.215202130304615,1250.7382675727606,94.81143385225131,26.360985933276158,29.94073084848849,1262.7011625177372
87,98.148,1156.065,0.000846,168913.225,186363.697,246756.61399999997,95.11066112198293,2.9232603686947276,2.9232603686947276,1188.0796110522176,89.0846035491441,8.42816170094598,8.42816170094598,1217.4497565837578,78.15138147089196,18.170958687566102,18.170958687566102,1250.3225421113582,94.97412009561062,25.339578268717144,29.05573322271409,1263.0201989949344
88,98.148,1156.065,0.000846,168913.225,186363.697,246756.61399999997,95.14568461732337,2.9138079182880876,2.9138079182880876,1188.0253838606218,89.24449323521523,8.388198623204097,8.388198623204097,1217.2504677226495,78.48331551810575,18.12031722469019,18.12031722469019,1249.9520877330535,96.04921526100442,26.358810699979713,29.870028132245498,1262.7508735790495
89,98.148,1156.065,0.000846,168913.225,186363.697,246756.61399999997,95.17335387174985,2.9059778812768746,2.9059778812768746,1187.9829083049765,89.378147581522,8.352624164268901,8.352624164268901,1217.0855854422311,78.77958681497178,18.066539632374525,18.066539632374525,1249.624456798831,95.83341394485653,25.682468067550452,28.29106028819086,1261.161503295126
90,98.148,1156.065,0.000846,168913.225,186363.697,246756.61399999997,95.19520813970198,2.8995158097981415,2.8995158097981415,1187.9496160601202,89.48950685879045,8.32126640851698,8.32126640851698,1216.9494739250415,79.04201086051594,18.01206223555429,18.01206223555429,1249.3365996584112,96.72011199969917,26.297582220049687,29.418226484956737,1261.8960935048137
91,98.148,1156.065,0.000846,168913.225,186363.697,246756.61399999997,95.21246601113742,2.8941999271677847,2.8941999271677847,1187.9235064090656,89.58201856224038,8.293854518767992,8.293854518767992,1216.8373387468573,79.27289525104712,17.95865033382111,17.95865033382111,1249.0851500364367,96.07611153606595,25.110558004158243,29.562784056436236,1261.86894932963
92,98.148,1156.065,0.000846,168913.225,186363.697,246756.61399999997,95.22609175598751,2.8898393380001584,2.8898393380001584,1187.9030189651753,89.65866978650124,8.270062283318943,8.270062283318943,1216.7451248794464,79.47482158367687,17.907532697789126,17.907532697789126,1248.8666324763722,96.72071023796646,25.522802532559822,29.55795809401638,1261.2774315491238
93,98.148,1156.065,0.000846,168913.225,186363.697,246756.61399999997,95.23684808348403,2.8862713533518267,2.8862713533518267,1187.8869354688668,89.72202780691225,8.24953914989629,8.24953914989629,1216.6694194198594,79.65048245079511,17.859516276595023,17.859516276595023,1248.6776089240384,96.16347838593025,26.010938943399765,29.75428550817907,1260.930055975174
94,98.148,1156.065,0.000846,168913.225,186363.697,246756.61399999997,95.2453380536685,2.88335843709651,2.88335843709651,1187.8743038612986,89.77428401482621,8.231931714958172,8.231931714958172,1216.6073619173142,79.80256319293586,17.815082326417944,17.815082326417944,1248.5147783645807,96.68188387925346,25.896074164581265,28.857865611123085,1260.5912978989559
95,98.148,1156.065,0.000846,168913.225,186363.697,246756.61399999997,95.25203834120907,2.880985089879392,2.880985089879392,1187.8643794725012,89.81729801261689,8.216898039672598,8.216898039672598,1216.5565636272968,79.93365930359208,17.774465698737306,17.774465698737306,1248.3750407595253,98.14103340906024,25.242294475459058,29.03790096602595,1260.4311615639306
96,98.148,1156.065,0.000846,168913.225,186363.697,246756.61399999997,95.25732561507677,2.8790548594975087,2.8790548594975087,1187.856579389589,89.8526398583182,8.204116659659936,8.204116659659936,1216.5150360470755,80.0462216932409,17.73771926567135,17.73771926567135,1248.2555342844346,97.98178716104785,25.76595760390798,29.02770355493126,1260.0646530739202
97,98.148,1156.065,0.000846,168913.225,186363.697,246756.61399999997,95.26149744451763,2.8774875820317503,2.8774875820317503,1187.8504469973388,89.88162928258959,8.193291739318244,8.193291739318244,1216.4811284913792,80.1425232981118,17.70476550563838,17.70476550563838,1248.1536529902196,98.04439160537034,25.75852807926842,28.934976519335557,1259.9745308712063
98,98.148,1156.065,0.000846,168913.225,186363.697,246756.61399999997,95.26478885723502,2.8762169030402163,2.8762169030402163,1187.8456243853752,89.905371275256,8.184155483959772,8.184155483959772,1216.4534741246853,80.2246416944246,17.675437195817675,17.675437195817675,1248.067050458604,98.06321262622215,26.75225745995846,29.225690820044008,1260.548339646777
99,98.148,1156.065,0.000846,168913.225,186363.697,246756.61399999997,95.2673854471494,2.875188093239205,2.875188093239205,1187.8418308498112,89.92478782543071,8.176468653214773,8.176468653214773,1216.4309436907922,80.29445341873829,17.64950900836373,17.64950900836373,1247.9936337533877,97.18639616586194,25.45810453047425,29.696943696268818,1259.927333570561
100,98.148,1156.065,0.000846,168913.225,186363.697,246756.61399999997,95.26943374598767,2.874356151832144,2.874356151832144,1187.8388461241805,89.94064585094797,8.1700198063335,8.1700198063335,1216.4126061120296,80.35363658964853,17.626721619989024,17.626721619989024,1247.9315509443643,99.00607773200639,25.074786299338257,29.06529187229808,1260.327667001316
101,98.148,1156.065,0.000846,168913.225,186363.697,246756.61399999997,95.2710494265502,2.873684178481979,2.873684178481979,1187.8364972857637,89.95358150870594,8.164623744074122,8.164623744074122,1216.3976951294283,80.40367917866605,17.606799743214218,17.606799743214218,1247.8791746625675,98.0635187152526,25.84296419004806,29.177142963903496,1260.7080273182783
102,98.148,1156.065,0.000846,168913.225,186363.697,246756.61399999997,95.27232378866111,2.873141988740702,2.873141988740702,1187.8346485221662,89.9641211664386,8.160119483910073,8.160119483910073,1216.3855811944102,80.44589089950266,17.589465287950713,17.589465287950713,1247.835083499634,97.92657101509039,26.14732877603331,30.21742278209143,1260.3102815147247
103,98.148,1156.065,0.000846,168913.225,186363.697,246756.61399999997,95.27332888569646,2.8727049454107854,2.8727049454107854,1187.8331931265338,89.97269935950152,8.15636800771304,8.15636800771304,1216.3757478839905,80.4814171896822,17.57444667385097,17.57444667385097,1247.798042559901,99.05810771014926,25.422818240426995,29.09235925216184,1259.6290832255202
104,98.148,1156.065,0.000846,168913.225,186363.697,246756.61399999997,95.27412157548633,2.872352978360035,2.872352978360035,1187.832047231237,89.97967406873694,8.153249947499647,8.153249947499647,1216.3677721833217,80.51125416213084,17.56148514253287,17.56148514253287,1247.7669840847786,98.74127388372419,25.276167252643255,29.505046968154534,1260.1038656009496
105,84.884,1071.843,0.001485,248307.41,182511.407,246032.59199999998,91.15769764531426,2.2209699311071134,2.2209699311071134,1157.8648529237046,90.05706340919755,7.097297796172838,7.097297796172838,1205.944888374826,82.16779593658298,15.787122087891156,15.787122087891156,1241.4665118254838,91.94696985673413,21.667264717508274,21.483635836132038,1247.2356038487028
106,84.884,1071.843,0.001485,248307.41,182511.407,246032.59199999998,88.70194760294993,1.6229206860660663,1.6229206860660663,1139.8185146926046,89.2323466197861,5.9347742161667805,5.9347742161667805,1192.0737466640282,83.27836261657289,14.01881792939649,14.01881792939649,1233.722346029924,93.5604428716107,19.688279874289563,21.036509538685483,1239.6054804135806
107,84.884,1071.843,0.001485,248307.41,182511.407,246032.59199999998,87.1949878505094,1.1739098776358379,1.1739098776358379,1128.8143786166997,88.22411839362915,4.798782584756272,4.798782584756272,1179.095183368289,83.90090126473248,12.213846344580721,12.213846344580721,1224.9242925978986,93.75568594179003,18.997675419850165,18.984442407835854,1231.5177888872222
108,84.884,1071.843,0.001485,248307.41,182511.407,246032.59199999998,86.259269925479,0.8568208972577169,0.8568208972577169,1122.0735563520625,87.2882187069861,3.803175704583789,3.803175704583789,1168.3604310882918,84.18396387380926,10.43726680182194,10.43726680182194,1216.033394308613,93.30248651811344,15.098331436409678,17.113007199451737,1222.2224308460266
109,84.884,1071.843,0.001485,248307.41,182511.407,246032.59199999998,85.67485932568142,0.6388037030804515,0.6388037030804515,1117.9370664920198,86.50730641345501,2.9894689472006237,2.9894689472006237,1160.0359608331692,84.2518158494994,8.782037465563425,8.782037465563425,1207.7795557784125,94.24202695754386,13.195901742462768,14.562422361520834,1212.7218414192375
110,84.884,1071.843,0.001485,248307.41,182511.407,246032.59199999998,85.3086806233454,0.49102421939149155,0.49102421939149155,1115.3973526312845,85.89294516666976,2.353502089652773,2.353502089652773,1153.8385199387546,84.19495463388016,7.316158713539173,7.316158713539173,1200.5701100285642,94.0333288993853,12.648175147891038,13.079665703111884,1206.2467729412501
111,84.884,1071.843,0.001485,248307.41,182511.407,246032.59199999998,85.07879084275551,0.39172174247792385,0.39172174247792385,1113.838124680137,85.42783009102938,1.8711219646550794,1.8711219646550794,1149.354992200533,84.07580693550803,6.0705437685917145,6.0705437685917145,1194.555716012621,92.1238739873566,11.3021546613407,12.072772952051901,1200.2003676392244
112,84.884,1071.843,0.001485,248307.41,182511.407,246032.59199999998,84.93427722779859,0.3253864102892683,0.3253864102892683,1112.8812388252406,85.08524602726007,1.512898426654266,1.512898426654266,1146.1803642359998,83.93489501424317,5.046033670394942,5.046033670394942,1189.7165664532358,92.15612029798861,9.17596218251337,11.035864072689694,1194.607337143375
113,84.884,1071.843,0.001485,248307.41,182511.407,246032.59199999998,84.84334840087271,0.2812656499327515,0.2812656499327515,1112.294365351784,84.83808971336869,1.2510201252047102,1.2510201252047102,1143.970035618863,83.7963430849249,4.224754946496569,4.224754946496569,1185.935784331501,91.98322129330337,7.699937857263925,9.980976490328995,1191.019922904327
114,84.884,1071.843,0.001485,248307.41,182511.407,246032.59199999998,84.78609400227143,0.2520202520112217,0.2520202520112217,1111.9347008295085,84.66264423716498,1.0618912674391294,1.0618912674391294,1142.4518825389891,83.67271634117027,3.5797723290833243,3.5797723290833243,1183.0531305990382,90.73619111333895,7.595954723357777,8.224819522053796,1187.9261468355062
115,84.884,1071.843,0.001485,248307.41,182511.407,246032.59199999998,84.75002118469318,0.23268960669074223,0.23268960669074223,1111.7144753382295,84.53970733032058,0.9266346345028844,0.9266346345028844,1141.4208176140994,83.56902148368505,3.0816426114072475,3.0816426114072475,1180.9000866782048,91.50228050459036,6.701073301247409,8.586335552629075,1186.2186719545934
116,84.884,1071.843,0.001485,248307.41,182511.407,246032.59199999998,84.72728136868406,0.21994328487568987,0.21994328487568987,1111.5797627150455,84.45446871856426,0.8306901918304302,0.8306901918304302,1140.7271851350567,83.48575455699265,2.7022429479110945,2.7022429479110945,1179.3200748526426,91.02971276512918,6.640209303484846,8.032296780193684,1183.8053036945648
117,84.884,1071.843,0.001485,248307.41,182511.407,246032.59199999998,84.71293922074774,0.2115564207288246,0.2115564207288246,1111.4974484627967,84.39588105894518,0.7631036155713802,0.7631036155713802,1140.264346559623,83.42103799537405,2.4166646301562946,2.4166646301562946,1178.1781027248485,90.95579260493547,5.216511038601081,7.108108440957439,1182.9350224232292
118,84.884,1071.843,0.001485,248307.41,182511.407,246032.59199999998,84.70388910498897,0.20604851406096839,0.20604851406096839,1111.4472116725533,84.35590296701882,0.7157810125227151,0.7157810125227151,1139.9576970784356,83.37199991530426,2.203889667283711,2.203889667283711,1177.3636123485123,89.4674440744392,6.437205238589346,7.085397464104606,1182.6974931981417
119,84.884,1071.843,0.001485,248307.41,182511.407,246032.59199999998,84.6981755876839,0.20243756023645107,0.20243756023645107,1111.4165920584435,84.32878923573061,0.6828242521472625,0.6828242521472625,1139.755800881928,83.33558693241145,2.046774275320506,2.046774275320506,1176.789429933117,92.04356940594744,5.512780862095189,6.674464621967045,1181.8628680491208
120,84.884,1071.843,0.001485,248307.41,182511.407,246032.59199999998,84.69456679576619,0.20007399139674079,0.20007399139674079,1111.3979559733789,84.31049480870875,0.6599826053122869,0.6599826053122869,1139.6236180185822,83.30898926045762,1.931682807309333,1.931682807309333,1176.3888148592357,88.56221948760846,5.252226447151563,6.6575714972923405,1181.4897313593813
121,84.884,1071.843,0.001485,248307.41,182511.407,246032.59199999998,84.69228629658133,0.19852916981851182,0.19852916981851182,1111.386631270558,84.29820488523676,0.644220530575597,0.644220530575597,1139.5375158235452,83.28982121761526,1.8479808382811687,1.8479808382811687,1176.1118639291847,89.69407307425222,5.407678921470342,6.491685254780086,1181.5770301119232
122,84.884,1071.843,0.001485,248307.41,182511.407,246032.59199999998,84.6908444816458,0.19752085162665964,0.19752085162665964,1111.3797614004973,84.28997938713175,0.6333870786734886,0.6333870786734886,1139.481690569978,83.2761603734922,1.7875054111115953,1.7875054111115953,1175.9219822370833,89.72997646374556,5.99089524538784,6.885903420343826,1180.7070434359823
123,84.884,1071.843,0.001485,248307.41,182511.407,246032.59199999998,84.68993246493744,0.19686354834493475,0.19686354834493475,1111.3756018826155,84.28449163300273,0.625968367938817,0.625968367938817,1139.44565156927,83.26651386117837,1.7440732507663033,1.7440732507663033,1175.7927681691124,89.65396867353306,4.881796038784296,6.876671327666788,1179.8959014264028
124,84.884,1071.843,0.001485,248307.41,182511.407,246032.59199999998,84.68935528386478,0.19643557373698867,0.19643557373698867,1111.3730887103943,84.28084033740926,0.6209052249090569,0.6209052249090569,1139.4224798940338,83.25975397115518,1.7130535058568657,1.7130535058568657,1175.7054368262566,90.46270462619363,5.262445256406608,6.3433527459727665,1181.194555963265
125,84.884,1071.843,0.001485,248307.41,182511.407,246032.59199999998,84.68898982395662,0.19615722744332845,0.19615722744332845,1111.371573807612,84.27841657366687,0.6174605405934936,0.6174605405934936,1139.40763847497,83.255046824588,1.6910121417285826,1.6910121417285826,1175.6467818376318,89.75416909394286,4.962426364373787,5.586953586262036,1180.346437480083
126,84.884,1071.843,0.001485,248307.41,182511.407,246032.59199999998,84.68875830419351,0.1959763867795848,0.1959763867795848,1111.3706630297074,84.27681084789354,0.6151237956077366,0.6151237956077366,1139.398167508966,83.2517861397983,1.6754248497483177,1.6754248497483177,1175.6076152925634,90.00527236699098,6.011883388346166,6.186638584379665,1180.1659750812294
127,84.884,1071.843,0.001485,248307.41,182511.407,246032.59199999998,84.68861156057102,0.19585901191245544,0.19585901191245544,1111.3701170619013,84.27574886597526,0.6135429446240587,0.6135429446240587,1139.3921452304521,83.24953705416142,1.664450559625441,1.664450559625441,1175.5816036701005,91.12568030211854,6.043110189917356,6.774113409348721,1181.6774629089919
128,84.884,1071.843,0.001485,248307.41,182511.407,246032.59199999998,84.68851850224328,0.1957829012995739,0.1957829012995739,1111.3697908613233,84.27504751135523,0.612476189552675,0.612476189552675,1139.3883292788657,83.24799107471827,1.656756009313098,1.656756009313098,1175.5644167781845,92.05514045602678,4.4394515286744705,6.271649059050414,1180.3856737181916
129,84.884,1071.843,0.001485,248307.41,182511.407,246032.59199999998,84.68845945795296,0.19573359221219389,0.19573359221219389,1111.3695966967375,84.27458488636712,0.6117580618583627,0.6117580618583627,1139.3859197624965,83.24693131521555,1.6513819001547967,1.6513819001547967,1175.5531158657232,90.24608696417586,4.900222520435251,7.005666745383711,1180.3518646206383
130,84.884,1071.843,0.001485,248307.41,182511.407,246032.59199999998,84.68842197542877,0.195701673968025,0.195701673968025,1111.369481620226,84.27428004383464,0.6112757095833885,0.6112757095833885,1139.3844036427695,83.2462064116504,1.6476420771367337,1.6476420771367337,1175.5457198204585,90.35844145405633,5.366341267704024,6.306059401802202,1180.4057701696838
131,84.884,1071.843,0.001485,248307.41,182511.407,246032.59199999998,84.68839816816981,0.19568102975948048,0.19568102975948048,1111.3694137552502,84.27407934213525,0.610952406764695,0.610952406764695,1139.383453066547,83.24571136106202,1.6450484198451023,1.6450484198451023,1175.5409012757118,89.75001032918658,5.237366545133785,6.800878845186097,1180.7463424666316
132,84.884,1071.843,0.001485,248307.41,182511.407,246032.59199999998,84.68838303880281,0.19566768778516835,0.19566768778516835,1111.3693739639402,84.27394729750982,0.6107361404398834,0.6107361404398834,1139.3828592612872,83.24537367701316,1.643255427122228,1.643255427122228,1175.5377759109213,91.41517739316949,5.310852623213816,6.399873489637712,1180.832539143898
133,84.884,1071.843,0.001485,248307.41,182511.407,246032.59199999998,84.68837341905179,0.1956590715290903,0.1956590715290903,1111.3693507920595,84.27386047304049,0.6105917462257863,0.6105917462257863,1139.3824897418217,83.2451435169885,1.6420196819842985,1.6420196819842985,1175.5357576823076,89.19105633905431,5.263821415125749,6.732462054718007,1180.1885590206184
134,84.884,1071.843,0.001485,248307.41,182511.407,246032.59199999998,84.68836729922278,0.19565351112319762,0.19565351112319762,1111.369337408196,84.27380340852521,0.6104955107144265,0.6104955107144265,1139.3822607208401,83.24498671598906,1.6411704288616769,1.6411704288616769,1175.5344601476274,91.45198954682765,4.164358870494846,6.071394626411314,1180.357186350592
135,84.884,1071.843,0.001485,248307.41,182511.407,246032.59199999998,84.68836340386319,0.19564992524597893,0.19564992524597893,1111.3693297543473,84.27376591660519,0.6104314804695092,0.6104314804695092,1139.3821193895417,83.24487991251324,1.6405883649729882,1.6405883649729882,1175.5336296901396,89.95819041168818,4.789055835825986,6.925133730420397,1180.555724374498
136,84.884,1071.843,0.001485,248307.41,182511.407,246032.59199999998,84.68836092308003,0.19564761426729024,0.19564761426729024,1111.3693254310647,84.27374129045474,0.6103889465414905,0.6103889465414905,1139.382032578807,83.2448071619133,1.6401904489991606,1.6401904489991606,1175.5331006225013,90.36115485637305,4.9384114885548644,6.339664346330545,1180.7081718783147
137,84.884,1071.843,0.001485,248307.41,182511.407,246032.59199999998,84.68835934233081,0.19564612587401975,0.19564612587401975,1111.3693230271533,84.27372511793264,0.6103607354644458,0.6103607354644458,1139.3819795287154,83.24475759632372,1.639919082460925,1.639919082460925,1175.5327651804464,89.20705000098549,4.902362556726575,6.308416676182007,1180.301329542048
138,84.884,1071.843,0.001485,248307.41,182511.407,246032.59199999998,84.68835833454155,0.1956451678653623,0.1956451678653623,1111.3693217178338,84.27371449823254,0.6103420515305935,0.6103420515305935,1139.381947293537,83.24472381497317,1.6397344458220782,1.6397344458220782,1175.532553578033,91.41370531954705,4.198028915447061,7.086397539598997,1180.5039069495067
139,84.884,1071.843,0.001485,248307.41,182511.407,246032.59199999998,84.68835769169321,0.19564455161231215,0.19564455161231215,1111.369321024639,84.27370752511227,0.6103296946275795,0.6103296946275795,1139.3819278313479,83.24470078085018,1.6396090957809424,1.6396090957809424,1175.5324208185564,91.65468751584564,5.036101292422965,6.6514639014495565,1180.742566812535
140,79.333,1040.299,0.000886,171151.617,140361.299,230904.297,83.3690466708072,0.21930964327570082,0.21930964327570082,1105.4581212129806,84.03781273683265,0.6816440388330999,0.6816440388330999,1140.3504163178827,83.03294094913151,1.8370517698281668,1.8370517698281668,1180.311396404722,90.93584525969791,4.9365637057475515,5.55004879241937,1184.411556912996
141,79.333,1040.299,0.000886,171151.617,140361.299,230904.297,82.36783266828522,0.2272912808887181,0.2272912808887181,1101.119373026109,83.58959484317724,0.7396946607418056,0.7396946607418056,1139.9497275218725,82.74278188067704,2.047614681046165,2.047614681046165,1183.8619345351078,90.76085277207419,6.2275384821004405,5.9594718668946935,1188.5117226211305
142,79.333,1040.299,0.000886,171151.617,140361.299,230904.297,81.6068719763174,0.22684755792154904,0.22684755792154904,1097.938145233361,83.04751604524117,0.7802928977703429,0.7802928977703429,1138.848582317761,82.36966191134155,2.253319762131537,2.253319762131537,1186.3006375744546,89.05238828089615,5.754284523957783,6.815639527887745,1190.9489775713314
143,79.333,1040.299,0.000886,171151.617,140361.299,230904.297,81.02790704095831,0.22212563050341982,0.22212563050341982,1095.6089057716038,82.48405720145227,0.8041765783967738,0.8041765783967738,1137.4563933437655,81.93206338765478,2.4397788432870233,2.4397788432870233,1187.8396312872974,88.68861736603843,5.630727096864461,6.4292313359155555,1191.8322955243616
144,79.333,1040.299,0.000886,171151.617,140361.299,230904.297,80.58707450917413,0.21550823016740497,0.21550823016740497,1093.906318789299,81.94145221361094,0.8142151435249882,0.8142151435249882,1136.0136029406615,81.45552701398596,2.598043547073594,2.598043547073594,1188.705032074822,87.9386864588831,6.463318686624903,7.461108082009304,1192.863417730804
145,79.333,1040.299,0.000886,171151.617,140361.299,230904.297,80.25122262022184,0.20834838710680212,0.20834838710680212,1092.6641418697936,81.44240328171719,0.8138301722288885,0.8138301722288885,1134.652609445432,80.96454902191043,2.7244041777165693,2.7244041777165693,1189.098221816039,87.88724888216686,6.783924508371253,7.4612069511418575,1192.7045129116268
146,79.333,1040.299,0.000886,171151.617,140361.299,230904.297,79.99523239112901,0.20138841808255178,0.20138841808255178,1091.7597777564677,80.99725989767379,0.806219146420499,0.806219146420499,1133.43826518012,80.4791928418647,2.8191939918487976,2.8191939918487976,1189.1818488970882,85.35022867015846,5.377365863319858,6.060380772418031,1192.8128153733328
147,79.333,1040.299,0.000886,171151.617,140361.299,230904.297,79.80003851054222,0.19500666659383872,0.19500666659383872,1091.1028900940235,80.60877666145734,0.7940454779418221,0.7940454779418221,1132.394460233509,80.01424642236904,2.8853612075578416,2.8853612075578416,1189.0787603384833,85.41193860217267,6.259265876558157,6.48392642827471,1193.6676462817932
148,79.333,1040.299,0.000886,171151.617,140361.299,230904.297,79.65115276851567,0.18936605443773477,0.18936605443773477,1090.6269869503744,80.27523594095358,0.7793725443779895,0.7793725443779895,1131.521340411532,79.57959082888634,2.9272191073993454,2.9272191073993454,1188.8767825974392,86.2760511494142,5.937126322683973,7.047634345637791,1192.2327387740133
149,79.333,1040.299,0.000886,171151.617,140361.299,230904.297,79.5375553738082,0.18450471536313223,0.18450471536313223,1090.2831900617578,79.99247295051946,0.7637112528254021,0.7637112528254021,1130.8062731579644,79.18103604128943,2.9495215151236334,2.9495215151236334,1188.6354478701767,83.39996049825976,5.802307250906293,6.979933004257812,1192.5978069426578
150,79.333,1040.299,0.000886,171151.617,140361.299,230904.297,79.45085894923189,0.18039157102498501,0.18039157102498501,1090.03562083658,79.75516671137548,0.7481105134889908,0.7481105134889908,1130.2306729929144,78.82124742337358,2.956863063245198,2.956863063245198,1188.3927146686176,85.22534243868898,6.0541485347477835,6.842329770305012,1191.9130715404488
151,79.333,1040.299,0.000886,171151.617,140361.299,230904.297,79.38467630158783,0.1769602903148633,0.1769602903148633,1089.8579846814878,79.55764203543357,0.7332552323443786,0.7332552323443786,1129.7741112270603,78.50059385707377,2.953341880525272,2.953341880525272,1188.1708379692523,84.019831799461,5.836359612907597,6.080425617047569,1192.792302696036
152,79.333,1040.299,0.000886,171151.617,140361.299,230904.297,79.33414131987834,0.17412976133170577,0.17412976133170577,1089.731044139685,79.39434800550688,0.719555842296068,0.719555842296068,1129.4166674332394,78.21785658436733,2.9424095205337424,2.9424095205337424,1187.9811270330113,84.08760320016566,5.946676308760564,6.118956247661281,1191.3472006411305
153,79.333,1040.299,0.000886,171151.617,140361.299,230904.297,79.29554538232526,0.17181610221618476,0.17181610221618476,1089.640751244823,79.26012473944546,0.7072235217284106,0.7072235217284106,1129.140162862069,77.97078974304026,2.9268420936507997,2.9268420936507997,1187.8276111308403,84.13318529758133,5.211671603295583,6.2805493424547505,1191.5558403184054
154,79.333,1040.299,0.000886,171151.617,140361.299,230904.297,79.26606112753623,0.169939369770798,0.169939369770798,1089.5768685665375,79.15033388680527,0.6963302207072246,0.6963302207072246,1128.9287007054913,77.75654602775369,2.9087823402089237,2.9087823402089237,1187.7097527746246,83.68063928072017,5.807448075908616,6.3642163091870865,1191.267915949376
155,79.333,1040.299,0.000886,171151.617,140361.299,230904.297,79.2435324285861,0.1684269732224337,0.1684269732224337,1089.5319522635505,79.06090359282325,0.6868548328874482,0.6868548328874482,1128.7687922864409,77.57198871565109,2.8898176888374176,2.8898176888374176,1187.624383941394,82.93064112558167,5.411149037218282,6.721480131480208,1191.4380984537606
156,79.333,1040.299,0.000886,171151.617,140361.299,230904.297,79.22631460371882,0.16721507620472936,0.16721507620472936,1089.5006030556838,78.98832180289892,0.678717655763322,0.678717655763322,1128.649249825175,77.41391226275302,2.871071670337051,2.871071670337051,1187.5670366489746,83.23501866074548,5.64198618478039,5.7333894636654374,1191.0950442613291
157,79.333,1040.299,0.000886,171151.617,140361.299,230904.297,79.2131527869914,0.16624880759680152,0.16624880759680152,1089.478915276928,78.92960026687548,0.6718053975802756,0.6718053975802756,1128.5609603925848,77.27919171690979,2.853295057697301,2.853295057697301,1187.5328180784045,83.03652422206191,5.289195951603025,7.041583241594594,1190.9791613077157
158,79.333,1040.299,0.000886,171151.617,140361.299,230904.297,79.20308930782379,0.16548180345661304,0.16548180345661304,1089.4640722132383,78.88222375503352,0.6659887971365807,0.6659887971365807,1128.4966117388121,77.16487820054522,2.8369492623728974,2.8369492623728974,1187.5169539860303,81.82650508251933,4.572582490530774,6.142253297232392,1190.8947623213894
159,79.333,1040.299,0.000886,171151.617,140361.299,230904.297,79.19539313618998,0.1648754085432851,0.1648754085432851,1089.4540493447378,78.84409367531096,0.6611346174323538,0.6611346174323538,1128.4504118265986,77.06825457565806,2.822278518495063,2.822278518495063,1187.5150981176043,81.98537751408719,4.420369956285402,6.318987037697726,1191.4056901183121
160,79.333,1040.299,0.000886,171151.617,140361.299,230904.297,79.18950612014652,0.16439773989903408,0.16439773989903408,1089.447397081544,78.81347170084683,0.6571134507899135,0.6571134507899135,1128.4178252455342,76.9868625022705,2.8093698556914233,2.8093698556914233,1187.5234822499683,81.76376471289163,5.575536399405142,5.871880957484033,1190.9193546762385
161,79.333,1040.299,0.000886,171151.617,140361.299,230904.297,79.1850020077154,0.16402273321148758,0.16402273321148758,1089.4430819846625,78.78892663731483,0.6538044747080853,0.6538044747080853,1128.39533789218,76.91850958724837,2.798201290451975,2.798201290451975,1187.5389622060623,83.05554533345254,5.364272746585791,6.642379361517304,1191.7414535166088
162,79.333,1040.299,0.000886,171151.617,140361.299,230904.297,79.18155520507258,0.16372924005929698,0.16372924005929698,1089.4403709544576,78.76928620474466,0.6510980407176967,0.6510980407176967,1128.3802540758982,76.86126322569602,2.7886794153286654,2.7886794153286654,1187.5589997424368,81.69856073568083,5.023943755244499,6.1978894414039365,1190.7883143363013
163,79.333,1040.299,0.000886,171151.617,140361.299,230904.297,79.17891695193295,0.16350021074607746,0.16350021074607746,1089.4387469385317,78.75359441690446,0.6488967661201852,0.6488967661201852,1128.3705259820106,76.8134360407648,2.7806678856729357,2.7806678856729357,1187.5816082284198,82.80536582806334,4.866153853190506,5.888752649985006,1191.170055011648
164,79.333,1040.299,0.000886,171151.617,140361.299,230904.297,79.17689714895273,0.16332197669529708,0.16332197669529708,1089.4378477234857,78.74107463067315,0.647115627875248,0.647115627875248,1128.3646131273315,76.77356648522579,2.7740083648194545,2.7740083648194545,1187.6052810021479,82.03751474491995,5.486298960448574,6.279017332524754,1191.30864000276
165,79.333,1040.299,0.000886,171151.617,140361.299,230904.297,79.17535049314412,0.1631836339489823,0.1631836339489823,1089.4374216030092,78.73109798170108,0.6456814237696207,0.6456814237696207,1128.361368361787,76.74039712719191,2.76853540261456,2.76853540261456,1187.628914653842,82.30455924021344,5.353305777377001,5.810091610809897,1191.238005176047
166,79.333,1040.299,0.000886,171151.617,140361.299,230904.297,79.17416589767903,0.1630765222725991,0.1630765222725991,1089.43729536061,78.72315673367136,0.6445318624382025,0.6445318624382025,1128.3599466272922,76.71285235065571,2.76408656115031,2.76408656115031,1187.6517347418821,82.10980975482643,4.991838586971037,5.379377303824703,1191.7039244627122
167,79.333,1040.299,0.000886,171151.617,140361.299,230904.297,79.17325841625971,0.16299379077190249,0.16299379077190249,1089.4373512197203,78.71684198670468,0.6436144651604383,0.6436144651604383,1128.3597327695245,76.69001661083554,2.7605089107363145,2.7605089107363145,1187.6732281501481,82.23538095697273,5.776406406830708,6.254758561049743,1190.9231837453603
168,79.333,1040.299,0.000886,171151.617,140361.299,230904.297,79.17256307781973,0.16293003948055396,0.16293003948055396,1089.4375103089453,78.71182517519196,0.6428854035825485,0.6428854035825485,1128.36028500933,76.67111395242019,2.7576628257706206,2.7576628257706206,1187.6930840787986,80.66089902408753,5.784547257643834,6.3766189538147255,1190.9070185862574
169,79.333,1040.299,0.000886,171151.617,140361.299,230904.297,79.17203017863169,0.1628810262247553,0.1628810262247553,1089.4377208489816,78.7078428092965,0.6423083543275651,0.6423083543275651,1128.3612910930342,76.65548918988024,2.7554238296625484,2.7554238296625484,1187.7111442314435,81.83313048269328,5.204907753503964,6.447932814690295,1191.6975293136234
170,79.333,1040.299,0.000886,171151.617,140361.299,230904.297,79.17162168652597,0.16284342865448692,0.16284342865448692,1089.4379497519615,78.70468395954548,0.6418534202966902,0.6418534202966902,1128.3625345793625,76.64259093363461,2.753683078052034,2.753683078052034,1187.7273618910772,81.24620004327721,6.1508795819042605,6.334742798221804,1191.224833475369
171,79.333,1040.299,0.000886,171151.617,140361.299,230904.297,79.1713084939191,0.16281465229140824,0.16281465229140824,1089.4381766793895,78.70218003873558,0.6414961464582365,0.6414961464582365,1128.363869142029,76.63195650036381,2.7523469331606214,2.7523469331606214,1187.7417690921445,80.74524060187781,4.684585086483473,6.392150280211944,1190.903856640511
172,79.333,1040.299,0.000886,171151.617,140361.299,230904.297,79.17106831882965,0.1627926765562329,0.1627926765562329,1089.4383898653155,78.70019649256959,0.6412166427725325,0.6412166427725325,1128.3651991490506,76.623198651532,2.7513359691606096,2.7513359691606096,1187.7544508686526,81.48300451677427,5.1946091070594145,6.374403651217823,1191.1598433611332
173,79.333,1040.299,0.000886,171151.617,140361.299,230904.297,79.17088410067996,0.16277593186753353,0.16277593186753353,1089.438583201943,78.69862606571499,0.6409988168161566,0.6409988168161566,1128.3664651131755,76.61599404683874,2.750583657257178,2.750583657257178,1187.7655254959304,81.25493164433581,4.731422654577888,6.395719719649549,1191.529543590496
174,79.333,1040.299,0.000886,171151.617,140361.299,230904.297,79.17074277398436,0.1627632019719384,0.1627632019719384,1089.4387542240518,78.69738336096025,0.6408297122583433,0.6408297122583433,1128.367632890797,76.61007326795884,2.7500349072066337,2.7500349072066337,1187.775129681335,82.75795330431288,4.988329888964619,5.58294633438908,1191.3654041231919
175,96.333,1312.096,0.000872,206118.17200000002,206244.649,233034.69799999997,83.00320527338323,0.24326307828055976,0.24326307828055976,1153.8523022660793,79.15962965336645,0.667025800006885,0.667025800006885,1141.005647512715,76.63005230016809,2.7666205399301793,2.7666205399301793,1189.3836043874373,87.81232672577481,7.760309695400657,11.149073785604077,1198.8060463961913
176,96.333,1312.096,0.000872,206118.17200000002,206244.649,233034.69799999997,85.58860425414659,0.6701364566838208,0.6701364566838208,1201.3531686909648,80.16593602097629,0.8247420144951408,0.8247420144951408,1162.9532745143106,76.78426578572576,2.8419918383029827,2.8419918383029827,1194.5647880572083,89.85158106897337,8.063990339908013,11.027197710376687,1204.185196094929
177,96.333,1312.096,0.000872,206118.17200000002,206244.649,233034.69799999997,86.82349234990795,1.754152529828155,1.754152529828155,1234.455900760371,81.1896874994604,1.3037024107515616,1.3037024107515616,1187.995915781371,77.04088132174428,3.075877888053773,3.075877888053773,1203.5332256829968,91.74612982329185,10.81802035266573,11.972633862109621,1213.9457627731822
178,96.333,1312.096,0.000872,206118.17200000002,206244.649,233034.69799999997,86.77233126704436,3.5904498498598327,3.5904498498598327,1255.64240956107,81.7695067929538,2.347690723808012,2.347690723808012,1211.781041942766,77.24199972454305,3.6160624672307264,3.6160624672307264,1215.1860488513482,91.06268726796603,9.944752666236164,12.266973126903954,1225.2576306725791
179,96.333,1312.096,0.000872,206118.17200000002,206244.649,233034.69799999997,85.8203625543023,5.916650162157175,5.916650162157175,1268.0798050315525,81.60072240862691,4.126011848822473,4.126011848822473,1231.6386089125697,77.16613138206276,4.636632213200125,4.636632213200125,1227.8579015536357,93.7956867556935,12.079482304832508,15.428243540362955,1238.011975855552
180,96.333,1312.096,0.000872,206118.17200000002,206244.649,233034.69799999997,84.46749671599986,8.32742544731069,8.32742544731069,1274.9659162805112,80.63476320144512,6.60777194347659,6.60777194347659,1246.5839374836542,76.61492597400365,6.275421348559165,6.275421348559165,1239.9349658111123,92.94500974187304,13.932689893024909,16.99300142962373,1250.886259348318
181,96.333,1312.096,0.000872,206118.17200000002,206244.649,233034.69799999997,83.08343669708874,10.525884144071236,10.525884144071236,1278.7082814109142,79.05710769593429,9.56536629179389,9.56536629179389,1256.9836547835569,75.49778584081918,8.562929481085016,8.562929481085016,1250.3162459944326,91.72607651115895,15.884215857952048,19.903908856356672,1260.8438238988203
182,96.333,1312.096,0.000872,206118.17200000002,206244.649,233034.69799999997,81.85357641905182,12.38268390965797,12.38268390965797,1280.7794743031434,77.15412917720938,12.694655162913767,12.694655162913767,1263.8854142993882,73.86215079161072,11.398886553175352,11.398886553175352,1258.5861994549361,89.04843482232945,18.69530847790829,21.997804133257702,1269.6219491278137
183,96.333,1312.096,0.000872,206118.17200000002,206244.649,233034.69799999997,80.83642265076959,13.882467539382416,13.882467539382416,1281.9783311586882,75.18314511910376,15.735932062867217,15.735932062867217,1268.4027477726936,71.85491731059676,14.593624930173908,14.593624930173908,1264.879060078515,87.05030100549553,21.038320691709238,24.090931514914708,1275.5140668935062
184,96.333,1312.096,0.000872,206118.17200000002,206244.649,233034.69799999997,80.02727969350452,15.063148081663979,15.063148081663979,1282.7140439842815,73.31579507582657,18.524407982861177,18.524407982861177,1271.4073000455048,69.65408287386906,17.93687659257603,17.93687659257603,1269.600017613976,84.90011770659144,23.542024429654415,27.56396997620731,1279.3341676516982
185,96.333,1312.096,0.000872,206118.17200000002,206244.649,233034.69799999997,79.39744672312007,15.978997703955116,15.978997703955116,1283.1929886662203,71.64121897483116,20.98290613780393,20.98290613780393,1273.4804277345722,67.41620000580308,21.249501118866558,21.249501118866558,1273.1906154761336,80.90698884937855,26.22731199563881,29.534581289241313,1281.8199910878502
186,96.333,1312.096,0.000872,206118.17200000002,206244.649,233034.69799999997,78.91320304253892,16.683422406502803,16.683422406502803,1283.5208032661228,70.1910533576894,23.094149114172833,23.094149114172833,1274.976747720489,65.2546402332505,24.403821163012644,24.403821163012644,1276.0103227671598,76.67889694819931,29.405781830658842,31.81011842070824,1285.2150306367419
187,96.333,1312.096,0.000872,206118.17200000002,206244.649,233034.69799999997,78.54351732058646,17.222607638749675,17.222607638749675,1283.7537221650107,68.9635693649779,24.874884016575123,24.874884016575123,1276.1031734434082,63.23982963653753,27.321807995305065,27.321807995305065,1278.3096944143572,72.6158610944149,30.161840524528454,33.21008611933795,1286.8483368113689
188,96.333,1312.096,0.000872,206118.17200000002,206244.649,233034.69799999997,78.2624304484143,17.63417843607324,17.63417843607324,1283.9234628387098,67.94044696776251,26.358044009036828,26.358044009036828,1276.9792624596425,61.40854226811621,29.96425852018962,29.96425852018962,1280.2473173149026,70.41328458819466,32.29032856332571,36.600860649774965,1288.48470787677
189,96.333,1312.096,0.000872,206118.17200000002,206244.649,233034.69799999997,78.04920376711307,17.947854108013715,17.947854108013715,1284.049162544344,67.09678501728443,27.58212904586618,27.58212904586618,1277.6756135923763,59.77431014920213,32.319020947364855,32.319020947364855,1281.9177602726566,68.20912518211556,35.06959900963307,38.20028055560889,1289.6716864169805
190,96.333,1312.096,0.000872,206118.17200000002,206244.649,233034.69799999997,77.88766713939795,18.18671826637092,18.18671826637092,1284.1431525254598,66.40651602081515,28.585483802051723,28.585483802051723,1278.2360717161569,58.335897784555655,34.39136845053367,34.39136845053367,1283.3760434496544,65.47099097601466,35.31708065035406,39.292100575160624,1290.9875274753576
191,96.333,1312.096,0.000872,206118.17200000002,206244.649,233034.69799999997,77.76538022515582,18.368533374546573,18.368533374546573,1284.213827412239,65.84507289746742,29.40351883270456,29.40351883270456,1278.6898481328453,57.08334915365381,36.19701987566915,36.19701987566915,1284.6549058157605,64.3290658346105,36.811135103877476,40.10902074664467,1291.7167221638715
192,96.333,1312.096,0.000872,206118.17200000002,206244.649,233034.69799999997,77.67284385201593,18.506895675962767,18.506895675962767,1284.2671381914495,65.39052557949175,30.067583510617247,30.067583510617247,1279.057899315166,56.00202083086974,37.75737887986979,37.75737887986979,1285.775564059922,63.47179735183392,38.909695824948436,42.03518715630241,1291.8513898222805
193,96.333,1312.096,0.000872,206118.17200000002,206244.649,233034.69799999997,77.60283541446366,18.612181778829928,18.612181778829928,1284.3074194839119,65.02390973862167,30.604718410089266,30.604718410089266,1279.356219867905,55.07516739553008,39.09639986226519,39.09639986226519,1286.7537967481815,63.25625684908811,38.883675443252926,43.3332073355412,1293.2446648452894
194,96.333,1312.096,0.000872,206118.17200000002,206244.649,233034.69799999997,77.54987641965523,18.692298186851314,18.692298186851314,1284.3378824110282,64.72915310098912,31.037848219368115,31.037848219368115,1279.5975459148256,54.28555090645917,40.23857988349341,40.23857988349341,1287.603059127885,59.37224276889871,39.76162314411018,43.9892236222395,1293.9594816022961
195,96.333,1312.096,0.000872,206118.17200000002,206244.649,233034.69799999997,77.50981688447634,18.753264011770135,18.753264011770135,1284.3609297260048,64.49281924815396,31.38617343896199,31.38617343896199,1279.7922664115495,53.616411579493665,41.20771086236871,41.20771086236871,1288.3358751688525,59.844877959232726,39.456711560072016,44.83144588164192,1294.0535961106373
196,96.333,1312.096,0.000872,206118.17200000002,206244.649,233034.69799999997,77.47951549495176,18.799659458090993,18.799659458090993,1284.3783695507489,64.30378478116431,31.665631180835767,31.665631180835767,1279.9489491023467,53.052025432666795,42.02614028334506,42.02614028334506,1288.9643145147465,60.44189605200833,41.48171594252942,45.18975879897131,1295.070632449274
197,96.333,1312.096,0.000872,206118.17200000002,206244.649,233034.69799999997,77.45659538560467,18.834969076403258,18.834969076403258,1284.3915667468402,64.15290881689548,31.889357785741733,31.889357785741733,1280.0746803726154,52.57799616653672,42.71437065293273,42.71437065293273,1289.5000358236516,57.362209734412744,41.89995096969549,45.425966093306506,1295.3599034423994
198,96.333,1312.096,0.000872,206118.17200000002,206244.649,233034.69799999997,77.43925847482174,18.861843665245956,18.861843665245956,1284.4015532295418,64.03272312707946,32.06812033144721,32.06812033144721,1280.175312781633,52.18137682389124,43.2908834032593,43.2908834032593,1289.9541629432808,57.341258448673656,42.55700300089988,44.579535173428326,1295.8429331050709
199,96.333,1312.096,0.000872,206118.17200000002,206244.649,233034.69799999997,77.42614465987721,18.88229976494344,18.88229976494344,1284.4091097847197,63.93715492742615,32.21070284297498,32.21070284297498,1280.2556626522041,51.850683587492874,43.7721096939584,43.7721096939584,1290.337129246939,55.59696031996406,43.97306523145783,46.710872461208865,1296.0377316130596
200,96.333,1312.096,0.000872,206118.17200000002,206244.649,233034.69799999997,77.41622517554485,18.897871478786556,18.897871478786556,1284.4148273704743,63.86128580536592,32.32424309366171,32.32424309366171,1280.3196761764907,51.57584285279018,44.172494980690374,44.172494980690374,1290.658550447048,57.01367726090801,43.31277194918837,46.29277266963613,1296.5134103944104
201,96.333,1312.096,0.000872,206118.17200000002,206244.649,233034.69799999997,77.40872188512836,18.909725962260413,18.909725962260413,1284.4191533056576,63.80114596400608,32.41452115355606,32.41452115355606,1280.3705719987836,51.34809898754712,44.504620685547316,44.504620685547316,1290.9271460023745,56.90904072625763,43.217016560305396,47.27631121975949,1296.8343906436457
202,96.333,1312.096,0.000872,206118.17200000002,206244.649,233034.69799999997,77.40304622045777,18.91875125754782,18.91875125754782,1284.4224261730453,63.75354092105249,32.48620342982467,32.48620342982467,1280.4109639870717,51.15990114104941,44.77935763290053,44.77935763290053,1291.1507094404633,55.94269225315844,42.882906931050286,47.65361681731695,1296.912170868339
203,96.333,1312.096,0.000872,206118.17200000002,206244.649,233034.69799999997,77.39875299549496,18.92562309143953,18.92562309143953,1284.4249022317579,63.715906985009305,32.543047038995205,32.543047038995205,1280.4429663914518,51.0047813696659,45.00603385632436,45.00603385632436,1291.3361194827107,54.23801002345366,43.955420132396156,47.28724728731895,1297.1193018396261
204,96.333,1312.096,0.000872,206118.17200000002,206244.649,233034.69799999997,77.395505473136,18.930855675666148,18.930855675666148,1284.4267754162208,63.686191664047264,32.58806962139228,32.58806962139228,1280.4682831601513,50.877232160878755,45.19260502974692,45.19260502974692,1291.48938139202,56.11706345792672,43.244276240686204,47.391084831274476,1296.697718914849
205,96.333,1312.096,0.000872,206118.17200000002,206244.649,233034.69799999997,77.39304894398668,18.93484034294229,18.93484034294229,1284.4281924814504,63.66275533012521,32.62368953526087,32.62368953526087,1280.48828311423,50.7725885272159,45.34581982248068,45.34581982248068,1291.6156883794126,56.30670273747707,43.987089610661606,47.28426615516282,1296.9662032134809
206,96.333,1312.096,0.000872,206118.17200000002,206244.649,233034.69799999997,77.39119074297149,18.937874933556593,18.937874933556593,1284.4292644721536,63.64429078731186,32.65184097158908,32.65184097158908,1280.5040626762257,50.68691780523289,45.47137537870716,45.47137537870716,1291.719494517356,54.866039018197256,43.918629551231184,48.09063811480156,1296.372170150906
207,96.333,1312.096,0.000872,206118.17200000002,206244.649,233034.69799999997,77.38978513489663,18.94018614856879,18.94018614856879,1284.4300754068247,63.629757781556435,32.674068037736866,32.674068037736866,1280.5164978079056,50.616918873371034,45.57406018818026,45.57406018818026,1291.8045925355464,54.90423889664572,44.133996766014086,47.29818282567535,1297.2568986119818
208,96.333,1312.096,0.000872,206118.17200000002,206244.649,233034.69799999997,77.38872188243452,18.94194655435968,18.94194655435968,1284.430688852096,63.618329885927174,32.69160134171154,32.69160134171154,1280.526286720564,50.559831521226634,45.65788306647456,45.65788306647456,1291.8741916978493,54.422201806818315,43.93020776902667,46.666612931650235,1296.7915510725566
209,96.333,1312.096,0.000872,206118.17200000002,206244.649,233034.69799999997,77.38791759920126,18.94328751939583,18.94328751939583,1284.431152899139,63.60935157213381,32.70542011014322,32.70542011014322,1280.53398478924,50.51335603935825,45.72618796054683,45.72618796054683,1291.9309925041944,54.36834150033144,43.82930756307294,48.47850795765218,1296.7200092585333
210,50.717,1314.539,0.001372,254772.791,249675.699,248274.62399999998,64.45344366354331,16.487039452960676,16.487039452960676,1292.2118809075205,62.65961660620772,30.70995971859097,30.70995971859097,1285.0517899795443,51.99117374600116,43.88423098819041,43.88423098819041,1292.3351699577033,34.9859566871593,36.683284534511266,31.694592763785405,1280.2145298926037
211,50.717,1314.539,0.001372,254772.791,249675.699,248274.62399999998,56.08443946593817,14.658316311644827,14.658316311644827,1298.1920997985976,58.42963884264371,28.791099341884443,28.791099341884443,1289.7179427695123,51.871699019334955,42.09538854250067,42.09538854250067,1293.447848638116,34.50112173947941,34.41828690209807,30.54961094363088,1281.3770787034757
212,50.717,1314.539,0.001372,254772.791,249675.699,248274.62399999998,50.6691732466363,13.316677762942069,13.316677762942069,1302.8557008563885,53.37148100919305,26.99396181990768,26.99396181990768,1294.6810602312564,50.13894975330514,40.31442555565765,40.31442555565765,1295.6419000901308,33.80636419460882,32.82232084230868,28.90200409624069,1284.1235841944992
213,50.717,1314.539,0.001372,254772.791,249675.699,248274.62399999998,47.153304689703795,12.355493685839892,12.355493685839892,1306.4129777961548,48.58980498201776,25.39063836727991,25.39063836727991,1299.6865169249918,47.31596843382829,38.56043141202526,38.56043141202526,1298.9178832382872,32.97017479828747,30.946879240167647,27.178584883816193,1286.4499791234741
214,50.717,1314.539,0.001372,254772.791,249675.699,248274.62399999998,44.86028871834662,11.68206259658,11.68206259658,1309.038405742142,44.50335049578375,24.025471440055252,24.025471440055252,1304.4409448182782,43.96463124598306,36.88650580731194,36.88650580731194,1303.0315708993583,26.86321151871059,31.006215520274406,25.862317690071727,1291.9317238017195
215,50.717,1314.539,0.001372,254772.791,249675.699,248274.62399999998,43.358320894753604,11.218494411829644,11.218494411829644,1310.9177665998477,41.19935584018181,22.908265841315206,22.908265841315206,1308.7247269552088,40.52182422805918,35.346356730507054,35.346356730507054,1307.658299929591,24.49514648943921,29.674096891653587,25.44463627840021,1295.7059518383398
216,50.717,1314.539,0.001372,254772.791,249675.699,248274.62399999998,42.37101132236487,10.903460904719505,10.903460904719505,1312.2312400761762,38.618725062084785,22.023412499831178,22.023412499831178,1312.415642626365,37.27249842280896,33.977953980827266,33.977953980827266,1312.4844005737102,20.680236923230517,28.580118313505302,24.70012863030142,1301.4935653815908
217,50.717,1314.539,0.001372,254772.791,249675.699,248274.62399999998,41.72028684672769,10.691266823017147,10.691266823017147,1313.1334981374025,36.64956956930415,21.341198211955625,21.341198211955625,1315.4778604898515,34.372789786930134,32.799796951086776,32.799796951086776,1317.2463644816828,18.958151420940595,27.10255512365697,23.235438056585227,1305.769068314056
218,50.717,1314.539,0.001372,254772.791,249675.699,248274.62399999998,41.29059645014349,10.549196637982963,10.549196637982963,1313.7459396699883,35.17190861126502,20.826753405212447,20.826753405212447,1317.9388661385365,31.885739099562052,31.813379208602043,31.813379208602043,1321.7430077049212,16.78890432222862,26.800457852443614,21.62301444806555,1310.163427696325
219,50.717,1314.539,0.001372,254772.791,249675.699,248274.62399999998,41.00649580409034,10.454454854571516,10.454454854571516,1314.1583347140809,34.0769291360395,20.445853469235757,20.445853469235757,1319.8647315944004,29.814495577573965,31.007758616604104,31.007758616604104,1325.8357434186148,15.066922813922787,25.04337578068491,20.91101256061316,1314.228097133536
220,50.717,1314.539,0.001372,254772.791,249675.699,248274.62399999998,40.81849313626606,10.391440591574167,10.391440591574167,1314.434548337198,33.273502816308785,20.168059382383557,20.168059382383557,1321.3389752183632,28.1280808784496,30.36422670856256,30.36422670856256,1329.443663759802,14.142950783603325,25.76828278594962,21.656130595250445,1319.1828020251544
221,50.717,1314.539,0.001372,254772.791,249675.699,248274.62399999998,40.6940114160315,10.349601185507852,10.349601185507852,1314.6188992682692,32.68872301658537,19.96797638184166,19.96797638184166,1322.447303994305,26.779284914775683,29.860264167761105,29.860264167761105,1332.5355559361788,13.929622988454161,25.80631062694658,21.41524720321074,1322.0671604876443
222,50.717,1314.539,0.001372,254772.791,249675.699,248274.62399999998,40.61155724658538,10.321852760398125,10.321852760398125,1314.7416532984357,32.26594669720393,19.825351653147006,19.825351653147006,1323.2683747554786,25.716014686885757,29.472532408915274,29.472532408915274,1335.1196414775231,13.634413951335455,26.172371561042972,20.972147532443806,1324.0405661806699
223,50.717,1314.539,0.001372,254772.791,249675.699,248274.62399999998,40.55692751557215,10.303463434139733,10.303463434139733,1314.823266524529,31.96205401374914,19.72456103112392,19.72456103112392,1323.8694158894925,24.887843478179565,29.178902888535216,29.178902888535216,1337.2321254171588,11.643869076723886,25.72408070663295,21.666514130696477,1326.5036542975158
224,50.717,1314.539,0.001372,254772.791,249675.699,248274.62399999998,40.52072674666915,10.291282558796294,10.291282558796294,1314.8774723957974,31.74471135567509,19.653850992412835,19.653850992412835,1324.3051354638953,24.249341619080816,28.95964742444327,28.95964742444327,1338.9260542431525,11.184055302332574,25.650952568370208,20.939037483894193,1328.82878487458
225,50.717,1314.539,0.001372,254772.791,249675.699,248274.62399999998,40.49673541761854,10.283216729244037,10.283216729244037,1314.91345083627,31.589956608693296,19.604550389335742,19.604550389335742,1324.6185069116157,23.76140314993912,28.79797139891813,28.79797139891813,1340.2618297360045,11.764904368742352,24.45762989753733,20.287103582694616,1330.7027848636708
226,50.717,1314.539,0.001372,254772.791,249675.699,248274.62399999998,40.480834491777884,10.277876925595317,10.277876925595317,1314.9373205324325,31.480200027491414,19.570359402434473,19.570359402434473,1324.8424147324279,23.391411750678273,28.68008563793321,28.68008563793321,1341.3001256158188,10.082564746548655,24.02010951019048,20.63579257445529,1331.1364889070403
227,50.717,1314.539,0.001372,254772.791,249675.699,248274.62399999998,40.47029520026766,10.274342337544669,10.274342337544669,1314.9531521344165,31.402631754079987,19.54675675395724,19.54675675395724,1325.0015310894257,23.11279192477586,28.59499350682187,28.59499350682187,1342.097294764922,10.231558688812036,24.693042224543138,20.58572362916882,1332.0822697331728
228,50.717,1314.539,0.001372,254772.791,249675.699,248274.62399999998,40.46330943071845,10.272002905433862,10.272002905433862,1314.9636504369491,31.347985820226203,19.530529668163968,19.530529668163968,1325.1140880540815,22.904280258630987,28.53413211459491,28.53413211459491,1342.7029025080496,9.913897922486553,24.746738173493238,21.14609539087112,1332.10382026094
229,50.717,1314.539,0.001372,254772.791,249675.699,248274.62399999998,40.45867894817268,10.27045460936897,10.27045460936897,1314.9706112162603,31.309598826818092,19.51941377434582,19.51941377434582,1325.1934000586243,22.74911211939143,28.490964557786505,28.490964557786505,1343.158831740404,8.880909921888552,24.451100954320566,20.399798487003867,1333.2822488410775
230,50.717,1314.539,0.001372,254772.791,249675.699,248274.62399999998,40.455609613012626,10.269429952086664,10.269429952086664,1314.9752260911619,31.28270341936211,19.511824012854085,19.511824012854085,1325.24909943831,22.634231143321653,28.460583127255926,28.460583127255926,1343.4994098814523,8.045840301585594,24.500478262757355,20.155520470199118,1332.9310399507858
231,50.717,1314.539,0.001372,254772.791,249675.699,248274.62399999998,40.45357507224815,10.268751857365343,10.268751857365343,1314.978285501162,31.263904150654806,19.506657258034252,19.506657258034252,1325.2881022100955,22.549575053254163,28.439355271479833,28.439355271479833,1343.752110222617,8.736057576995686,24.944739926575608,20.611219284834657,1333.3917696024105
232,50.717,1314.539,0.001372,254772.791,249675.699,248274.62399999998,40.45222644745311,10.268303118979496,10.268303118979496,1314.980313647645,31.25079237419943,19.503149609869215,19.503149609869215,1325.3153434478445,22.487459388376056,28.424625065528076,28.424625065528076,1343.9385089812615,10.088169536187548,24.61464799871218,20.781432327203223,1334.1778876436583
233,50.717,1314.539,0.001372,254772.791,249675.699,248274.62399999998,40.45133248835472,10.268006164510245,10.268006164510245,1314.981658115054,31.241665574394244,19.50077437728419,19.50077437728419,1325.3343266318682,22.442062474443706,28.41447137319662,28.41447137319662,1344.0752950002388,10.116057629746301,23.358082657825573,20.68539198979995,1334.1443870936985
234,50.717,1314.539,0.001372,254772.791,249675.699,248274.62399999998,40.45073991062344,10.267809655683715,10.267809655683715,1314.9825493540145,31.235324224588265,19.49916981585599,19.49916981585599,1325.3475281858052,22.40900518754738,28.407517729215744,28.407517729215744,1344.1752171570301,9.768422973707978,24.341600187137065,19.954678176667663,1333.5196877293406
235,50.717,1314.539,0.001372,254772.791,249675.699,248274.62399999998,40.45034710854236,10.267679617474245,10.267679617474245,1314.983140144318,31.230925637244596,19.49808832663534,19.49808832663534,1325.356692095845,22.385014459642516,28.40278633282057,28.40278633282057,1344.2479146728917,9.90641444577435,25.002347186730173,19.571874488681352,1334.1905551211037
236,50.717,1314.539,0.001372,254772.791,249675.699,248274.62399999998,40.45008673146562,10.267593566181743,10.267593566181743,1314.9835317684506,31.22787936633824,19.497360967708982,19.497360967708982,1325.3630426118727,22.36765793967077,28.399588000601348,28.399588000601348,1344.3006128947457,10.470682657986835,24.99045834671394,21.634873375012805,1333.2219340421495
237,50.717,1314.539,0.001372,254772.791,249675.699,248274.62399999998,40.44991413493796,10.267536622987237,10.267536622987237,1314.983791367724,31.225772692558944,19.496872796311262,19.496872796311262,1325.367436730155,22.355137429593217,28.39744049172835,28.39744049172835,1344.3386881939812,8.643495545665152,24.966430000146996,21.200227569684888,1333.6668542701325
238,50.717,1314.539,0.001372,254772.791,249675.699,248274.62399999998,40.44979972556979,10.267498941797232,10.267498941797232,1314.9839634499972,31.224317755760246,19.496545816069908,19.496545816069908,1325.3704728757903,22.346129824017073,28.39600867155916,28.39600867155916,1344.366115989673,9.750515590261326,24.760795038673486,20.74207360497965,1334.6734674581235
239,50.717,1314.539,0.001372,254772.791,249675.699,248274.62399999998,40.4497238868017,10.267474006992593,10.267474006992593,1314.9840775190646,31.223314182206003,19.496327232114005,19.496327232114005,1325.3725679928934,22.33966578095026,28.395061159433613,28.395061159433613,1344.385819755005,11.2146614364427,24.465631470903954,20.311650546302463,1333.4734783409942
240,50.717,1314.539,0.001372,254772.791,249675.699,248274.62399999998,40.449673615393415,10.267457506912342,10.267457506912342,1314.9841531325135,31.222622751273423,19.496181391451305,19.496181391451305,1325.3740120019615,22.3350379350089,28.394439223518546,28.394439223518546,1344.399939068767,10.129208866468577,24.12184301946604,20.64314248143464,1334.2050701364726
241,50.717,1314.539,0.001372,254772.791,249675.699,248274.62399999998,40.4496402918712,10.267446588362365,10.267446588362365,1314.9842032546767,31.222146895040787,19.496084270473013,19.496084270473013,1325.3750061334756,22.331731964273974,28.394034655361743,28.394034655361743,1344.4100331513996,10.862661668297543,24.698914798499523,20.00802975260233,1333.7274965186564
242,50.717,1314.539,0.001372,254772.791,249675.699,248274.62399999998,40.44961820263038,10.267439363280623,10.267439363280623,1314.9842364793178,31.221819735267736,19.496019715919612,19.496019715919612,1325.3756898286656,22.3293751550684,28.39377415485206,28.39377415485206,1344.417233966407,10.519827859947354,24.32517980020252,20.601512069299204,1334.7821018249542
243,50.717,1314.539,0.001372,254772.791,249675.699,248274.62399999998,40.44960356028286,10.267434582272402,10.267434582272402,1314.984258503035,31.221595022187163,19.4959768886377,19.4959768886377,1325.37615956603,22.327698244942038,28.39360838934505,28.39360838934505,1344.422360480226,10.429165560424202,25.36171133287764,19.8767761780446,1333.8640302444016
244,50.717,1314.539,0.001372,254772.791,249675.699,248274.62399999998,40.44959385427475,10.267431418573299,10.267431418573299,1314.9842731019585,31.2214408145468,19.495948529733287,19.495948529733287,1325.3764820052634,22.326507263345494,28.393504379616108,28.393504379616108,1344.4260033643504,9.796745840254564,24.93044099540231,20.62597910323105,1334.1390676297199
245,75.319,1348.438,0.001458,235851.382,239573.594,176466.381,48.633094265880054,10.800087960441239,10.800087960441239,1318.9349958501107,33.06611926947594,19.418844080945252,19.418844080945252,1324.0430172762624,23.113985815376893,27.853141790443555,27.853141790443555,1333.2126958236054,15.697103624811866,24.63344841418208,22.51536292191597,1326.8320808749468
246,75.319,1348.438,0.001458,235851.382,239573.594,176466.381,53.23423991907174,11.827079177776602,11.827079177776602,1317.421482971115,36.21537070834232,19.872684461309905,19.872684461309905,1321.1693117879827,24.761843664246314,27.402460004627414,27.402460004627414,1328.191021430833,16.410033662678444,23.75554928656921,21.3158159384563,1321.632601971287
247,75.319,1348.438,0.001458,235851.382,239573.594,176466.381,55.9825818443004,12.712899051431537,12.712899051431537,1315.706818757989,39.36464207453517,20.63955848852898,20.63955848852898,1317.4872327874934,26.949919666195985,27.352697487104834,27.352697487104834,1323.6604229319305,17.76002639401469,23.91443557469167,21.3330610428566,1316.4009454592735
248,75.319,1348.438,0.001458,235851.382,239573.594,176466.381,57.6687814642163,13.373325372620005,13.373325372620005,1314.5028600309138,42.086520926326,21.472799866456512,21.472799866456512,1314.1318945458543,29.36747449820696,27.646412908456846,27.646412908456846,1319.1126453304241,20.417355291294736,23.61412972600909,21.350593912127092,1312.2716700018832
249,75.319,1348.438,0.001458,235851.382,239573.594,176466.381,58.71353219549343,13.843821791086075,13.843821791086075,1313.7362628014375,44.27444067205384,22.243236726524106,22.243236726524106,1311.459226195493,31.761239807263085,28.152388074459182,28.152388074459182,1314.879538830985,22.96213360273612,24.332787796218476,22.61525909139844,1307.8941743799148
250,75.319,1348.438,0.001458,235851.382,239573.594,176466.381,59.36291011718226,14.172858828759876,14.172858828759876,1313.2609487582638,45.95527491721859,22.900610679995264,22.900610679995264,1309.458318189127,33.961264563882,28.753901487398398,28.753901487398398,1311.211977167279,24.084186692311484,24.93932015138837,22.215893684730904,1304.275860382391
251,75.319,1348.438,0.001458,235851.382,239573.594,176466.381,59.76685533783094,14.400688980773532,14.400688980773532,1312.9680052669073,47.20660301851345,23.435432721047516,23.435432721047516,1308.008199255856,35.87662125128766,29.36836153493973,29.36836153493973,1308.1901326666152,26.67734386816479,25.818687447768347,23.38982354352695,1301.0469927582283
252,75.319,1348.438,0.001458,235851.382,239573.594,176466.381,60.01812820977761,14.55736175365087,14.55736175365087,1312.7874137226445,48.116897860343464,23.856913809082698,23.856913809082698,1306.9771066052433,37.47700246036893,29.945011082149325,29.945011082149325,1305.784839231673,27.954272900832876,25.85013437156639,22.990716310220403,1297.8857010911925
253,75.319,1348.438,0.001458,235851.382,239573.594,176466.381,60.17439927222627,14.664506544893326,14.664506544893326,1312.6758826075172,48.767522156091665,24.181452748610365,24.181452748610365,1306.2530623888147,38.771890950748116,30.457198051981592,30.457198051981592,1303.9166631866397,27.81940272443671,26.828483333451157,23.475269580523438,1296.7696710621915
254,75.319,1348.438,0.001458,235851.382,239573.594,176466.381,60.271566061662924,14.737430827285014,14.737430827285014,1312.6068763296264,49.22615442377389,24.426893978255755,24.426893978255755,1305.7492203499464,39.79295669709212,30.894675525101103,30.894675525101103,1302.4918351124688,28.15100644547961,26.372457029613543,23.895361174165576,1295.126229417668
255,75.319,1348.438,0.001458,235851.382,239573.594,176466.381,60.331972451732774,14.786854473298106,14.786854473298106,1312.5641193838615,49.54587858232144,24.60983895081876,24.60983895081876,1305.4011144033993,40.58134662523175,31.25744724967288,31.25744724967288,1301.4204264807754,31.496879032818583,26.28498342064972,24.847569987013593,1294.1479036734745
256,75.319,1348.438,0.001458,235851.382,239573.594,176466.381,60.369521150069744,14.820224469848043,14.820224469848043,1312.5375995581599,49.76675367761417,24.74456373169954,24.74456373169954,1305.1620519535027,41.17955625002004,31.551313119632056,31.551313119632056,1300.6240015175158,31.64573073649856,28.026766670152462,24.651338580470547,1293.6559157452557
257,75.319,1348.438,0.001458,235851.382,239573.594,176466.381,60.39285954466924,14.842679206743682,14.842679206743682,1312.5211393044442,49.91819681217148,24.842766009260103,24.842766009260103,1304.998738692185,41.62685680358191,31.784851751122417,31.784851751122417,1300.0377169261606,30.890322959467866,26.877947226897113,25.021613049661568,1293.0712864864365
258,75.319,1348.438,0.001458,235851.382,239573.594,176466.381,60.40736473655449,14.857743240511486,14.857743240511486,1312.51091813269,50.021378581547204,24.913717131182853,24.913717131182853,1304.8876980176244,41.957175239232186,31.967497242946784,31.967497242946784,1299.609768108931,31.98918667638189,27.488713033514706,25.061810984587183,1291.6598288700427
259,75.319,1348.438,0.001458,235851.382,239573.594,176466.381,60.41637963350008,14.867821580415482,14.867821580415482,1312.5045693171762,50.091300731607745,24.964586251565404,24.964586251565404,1304.812520686693,42.19850834121288,32.10839931904904,32.10839931904904,1299.2997431894107,32.36069262659606,28.75326057707983,25.13610506244561,1291.300489816817
260,75.319,1348.438,0.001458,235851.382,239573.594,176466.381,60.421982217330104,14.874547750056111,14.874547750056111,1312.5006250512756,50.13846468809279,25.00081139741423,25.00081139741423,1304.7618213569863,42.37319928253656,32.21581766914035,32.21581766914035,1299.0766768897895,32.08524335874541,28.054857190657245,25.874485433860023,1290.99055119008
261,75.319,1348.438,0.001458,235851.382,239573.594,176466.381,60.4254640655492,14.879026739663388,14.879026739663388,1312.4981743456583,50.17014957352018,25.026454018234723,25.026454018234723,1304.7277510320573,42.49862893698145,32.296863200391044,32.296863200391044,1298.917178062319,32.38553873860188,27.455542701242408,26.06897603218656,1291.3921700468031
262,75.319,1348.438,0.001458,235851.382,239573.594,176466.381,60.42762791706721,14.882003305548368,14.882003305548368,1312.4966515260014,50.191360298271334,25.04450883389319,25.04450883389319,1304.704929571605,42.588047125822,32.35745176084913,32.35745176084913,1298.803785860488,32.20351411228803,27.108024697131558,26.462952404163165,1291.358821482496
263,75.319,1348.438,0.001458,235851.382,239573.594,176466.381,60.428972670511314,14.88397778704579,14.88397778704579,1312.4957052320221,50.20551491997107,25.05716031945574,25.05716031945574,1304.6896881279113,42.651389961855294,32.40237772256102,32.40237772256102,1298.7235993476077,32.78770758785346,27.08118820274796,25.473266536871105,1291.3560854223367
264,75.319,1348.438,0.001458,235851.382,239573.594,176466.381,60.429808381988586,14.885285349107074,14.885285349107074,1312.4951171791856,50.214934450693185,25.06598731127289,25.06598731127289,1304.679536498212,42.69600794720557,32.435446322535746,32.435446322535746,1298.6671728088252,30.540737436133593,28.049876630959425,26.251745739341832,1290.4215708546558
265,75.319,1348.438,0.001458,235851.382,239573.594,176466.381,60.43032774274135,14.886149928190454,14.886149928190454,1312.4947517404962,50.22118724690084,25.072121869046033,25.072121869046033,1304.6727916272705,42.72727690562164,32.459626451502345,32.459626451502345,1298.6276465135095,32.36671191975741,27.810088871677745,25.39462813070344,1290.7547263458075
266,75.319,1348.438,0.001458,235851.382,239573.594,176466.381,60.430650503927374,14.8867207951091,14.8867207951091,1312.49452464024,50.22532858350175,25.0763700821688,25.0763700821688,1304.6683203525852,42.749090226663164,32.477201437557454,32.477201437557454,1298.600075449808,31.489150406552472,27.728604459565144,25.587051512093023,1291.0804358030853
267,75.319,1348.438,0.001458,235851.382,239573.594,176466.381,60.43085108646109,14.887097239963875,14.887097239963875,1312.4943835087945,50.22806587000558,25.079302429643743,25.079302429643743,1304.6653623975785,42.7642439478916,32.489905961948395,32.489905961948395,1298.580918847212,31.317407560317932,27.45027815427408,25.743872707237443,1291.530399670111
268,75.319,1348.438,0.001458,235851.382,239573.594,176466.381,60.43097574002398,14.887345180554313,14.887345180554313,1312.4942958022777,50.22987176862583,25.08132046066804,25.08132046066804,1304.663409278461,42.774731294711856,32.4990439939289,32.4990439939289,1298.5676570165476,32.985418398024095,27.89996993174981,25.70723290520616,1290.2266599233765
269,75.319,1348.438,0.001458,235851.382,239573.594,176466.381,60.431053206917035,14.887508302593217,14.887508302593217,1312.494241296678,50.23106117319027,25.082705451189184,25.082705451189184,1304.6621218894272,42.78196398983843,32.50558668879224,32.50558668879224,1298.5585070138318,32.48963691638436,26.903485286168355,25.57870393569375,1290.6481079274706
270,75.319,1348.438,0.001458,235851.382,239573.594,176466.381,60.431101349289925,14.887615511649377,14.887615511649377,1312.4942074238763,50.23184332347797,25.0836535722637,25.0836535722637,1304.6612746718263,42.78693615118108,32.510251437091966,32.510251437091966,1298.5522137589649,31.558396519125967,28.01488229347516,25.84123682742672,1291.508704797984
271,75.319,1348.438,0.001458,235851.382,239573.594,176466.381,60.4311312677194,14.887685905675301,14.887685905675301,1312.4941863734166,50.232356928542096,25.084301102764037,25.084301102764037,1304.660717949889,42.79034422338736,32.51356432855592,32.51356432855592,1298.5478979640234,32.268279002493614,27.67266338122955,25.887230677753593,1290.1732591571872
272,75.319,1348.438,0.001458,235851.382,239573.594,176466.381,60.43114986074462,14.88773208571829,14.88773208571829,1312.4941732914717,50.23269374624647,25.084742377252606,25.084742377252606,1304.6603526171505,42.7926738521725,32.515908655435574,32.515908655435574,1298.5449463149935,33.721047527645716,26.833026833886585,25.957727109126683,1291.233811285263
273,75.319,1348.438,0.001458,235851.382,239573.594,176466.381,60.43116141551455,14.887762355768103,14.887762355768103,1312.4941651616086,50.232914358649616,25.08504248335326,25.08504248335326,1304.660113181059,42.794262269038185,32.51756203431408,32.51756203431408,1298.5429327450506,31.436675660316556,27.7768587669321,24.885335538170214,1290.6874316761548
274,75.319,1348.438,0.001458,235851.382,239573.594,176466.381,60.43116859630964,14.887782181807708,14.887782181807708,1312.4941601092487,50.233058694017586,25.085246195538065,25.085246195538065,1304.659956440641,42.79534275380336,32.51872447207612,32.51872447207612,1298.541562369295,32.51879588957503,27.591175457052305,25.923027527866047,1291.5176723708648
275,75.319,1348.438,0.001458,235851.382,239573.594,176466.381,60.431173058866456,14.887795157918296,14.887795157918296,1312.4941569694245,50.23315302579196,25.085384230303816,25.085384230303816,1304.6598539466142,42.796076115240574,32.519539364054054,32.519539364054054,1298.5406317968666,31.76113496535767,28.398230001197117,25.82636524362457,1290.9183645558383
276,75.319,1348.438,0.001458,235851.382,239573.594,176466.381,60.431175832154466,14.887803645006564,14.887803645006564,1312.4941550181582,50.23321461673798,25.085477606767235,25.085477606767235,1304.6597869928912,42.796572850453224,32.520109061941646,32.520109061941646,1298.540001189253,32.7899740782065,28.071349945204354,25.35686621239102,1290.4899374823974
277,75.319,1348.438,0.001458,235851.382,239573.594,176466.381,60.43117755563424,14.887809192499441,14.887809192499441,1312.49415380553,50.23325479375434,25.085540674561972,25.085540674561972,1304.6597432971612,42.79690866201407,32.52050632395049,32.52050632395049,1298.539574685805,32.82048133836662,28.302681650343548,25.804957824244443,1291.1031979889206
278,75.319,1348.438,0.001458,235851.382,239573.594,176466.381,60.43117862670315,14.887812816392959,14.887812816392959,1312.4941530519334,50.23328097957313,25.085583208847677,25.085583208847677,1304.6597148054723,42.79713527323134,32.520782676999225,32.520782676999225,1298.5392867528922,32.0122265668673,27.520711591415786,26.031831945468497,1291.0963399813063
279,75.319,1348.438,0.001458,235851.382,239573.594,176466.381,60.43117929232661,14.887815182368316,14.887815182368316,1312.4941525836055,50.23329803276859,25.085611855145856,25.085611855145856,1304.6596962429587,42.79728793453513,32.52097448527021,32.52097448527021,1298.5390927034487,32.857207243212436,28.442158502867823,25.20479938837564,1290.706120011998
280,66.568,1128.859,0.001171,164840.585,196383.499,249282.99500000002,59.41169433379189,13.315015785829798,13.315015785829798,1254.9041607799336,49.655803850467905,25.234401254066878,25.234401254066878,1292.6402414505644,41.97622954771199,33.29352797086503,33.29352797086503,1303.813833897142,40.12959234309267,31.38717836479791,32.639324273433665,1302.9942516758465
281,66.568,1128.859,0.001171,164840.585,196383.499,249282.99500000002,60.390906238987505,10.511425184396584,10.511425184396584,1224.7883318109025,50.18538281022327,23.76220748275229,23.76220748275229,1278.2609946043867,41.36202101641613,33.65503413491339,33.65503413491339,1303.1505637166088,40.0072695179214,31.42973912142112,32.31628527681154,1303.078755855825
282,66.568,1128.859,0.001171,164840.585,196383.499,249282.99500000002,61.54221541847726,8.076168269477309,8.076168269477309,1206.2531865886053,51.47067396979171,21.3624790815705,21.3624790815705,1265.3872768578524,41.36721882228346,33.15971649449581,33.15971649449581,1300.0021178098498,39.01174499104089,31.452171731944368,31.760899374458138,1299.2352361704634
283,66.568,1128.859,0.001171,164840.585,196383.499,249282.99500000002,62.54380601639052,6.170970437652409,6.170970437652409,1194.1722501721836,53.07461973624032,18.65678575200706,18.65678575200706,1254.4252515271357,41.99032053205378,31.86039574495268,31.86039574495268,1295.8104152069448,40.15983261195198,29.546492372603534,30.6265096713926,1295.3567777400415
284,66.568,1128.859,0.001171,164840.585,196383.499,249282.99500000002,63.34485833695966,4.73398410618344,4.73398410618344,1186.0783133106283,54.72332964924777,16.00929251191515,16.00929251191515,1245.2786113708403,43.0823921742161,29.980787905786418,29.980787905786418,1291.178659884002,40.926031368748546,28.214257148732994,28.886414726124297,1290.9177901106905
285,66.568,1128.859,0.001171,164840.585,196383.499,249282.99500000002,63.96265770165709,3.668631810254499,3.668631810254499,1180.5705743330138,56.26815067560251,13.604329828978484,13.604329828978484,1237.7576843873262,44.472120521717514,27.762262018980923,27.762262018980923,1286.4385879761667,43.81393280617502,25.546828382426064,27.371001343893226,1286.9492769241067
286,66.568,1128.859,0.001171,164840.585,196383.499,249282.99500000002,64.43002986498743,2.8862841576112213,2.8862841576112213,1176.785809841641,57.639493801982105,11.516991702512593,11.516991702512593,1231.652096887223,46.00984141828185,25.409162908071977,25.409162908071977,1281.8156666149644,45.263463643704476,24.535646553161563,24.92053369121111,1282.0257254418962
287,66.568,1128.859,0.001171,164840.585,196383.499,249282.99500000002,64.77952947507976,2.3151134289878796,2.3151134289878796,1174.1675925741818,58.814572845663186,9.760141945880296,9.760141945880296,1226.7520048036602,47.57957334391958,23.074892493273502,23.074892493273502,1277.4674679683615,47.8777900319003,23.159683463256222,23.04587765748048,1278.481960278972
288,66.568,1128.859,0.001171,164840.585,196383.499,249282.99500000002,65.03890691035303,1.899729934646384,1.899729934646384,1172.3475412867233,59.79672369045937,8.313751895106778,8.313751895106778,1222.8593015070783,49.098870540597765,20.864073315524177,20.864073315524177,1273.4948279554085,49.512981945707566,20.54356041228963,21.52928260239397,1274.0266899703474
289,66.568,1128.859,0.001171,164840.585,196383.499,249282.99500000002,65.23038113762391,1.598462917826393,1.598462917826393,1171.077606223271,60.602597587178934,7.1425889654150145,7.1425889654150145,1219.7945315200254,50.514187464658605,18.840530995553824,18.840530995553824,1269.9509937265836,50.93402889373035,19.525464591051893,19.24352036604573,1270.0292301230206
290,66.568,1128.859,0.001171,164840.585,196383.499,249282.99500000002,65.37117699742193,1.3803979012470604,1.3803979012470604,1170.188857958482,61.25447427303667,6.206487217289968,6.206487217289968,1217.4004691282198,51.79494946898553,17.036636323936193,17.036636323936193,1266.8520173498473,52.187253848596725,17.620063205118058,17.793923155104665,1267.7195729393886
291,66.568,1128.859,0.001171,164840.585,196383.499,249282.99500000002,65.47439765262521,1.222797330803303,1.222797330803303,1169.565328313715,61.775835205805656,5.465992812800957,5.465992812800957,1215.543061139582,52.92774396558738,15.462049365920636,15.462049365920636,1264.1871701930668,52.77047952629027,16.039450873808164,16.289550569092437,1265.8416028017352
292,66.568,1128.859,0.001171,164840.585,196383.499,249282.99500000002,65.54989124825157,1.1090326409299647,1.1090326409299647,1169.1269369714912,62.18897278254515,4.885190470050687,4.885190470050687,1214.1105248016086,53.911246251713166,14.111086573573155,14.111086573573155,1261.9281459661934,56.301836287153726,15.520022977871871,14.570865725455826,1263.2934710774139
293,66.568,1128.859,0.001171,164840.585,196383.499,249282.99500000002,65.60499886437135,1.0269908773702323,1.0269908773702323,1168.818135311118,62.51384103256748,4.432862387536944,4.432862387536944,1213.0113333428014,54.752091959114836,12.968517589702422,12.968517589702422,1260.036486237192,58.37395976396712,13.980828247229212,14.841135233427984,1261.871651627055
294,66.568,1128.859,0.001171,164840.585,196383.499,249282.99500000002,65.64516053182312,0.9678736949902353,0.9678736949902353,1168.6002524058958,62.767639129728806,4.082702481561332,4.082702481561332,1212.1716650732844,55.461697608751116,12.013885131353534,12.013885131353534,1258.4691591310261,57.90858645814121,13.463150495055386,13.475957047599866,1260.2243233314412
295,66.568,1128.859,0.001171,164840.585,196383.499,249282.99500000002,65.6743897447672,0.9253041100520186,0.9253041100520186,1168.446286842545,62.96480723209638,3.8130311066997526,3.8130311066997526,1211.5327174485212,56.05392678490169,11.224565582991506,11.224565582991506,1257.1824844992757,58.62043130267897,12.863958045375195,13.84541136713668,1258.7032462576535
296,66.568,1128.859,0.001171,164840.585,196383.499,249282.99500000002,65.69563740171748,0.8946678648404648,0.8946678648404648,1168.3373375908561,63.11723667118188,3.606277640619871,3.606277640619871,1211.0481367633965,56.543458029339945,10.577822837102973,10.577822837102973,1256.1347026373826,60.455873749032236,12.306450005420643,12.616414698079279,1257.3848574161987
297,66.568,1128.859,0.001171,164840.585,196383.499,249282.99500000002,65.7110671959404,0.8726306394620268,0.8726306394620268,1168.260144751386,63.23457533250033,3.44838602748146,3.44838602748146,1210.6817002879925,56.94470500300765,10.052096183131617,10.052096183131617,1255.2874983630634,60.69413660569195,11.258708290842792,11.833352590987728,1256.790241570751
298,66.568,1128.859,0.001171,164840.585,196383.499,249282.99500000002,65.72226206079894,0.8567856456107177,0.8567856456107177,1168.2053877155486,63.32455909118938,3.3282286224685276,3.3282286224685276,1210.4053093328696,57.27115266678121,9.627730070582366,9.627730070582366,1254.6067629364018,60.66663891673213,11.003934563468949,12.430153636232678,1256.836067101435
299,66.568,1128.859,0.001171,164840.585,196383.499,249282.99500000002,65.73037788380189,0.8453971892438811,0.8453971892438811,1168.1665032994629,63.393331398952704,3.2370712533154595,3.2370712533154595,1210.1973021621786,57.53499448129421,9.287314004320116,9.287314004320116,1254.0628290751752,62.67974969333876,10.848440950893549,11.137739647609507,1256.9126928708313
300,66.568,1128.859,0.001171,164840.585,196383.499,249282.99500000002,65.73625737344221,0.8372145099175785,0.8372145099175785,1168.1388625356258,63.44573221859865,3.168107330445296,3.168107330445296,1210.041067166701,57.746978625359105,9.015762502868984,9.015762502868984,1253.6303636319751,60.67346003269067,11.17918145839376,11.190774005670836,1255.582290888132
301,66.568,1128.859,0.001171,164840.585,196383.499,249282.99500000002,65.74051407209114,0.8313368894788566,0.8313368894788566,1168.1191958058869,63.48554885617251,3.1160646049459775,3.1160646049459775,1209.9239225444546,57.916392643689775,8.800231606790662,8.800231606790662,1253.2880557627275,60.55614616283609,10.459769710818223,12.002938817082534,1255.117216875954
302,66.568,1128.859,0.001171,164840.585,196383.499,249282.99500000002,65.74359414395661,0.8271160572736788,0.8271160572736788,1168.1051904854216,63.515727712915215,3.076880613493827,3.076880613493827,1209.8362237097988,58.05113427479329,8.629941068922236,8.629941068922236,1253.018198880536,61.8290301942684,10.5771600595264,10.961836761483594,1255.4028061262454
303,66.568,1128.859,0.001171,164840.585,196383.499,249282.99500000002,65.74582169833782,0.8240856670240474,0.8240856670240474,1168.095208754479,63.5385494253092,3.0474392978519442,3.0474392978519442,1209.7706600308757,58.157831080134315,8.49594999041147,8.49594999041147,1252.8062332012964,61.82757774244165,10.185879014333219,10.805095741456364,1255.1872049389037
304,66.568,1128.859,0.001171,164840.585,196383.499,249282.99500000002,65.74743196264079,0.8219103888359487,0.8219103888359487,1168.0880893208596,63.55577147228276,3.025360066154837,3.025360066154837,1209.7217057576029,58.2419830708054,8.39091757405738,8.39091757405738,1252.6402917905518,62.056449174191215,9.636690906487654,10.548866512873767,1254.5356353981222
305,66.568,1128.859,0.001171,164840.585,196383.499,249282.99500000002,65.74859551718232,0.8203491930043719,0.8203491930043719,1168.0830078636445,63.5687428611113,3.0088306324501404,3.0088306324501404,1209.68519453546,58.30811124228654,8.308868926914101,8.308868926914101,1252.5107756434206,60.51264786264638,10.886900474793402,11.037600841532674,1254.4869508127858
306,66.568,1128.859,0.001171,164840.585,196383.499,249282.99500000002,65.74943597177608,0.819228889366703,0.819228889366703,1168.0793786520605,63.57849543263259,2.9964756954880962,2.9964756954880962,1209.6579917335594,58.35990129479342,8.244977537336107,8.244977537336107,1252.4099712060317,61.45509979371097,11.114658007153508,10.645821119726461,1254.7609660188095
307,66.568,1128.859,0.001171,164840.585,196383.499,249282.99500000002,65.75004284090521,0.8184250701487912,0.8184250701487912,1168.0767850889283,63.585815945094296,2.987254520983304,2.987254520983304,1209.6377434098986,58.40033633352469,8.195370359648184,8.195370359648184,1252.3317156555054,62.18403981225193,11.05652875902516,10.789315907914373,1255.0380581062748
308,66.568,1128.859,0.001171,164840.585,196383.499,249282.99500000002,65.75048091025064,0.8178483927276294,0.8178483927276294,1168.0749306073355,63.591302580730506,2.980381558473322,2.980381558473322,1209.622684829695,58.43181544747687,8.156957681987846,8.156957681987846,1252.2711101326668,60.94623651898996,10.566771948242916,10.461656919925263,1253.8973060785984
309,66.568,1128.859,0.001171,164840.585,196383.499,249282.99500000002,65.75079704340985,0.8174347110028399,0.8174347110028399,1168.0736039117237,63.59540897249919,2.975265239032962,2.975265239032962,1209.6114949496427,58.45625712077601,8.127287588311846,8.127287588311846,1252.224278103112,62.18831828580277,11.176198103786254,10.634660618673653,1254.4770412152707
310,66.568,1128.859,0.001171,164840.585,196383.499,249282.99500000002,65.75102512367795,0.8171379787272495,0.8171379787272495,1168.0726543434337,63.59847832645526,2.971461008208944,2.971461008208944,1209.6031861830083,58.47518772645556,8.104423437657346,8.104423437657346,1252.188164440348,61.793316986344905,9.555461644627709,10.681927070817956,1254.0430134268402
311,66.568,1128.859,0.001171,164840.585,196383.499,249282.99500000002,65.7511896388164,0.8169251481870923,0.8169251481870923,1168.071974402054,63.60076974565002,2.9686354296134865,2.9686354296134865,1209.5970211181243,58.48981611330588,8.086842060808355,8.086842060808355,1252.16037018431,61.79437891737855,11.11226164612925,9.717327390251006,1254.0734920487296
312,66.568,1128.859,0.001171,164840.585,196383.499,249282.99500000002,65.75130827947551,0.816772504472184,0.816772504472184,1168.0714873309269,63.60247845487259,2.966538848369983,2.966538848369983,1209.592449747646,58.50109569055009,8.073350088883679,8.073350088883679,1252.1390178753313,62.378806242161566,10.128106016521187,10.292607943972566,1253.8427931670683
313,66.568,1128.859,0.001171,164840.585,196383.499,249282.99500000002,65.75139382138512,0.8166630321436333,0.8166630321436333,1168.0711382908858,63.603751282851626,2.964984639936136,2.964984639936136,1209.5890622539837,58.509775566744054,8.063015817642581,8.063015817642581,1252.1226426522217,61.340761232731765,10.819798134450787,10.459744197735402,1254.7598653934112
314,66.568,1128.859,0.001171,164840.585,196383.499,249282.99500000002,65.75145548790506,0.8165845240506187,0.8165845240506187,1168.0708880793431,63.60469847537695,2.963833503113333,2.963833503113333,1209.586553559594,58.51644229761119,8.055114162475546,8.055114162475546,1252.110104769404,61.936557136171416,10.435369993712861,10.801765991572447,1254.0280700180647
315,60.931,1047.538,0.000888,136186.791,183658.475,167293.62,64.42882077348581,0.8208994334653232,0.8208994334653232,1150.058132375874,63.273212206492126,3.1273919142565187,3.1273919142565187,1209.310212955497,58.1839826255044,8.372286705959652,8.372286705959652,1248.2844264311752,66.01899687635996,12.443988801789805,13.353513806794261,1252.9061298298534
316,60.931,1047.538,0.000888,136186.791,183658.475,167293.62,63.4827873216715,0.7569250852601601,0.7569250852601601,1136.8219735016567,62.79664218242701,3.206240865814267,3.206240865814267,1205.8001962310702,57.937296974181,8.537147070387931,8.537147070387931,1245.5532010774807,64.05139461989891,10.351774765961162,12.567719183445538,1251.5600539933441
317,60.931,1047.538,0.000888,136186.791,183658.475,167293.62,62.792855493740134,0.6730569958819054,0.6730569958819054,1127.0212937589424,62.30907019100708,3.182965484739238,3.182965484739238,1200.9374471220485,57.71692928250761,8.58619387095079,8.58619387095079,1243.0040319567754,64.83329904242224,10.881459176619991,12.000918431795176,1247.186126349862
318,60.931,1047.538,0.000888,136186.791,183658.475,167293.62,62.284110414231854,0.5889687210172443,0.5889687210172443,1119.7339644149251,61.86564341305183,3.0770846319427103,3.0770846319427103,1195.7402512301062,57.51626187935233,8.530307570869484,8.530307570869484,1240.3802100380492,64.82038707089407,11.609464933543642,13.124577628772716,1244.5136449072688
319,60.931,1047.538,0.000888,136186.791,183658.475,167293.62,61.90643930144105,0.5124508655809497,0.5124508655809497,1114.3020955892182,61.483979070757144,2.9169105477547355,2.9169105477547355,1190.7380643073398,57.34103522071217,8.380750965440143,8.380750965440143,1237.67649703623,63.172234907895955,10.301306827789022,12.087336033454903,1241.649629837591
320,60.931,1047.538,0.000888,136186.791,183658.475,167293.62,61.624858993842516,0.44606219110795353,0.44606219110795353,1110.2471091836928,61.16519693359632,2.727873662246822,2.727873662246822,1186.1859934357167,57.19621277034355,8.153810871000745,8.153810871000745,1234.9663378533762,62.57309578629809,10.756053337349803,11.580944505871082,1239.007848244602
321,60.931,1047.538,0.000888,136186.791,183658.475,167293.62,61.41431338663896,0.39001741203126156,0.39001741203126156,1107.2170618566577,60.90380920783832,2.5291849969216913,2.5291849969216913,1182.1854269656708,57.0831700900064,7.868929609160072,7.868929609160072,1232.332410481984,61.76888018260697,10.646893887005906,12.110139886937672,1236.992597947745
322,60.931,1047.538,0.000888,136186.791,183658.475,167293.62,61.256567114210085,0.34352009460349164,0.34352009460349164,1104.951470735464,60.69218190658147,2.333922279981224,2.333922279981224,1178.7525635680188,57.000224814859955,7.545864349685781,7.545864349685781,1229.8421147834995,63.37160394687478,9.644687585281885,10.670848306629468,1233.8335704361652
323,60.931,1047.538,0.000888,136186.791,183658.475,167293.62,61.13821110301665,0.3053984301403048,0.3053984301403048,1103.2567801102723,60.52247978578267,2.150207036409244,2.150207036409244,1175.8580611433624,56.943851159756726,7.2025822350876085,7.2025822350876085,1227.5417280303545,62.04748459104034,8.395459411030123,10.890825887363633,1230.9724442188012
324,60.931,1047.538,0.000888,136186.791,183658.475,167293.62,61.049317196167216,0.2744096861017425,0.2744096861017425,1101.9888004152024,60.38746670930901,1.9825188067176522,1.9825188067176522,1173.450283963509,56.90972504343864,6.854133377316361,6.854133377316361,1225.457752082698,61.14186856091204,8.573799250718572,10.584887257073229,1229.7869777465112
325,60.931,1047.538,0.000888,136186.791,183658.475,167293.62,60.98249987691455,0.24938099649961754,0.24938099649961754,1101.039938192383,60.28078869180712,1.8328197054073718,1.8328197054073718,1171.4689409295847,56.89342732046863,6.5122881789077605,6.5122881789077605,1223.6005952898788,62.3541373069929,8.629714671257016,10.117544054365078,1227.5658387196313
326,60.931,1047.538,0.000888,136186.791,183658.475,167293.62,60.9322469761642,0.22926767428052122,0.22926767428052122,1100.3298179925036,60.197024739373695,1.7014192244941837,1.7014192244941837,1169.8529419847061,56.890849905069956,6.185657725854238,6.185657725854238,1221.9686108022743,62.4211267831175,7.9196331276125775,9.245706003563884,1226.1353169432718
327,60.931,1047.538,0.000888,136186.791,183658.475,167293.62,60.89443482239312,0.21316996961872595,0.21316996961872595,1099.7983514972968,60.13163606286604,1.5876018254351167,1.5876018254351167,1168.5447170631314,56.89839340709823,5.880069804143365,5.880069804143365,1220.5517397769174,62.015300539295644,7.50763941079375,9.015323475970677,1224.6650104886073
328,60.931,1047.538,0.000888,136186.791,183658.475,167293.62,60.86597322276034,0.20032946841948862,0.20032946841948862,1099.4005938278897,60.080874352513966,1.4900650373554796,1.4900650373554796,1167.492362100069,56.91303386277438,5.599046662088856,5.599046662088856,1219.3345233058346,60.672584495688845,8.288125508406281,9.06306337740427,1223.4348320283634
329,60.931,1047.538,0.000888,136186.791,183658.475,167293.62,60.84454354339315,0.1901162612585598,0.1901162612585598,1099.102915445649,60.04167777380827,1.4072156350869829,1.4072156350869829,1166.6504641242655,56.932314017823764,5.344291825597252,5.344291825597252,1218.2984598685325,63.40128216961298,7.695340382284275,8.714830091285794,1222.3599818648709
330,60.931,1047.538,0.000888,136186.791,183658.475,167293.62,60.828404434130945,0.18201272310910066,0.18201272310910066,1098.8801476618005,60.01156831295535,1.3373634484200314,1.3373634484200314,1165.9801457333335,56.95429516496696,5.116136300389584,5.116136300389584,1217.423769593317,63.282803221488095,7.019778070195434,7.862431611687528,1221.1221157293417
331,60.931,1047.538,0.000888,136186.791,183658.475,167293.62,60.81624716830327,0.17559690607330974,0.17559690607330974,1098.713451287117,59.98855681077202,1.278843203145804,1.278843203145804,1165.4486730092337,56.977491534593206,4.91392201450432,4.91392201450432,1216.6906557399104,62.65654527484096,6.366242063653091,8.147107821976443,1220.326366330022
332,60.931,1047.538,0.000888,136186.791,183658.475,167293.62,60.807087622010734,0.1705270078173492,0.1705270078173492,1098.5887237372638,59.97105835229412,1.2300868068865396,1.2300868068865396,1165.0288444443902,57.000800039033095,4.736316677309086,4.736316677309086,1216.080158532617,62.81192665278352,5.947916467438318,8.07377179732373,1219.8199799659037
333,60.931,1047.538,0.000888,136186.791,183658.475,167293.62,60.80018544506135,0.16652754320041166,0.16652754320041166,1098.4954077811744,59.957818764295546,1.1896621925891042,1.1896621925891042,1164.6982958664246,57.02343243346662,4.581563142859592,4.581563142859592,1215.5746902664603,61.83178941506461,5.355095824102995,7.703285635182485,1219.1638275498624
334,60.931,1047.538,0.000888,136186.791,183658.475,167293.62,60.79498348527789,0.1633773998195298,0.1633773998195298,1098.4256002531488,59.947851955226604,1.1562901058395005,1.1562901058395005,1164.4388022555777,57.04485349463486,4.4476706556876815,4.4476706556876815,1215.1583297090463,61.714694762816656,6.086504230947119,6.508040853878634,1218.9717911422654
335,60.931,1047.538,0.000888,136186.791,183658.475,167293.62,60.7910623387259,0.16089972773090422,0.16089972773090422,1098.3733849870514,59.9403873004478,1.128846773824746,1.128846773824746,1164.2356221080984,57.06472677914464,4.332556914783075,4.332556914783075,1214.816941338319,61.93131984200812,6.185913383494393,7.51192933929402,1218.4009021720706
336,60.931,1047.538,0.000888,136186.791,183658.475,167293.62,60.78810621900059,0.1589535037962046,0.1589535037962046,1098.334333460057,59.93482602215941,1.106357920614037,1.106357920614037,1164.076907361934,57.08286834744762,4.234149928861363,4.234149928861363,1214.53817255004,62.78480247066026,5.569428688637553,8.06026038637627,1218.6160114887557
337,60.931,1047.538,0.000888,136186.791,183658.475,167293.62,60.785877309428635,0.15742656799878427,0.15742656799878427,1098.305130931468,59.93070542539228,1.0879878396226461,1.0879878396226461,1163.9531877079746,57.09920818047857,4.150457899372841,4.150457899372841,1214.3113705389744,62.889904991904444,6.124040905454293,6.988844483488432,1218.2537754655173
338,60.931,1047.538,0.000888,136186.791,183658.475,167293.62,60.78419647980859,0.15622992198329486,0.15622992198329486,1098.2832965163893,59.92766986288951,1.073026000885565,1.073026000885565,1163.8569295468915,57.113758664708,4.079614298922279,4.079614298922279,1214.1274505572558,62.7575285024492,5.455325964744761,6.318946491574076,1217.5793628559766
339,60.931,1047.538,0.000888,136186.791,183658.475,167293.62,60.7829287823905,0.1552930914672575,0.1552930914672575,1098.266973585297,59.92544737146881,1.0608728100150773,1.0608728100150773,1163.7821649999698,57.12658935444329,4.019904161729557,4.019904161729557,1213.9787388510663,62.10660249627948,5.905418939946347,7.372838444797118,1218.5485179256657
340,60.931,1047.538,0.000888,136186.791,183658.475,167293.62,60.781972539013516,0.15456037409254583,0.15456037409254583,1098.2547728211475,59.92383102364269,1.0510255396502117,1.0510255396502117,1163.7241839332646,57.1378071645079,3.969776502095508,3.969776502095508,1213.8588067593364,61.132470912440716,5.877813651899806,7.299782457452028,1217.6164373447946
341,60.931,1047.538,0.000888,136186.791,183658.475,167293.62,60.781251128038306,0.15398781714991214,0.15398781714991214,1098.2456547075876,59.922664153099404,1.043065045372893,1.043065045372893,1163.6792810187292,57.14754115799533,3.9278467896738434,3.9278467896738434,1213.7623071013222,60.91335071161447,5.394152308742535,7.218669016260079,1217.4303608900073
342,60.931,1047.538,0.000888,136186.791,183658.475,167293.62,60.780706801768275,0.15354079239490634,0.15354079239490634,1098.23884154506,59.921828729489334,1.0366436012030165,1.0366436012030165,1163.644549835491,57.1559311453834,3.8928925600064934,3.8928925600064934,1213.6848199000349,61.64849442342081,4.8726817854393705,6.812350587091286,1218.114969324766
343,60.931,1047.538,0.000888,136186.791,183658.475,167293.62,60.78029603147113,0.15319205633856264,0.15319205633856264,1098.2337515789056,59.921236269523256,1.031474005596052,1.031474005596052,1163.6177165125998,57.16311938534294,3.863844526776078,3.863844526776078,1213.622711479192,62.78083735888702,5.870764377997038,6.553568892135138,1218.508057577067
344,60.931,1047.538,0.000888,136186.791,183658.475,167293.62,60.77998600196296,0.15292020325778602,0.15292020325778602,1098.229949685715,59.9208207734547,1.0273199894454061,1.0273199894454061,1163.5970061739208,57.16924476236746,3.839774978954485,3.839774978954485,1213.573008828118,63.66922896007272,5.569527063889251,7.410019351045069,1216.8666683094261
345,60.931,1047.538,0.000888,136186.791,183658.475,167293.62,60.779751971461046,0.15270843453003732,0.15270843453003732,1098.2271104586202,59.920533266516955,1.023987883127474,1.023987883127474,1163.5810363040475,57.17443890394154,3.819884776897385,3.819884776897385,1213.5332896641096,63.654052875016575,5.52549023535682,7.3658549946992276,1217.1225778623966
346,60.931,1047.538,0.000888,136186.791,183658.475,167293.62,60.77957528284132,0.1525435818200352,0.1525435818200352,1098.2249905764932,59.9203376032053,1.0213194560637477,1.0213194560637477,1163.5687320130926,57.17882378500978,3.8034898903464587,3.8034898903464587,1213.5015876721886,61.05237290502104,5.428650140579081,6.962100803518928,1217.5971578148217
347,60.931,1047.538,0.000888,136186.791,183658.475,167293.62,60.77944186537787,0.15241533333131693,0.15241533333131693,1098.2234081241759,59.920207258762986,1.019185819650331,1.019185819650331,1163.5592589825458,57.1825104465671,3.790008132482635,3.790008132482635,1213.4763118321218,61.522111683445594,3.9474274749134706,6.793808331543022,1217.2604081413278
348,60.931,1047.538,0.000888,136186.791,183658.475,167293.62,60.77934110585099,0.15231562203792623,0.15231562203792623,1098.2222271166745,59.920122887733854,1.017482275681761,1.017482275681761,1163.5519705963345,57.18559852624974,3.7789465231157022,3.7789465231157022,1213.4561784432076,62.64242081503,5.226058878247034,6.5225772310870616,1217.0529788038673
349,60.931,1047.538,0.000888,136186.791,183658.475,167293.62,60.77926499785543,0.15223814279965975,0.15223814279965975,1098.221345919035,59.920070475161694,1.0161239926238486,1.0161239926238486,1163.5463663904327,57.18817636092233,3.7698895479551005,3.7698895479551005,1213.4401543438019,61.47139850962342,5.334619329862021,6.579164471955403,1216.8055574911346
350,59.856,1244.163,0.001346,249259.19199999998,243081.26700000002,155230.85499999998,60.36419373796988,0.2100032526877434,0.2100032526877434,1166.8218520377786,59.92570449248071,0.9416331240509538,0.9416331240509538,1173.990299238184,57.54919001065622,3.3925706134150966,3.3925706134150966,1208.18762179212,50.25844089540127,0.5225209485681382,0.0,1202.7441508600266
351,59.856,1244.163,0.001346,249259.19199999998,243081.26700000002,155230.85499999998,59.79734479433562,0.5382511249059263,0.5382511249059263,1211.016198946592,59.641204816235316,1.0838046467749507,1.0838046467749507,1198.451854269781,57.753725946857514,3.1391266954025623,3.1391266954025623,1211.09640327461,50.53298478809967,0.8691633437830436,0.0,1205.790303893696
352,59.856,1244.163,0.001346,249259.19199999998,243081.26700000002,155230.85499999998,58.96187393034843,1.2143895192972303,1.2143895192972303,1237.9148267071505,58.9322999194943,1.6333275466281993,1.6333275466281993,1224.6264346564183,57.627303005364624,3.181521435144457,3.181521435144457,1221.0827635696778,52.43563848831713,1.635000552687762,0.025250590643684012,1216.8239334219613
353,59.856,1244.163,0.001346,249259.19199999998,243081.26700000002,155230.85499999998,57.95009083361478,2.1197739493490686,2.1197739493490686,1253.274442400698,57.71683605349745,2.699395903338398,2.699395903338398,1246.4276434008943,57.01705054374089,3.6840102075913688,3.6840102075913688,1234.545055139777,51.42735110102257,2.2461897688330823,0.5952758326176223,1230.541013746937
354,59.856,1244.163,0.001346,249259.19199999998,243081.26700000002,155230.85499999998,56.94727251799563,3.0515416103189734,3.0515416103189734,1261.6710715308163,56.091425984015586,4.196352740240441,4.196352740240441,1262.044346592228,55.847083532065014,4.7359381750328815,4.7359381750328815,1247.986977546303,52.60647820467532,4.0631795346789685,2.7820819094915077,1244.656111810713
355,59.856,1244.163,0.001346,249259.19199999998,243081.26700000002,155230.85499999998,56.08432158779511,3.867046499290598,3.867046499290598,1266.2085653126849,54.298889024671226,5.8839527921179124,5.8839527921179124,1272.2361518730975,54.18398700294189,6.281705484627878,6.281705484627878,1259.2802483828418,50.34337952078109,6.874049533318321,4.122084321104584,1255.5170943793798
356,59.856,1244.163,0.001346,249259.19199999998,243081.26700000002,155230.85499999998,55.40514954486599,4.5145351349462866,4.5145351349462866,1268.7014911800513,52.581328175635335,7.5186453604621315,7.5186453604621315,1278.6301408743625,52.2208390950182,8.13562440774661,8.13562440774661,1267.8179387285413,47.63839201341186,8.54804787541949,5.731437867261695,1264.0118570810096
357,59.856,1244.163,0.001346,249259.19199999998,243081.26700000002,155230.85499999998,54.89890481914849,4.999622388502733,4.999622388502733,1270.1186104575916,51.08514291934365,8.950949643810606,8.950949643810606,1282.6641164501912,50.18596447997366,10.073488119323297,10.073488119323297,1273.9446237649852,46.99256738723528,10.236982093902684,7.689121698214722,1269.8226197907763
358,59.856,1244.163,0.001346,249259.19199999998,243081.26700000002,155230.85499999998,54.53376492835642,5.3506337916487965,5.3506337916487965,1270.957648306842,49.85983459908729,10.127894594555825,10.127894594555825,1285.2938030500611,48.26051200520601,11.915781607493734,11.915781607493734,1278.3021723755803,43.630431242932474,10.99283723474199,9.624368025001672,1274.2258538857473
359,59.856,1244.163,0.001346,249259.19199999998,243081.26700000002,155230.85499999998,54.27560687163149,5.599357159690492,5.599357159690492,1271.474137533743,48.89527006577018,11.056353423042053,11.056353423042053,1287.0778040968091,46.55007222626934,13.55687937324492,13.55687937324492,1281.4602479753332,42.18855589698392,12.861497227055597,11.204159989075377,1276.9467271042738
360,59.856,1244.163,0.001346,249259.19199999998,243081.26700000002,155230.85499999998,54.09529969917587,5.773364057638341,5.773364057638341,1271.802552357163,48.15520536801544,11.769763486915885,11.769763486915885,1288.329252259074,45.095641958831024,14.95475509609323,14.95475509609323,1283.8155298401805,39.55124660535149,14.41478814752062,11.96055550146649,1279.7882854037503
361,59.856,1244.163,0.001346,249259.19199999998,243081.26700000002,155230.85499999998,53.97030677021597,5.8941498039125255,5.8941498039125255,1272.016566376085,47.5970599857826,12.308410639724984,12.308410639724984,1289.2268478766464,43.89637862042272,16.108722187930468,16.108722187930468,1285.6165157006524,39.91880006829744,15.780481837734705,13.424176459244276,1281.6111041669537
362,59.856,1244.163,0.001346,249259.19199999998,243081.26700000002,155230.85499999998,53.88405821178726,5.977588899653676,5.977588899653676,1272.1584728091293,47.18113132129929,12.710184361115207,12.710184361115207,1289.8784440102077,42.9293012354919,17.040065032977715,17.040065032977715,1287.0151672775628,38.43220412388512,15.151632374928697,13.955681568803804,1282.7779293784524
363,59.856,1244.163,0.001346,249259.19199999998,243081.26700000002,155230.85499999998,53.82471380471118,6.035057210257981,6.035057210257981,1272.2536763680869,46.87388843756601,13.007217322268408,13.007217322268408,1290.3537859068279,42.16238123056841,17.77915249665105,17.77915249665105,1288.1080882095628,36.6697272195696,16.064353480262024,14.685253814131395,1282.7320291755573
364,59.856,1244.163,0.001346,249259.19199999998,243081.26700000002,155230.85499999998,53.78395298735013,6.074565212272159,6.074565212272159,1272.3180390733542,46.648452096763165,13.225329817978274,13.225329817978274,1290.700760612287,41.562057105429524,18.35803544239826,18.35803544239826,1288.961646510882,34.860679419548674,17.078789585363673,15.16507125682042,1285.2613143360372
365,59.856,1244.163,0.001346,249259.19199999998,243081.26700000002,155230.85499999998,53.75598676156844,6.10169483592973,6.10169483592973,1272.3617658225874,46.48392853101456,13.384624863610206,13.384624863610206,1290.953607634074,41.09705097784975,18.806680558765606,18.806680558765606,1289.625272618966,35.72754227865121,17.25226821967347,15.152282116708472,1285.277516929053
366,59.856,1244.163,0.001346,249259.19199999998,243081.26700000002,155230.85499999998,53.73681183211691,6.120311101156844,6.120311101156844,1272.391565055243,46.36439405094427,13.500442266104514,13.500442266104514,1291.1373560294323,40.739998158324255,19.151352450890172,19.151352450890172,1290.1379262617245,34.2646567673437,18.225768542053444,15.124148066253193,1286.1933875127686
367,59.856,1244.163,0.001346,249259.19199999998,243081.26700000002,155230.85499999998,53.72367004110678,6.133079828668048,6.133079828668048,1272.4119121776062,46.277876452879916,13.584327039735767,13.584327039735767,1291.2704723831391,40.46787752074048,19.41417266203669,19.41417266203669,1290.531160104944,34.08882154928838,17.16898397064687,16.28415039710805,1286.6540296625578
368,59.856,1244.163,0.001346,249259.19199999998,243081.26700000002,155230.85499999998,53.71466542250175,6.141835323795789,6.141835323795789,1272.425822004209,46.21546342591253,13.644881329283384,13.644881329283384,1291.366605610306,40.26183200562644,19.613277312292364,19.613277312292364,1290.8306802113561,34.649407296712255,17.433382348460164,16.375627600790093,1285.881583594656
369,59.856,1244.163,0.001346,249259.19199999998,243081.26700000002,155230.85499999998,53.70849650885784,6.1478378783423375,6.1478378783423375,1272.4353381587607,46.17057113445984,13.688465221592251,13.688465221592251,1291.4358231140045,40.10671362225158,19.76324597236854,19.76324597236854,1291.0573126958316,34.79907835711896,17.591089456296345,16.961738595624883,1286.8306563032415
370,59.856,1244.163,0.001346,249259.19199999998,243081.26700000002,155230.85499999998,53.70427068989769,6.151952606410617,6.151952606410617,1272.4418514158176,46.138365782556704,13.719751995262996,13.719751995262996,1291.4855228982003,39.99053555023799,19.875623309227855,19.875623309227855,1291.2277534488674,35.07927894212229,18.00629149491996,16.008054201968353,1286.6420151934572
371,59.856,1244.163,0.001346,249259.19199999998,243081.26700000002,155230.85499999998,53.70137609350273,6.154773018787694,6.154773018787694,1272.446310598328,46.11531661951138,13.742157796770723,13.742157796770723,1291.521118164794,39.90392657465587,19.959440497392514,19.959440497392514,1291.3552289945078,34.23081472307274,18.64722586536888,16.49304736948075,1286.8140543098866
372,59.856,1244.163,0.001346,249259.19199999998,243081.26700000002,155230.85499999998,53.69939342575086,6.156706148108291,6.156706148108291,1272.4493640104488,46.0988559618981,13.758168828297023,13.758168828297023,1291.5465529755888,39.83963368455177,20.02169157393016,20.02169157393016,1291.4500967655256,33.75620692281468,17.781120471809185,16.374636314852253,1287.0508549068504
373,59.856,1244.163,0.001346,249259.19199999998,243081.26700000002,155230.85499999998,53.69803541662452,6.158031076575994,6.158031076575994,1272.4514550385588,46.08712361007483,13.769587571889513,13.769587571889513,1291.5646895127106,39.792091182596664,20.067746660358935,20.067746660358935,1291.520381987127,33.958259192345125,18.41791980679475,16.490170831927514,1286.7267090120388
374,59.856,1244.163,0.001346,249259.19199999998,243081.26700000002,155230.85499999998,53.697105273200286,6.158939129474796,6.158939129474796,1272.4528870977445,46.07877643765012,13.777716403586236,13.777716403586236,1291.5775972841138,39.757059778974146,20.10169843610616,20.10169843610616,1291.5722445225865,33.86885317058341,17.88434246559465,16.465986796462186,1287.3043818652552
375,59.856,1244.163,0.001346,249259.19199999998,243081.26700000002,155230.85499999998,53.69646819336364,6.159561457751658,6.159561457751658,1272.453867892219,46.072847564947104,13.783493516546615,13.783493516546615,1291.586767744771,39.73133152303578,20.126645662731054,20.126645662731054,1291.6103734873752,33.04217197646288,17.684583401650464,16.62253410952289,1287.1815968341657
376,59.856,1244.163,0.001346,249259.19199999998,243081.26700000002,155230.85499999998,53.69603184249006,6.159987957862886,6.159987957862886,1272.454539637351,46.06864283374851,13.787592928239837,13.787592928239837,1291.59327259501,39.71249296477511,20.144920942148154,20.144920942148154,1291.6383126425014,34.69323310540802,17.842855435053895,17.402911568693195,1287.1900115899764
377,59.856,1244.163,0.001346,249259.19199999998,243081.26700000002,155230.85499999998,53.69573297636373,6.1602802458699975,6.1602802458699975,1272.4549997208164,46.06566509453164,13.790497681198117,13.790497681198117,1291.5978798828062,39.69873782030836,20.15827100602741,20.15827100602741,1291.6587232005586,32.470754899929126,17.916935731886756,16.534413502926597,1286.8645352905867
378,59.856,1244.163,0.001346,249259.19199999998,243081.26700000002,155230.85499999998,53.695528276819836,6.160480552692709,6.160480552692709,1272.4553148379189,46.063559080754615,13.792553182600503,13.792553182600503,1291.601138732143,39.688720567303356,20.167997716492064,20.167997716492064,1291.673592475833,33.256626892144425,17.580140475760217,16.3555501868478,1287.2878985559432
379,59.856,1244.163,0.001346,249259.19199999998,243081.26700000002,155230.85499999998,53.69538807402365,6.160617822127756,6.160617822127756,1272.4555306666184,46.06207142905893,13.794005918769004,13.794005918769004,1291.603440902582,39.681443181069106,20.175067225165268,20.175067225165268,1291.6843972086415,34.255367580340184,18.315990468755,16.19032126183635,1287.4732943134777
380,59.856,1244.163,0.001346,249259.19199999998,243081.26700000002,155230.85499999998,53.69529204638217,6.160711890936122,6.160711890936122,1272.4556784914762,46.06102178427587,13.795031456765784,13.795031456765784,1291.6050653416332,39.676168267000044,20.180193748619303,20.180193748619303,1291.692229913372,33.45828687338121,18.47916973548967,16.216744393599072,1286.5790110511286
381,59.856,1244.163,0.001346,249259.19199999998,243081.26700000002,155230.85499999998,53.695226275187146,6.160776354066131,6.160776354066131,1272.455779739447,46.06028198034035,13.795754634531034,13.795754634531034,1291.6062103179415,39.672352938635974,20.18390337803983,20.18390337803983,1291.6978956604853,33.82055538796203,18.64567260760216,16.6897579906241,1287.0607403601098
382,59.856,1244.163,0.001346,249259.19199999998,243081.26700000002,155230.85499999998,53.69518122722575,6.160820528530891,6.160820528530891,1272.4558490860986,46.05976108158983,13.796264077978313,13.796264077978313,1291.6070165267497,39.66959881979567,20.186582359048366,20.186582359048366,1291.701985592679,34.24907478440136,17.809516683269155,15.814966018595007,1286.8287271973195
383,59.856,1244.163,0.001346,249259.19199999998,243081.26700000002,155230.85499999998,53.69515037300939,6.1608507994457105,6.1608507994457105,1272.4558965829503,46.05939466176002,13.796622612675227,13.796622612675227,1291.607583658958,39.66761446084158,20.188513406174593,20.188513406174593,1291.7049323688955,34.883713649695764,18.860671862668816,16.25019599835137,1287.1710123491662
384,59.856,1244.163,0.001346,249259.19199999998,243081.26700000002,155230.85499999998,53.69512924036301,6.1608715425763325,6.1608715425763325,1272.4559291144603,46.0591371376698,13.79687471396329,13.79687471396329,1291.6079822540605,39.66618723509919,20.18990287349747,20.18990287349747,1291.7070517198435,33.748674742351746,17.849774943103924,16.487295274069755,1287.213730571356
385,49.562,1293.476,0.000872,153298.444,175016.283,255339.94199999998,50.51380092338381,6.972715350065191,6.972715350065191,1277.4205192273264,44.870981060703684,14.68859708872414,14.68859708872414,1287.975699644888,38.458032955767884,21.372763237670103,21.372763237670103,1302.4841666145787,27.35063071676413,18.53597602569712,14.71136889728042,1294.4012857675289
386,49.562,1293.476,0.000872,153298.444,175016.283,255339.94199999998,48.01942411206875,7.643018222483579,7.643018222483579,1280.9118050677264,43.48297511538187,15.371225051037687,15.371225051037687,1287.5836473569439,36.93856004719991,22.75065233643477,22.75065233643477,1307.9677533474185,25.76554818610966,19.53402217292961,16.88431903599659,1299.9259012592024
387,49.562,1293.476,0.000872,153298.444,175016.283,255339.94199999998,46.082814197189855,8.175421559418789,8.175421559418789,1283.4621305656156,41.98179948489811,15.962046961734128,15.962046961734128,1288.6398143405097,35.33030497257113,24.059813086615552,24.059813086615552,1311.633013434514,26.098906528874465,20.920791516898333,17.94087017927972,1303.0980254868343
388,49.562,1293.476,0.000872,153298.444,175016.283,255339.94199999998,44.588247167145276,8.589003837971873,8.589003837971873,1285.3825262905586,40.467326139526016,16.492927218452618,16.492927218452618,1290.326922806696,33.70924241760974,25.230307567111765,25.230307567111765,1314.808210285284,21.69029930124346,22.0508636182087,17.945399334249508,1305.578011384145
389,49.562,1293.476,0.000872,153298.444,175016.283,255339.94199999998,43.43866531944925,8.906423202375533,8.906423202375533,1286.8575792242113,39.01523900326498,16.97013211845043,16.97013211845043,1292.2463082210086,32.10580259721721,26.26033670363635,26.26033670363635,1317.9324533475365,21.284652109192,23.075270373109053,19.64290774117652,1309.3641671317898
390,49.562,1293.476,0.000872,153298.444,175016.283,255339.94199999998,42.55588967497882,9.14858444627845,9.14858444627845,1288.0028391542671,37.673177436748446,17.394126203410554,17.394126203410554,1294.1941814941895,30.541316916082707,27.165153629822523,27.165153629822523,1321.1186103270777,19.128279160599416,23.254934593086773,20.151366900729542,1312.9457131779104
391,49.562,1293.476,0.000872,153298.444,175016.283,255339.94199999998,41.87843425667698,9.332882796755246,9.332882796755246,1288.8960779235945,36.46582446947769,17.7657235969697,17.7657235969697,1296.063123703183,29.035665215940806,27.96122069185561,27.96122069185561,1324.3670855344426,17.43817066560232,24.120522113912173,21.395808476589057,1315.6984892644873
392,49.562,1293.476,0.000872,153298.444,175016.283,255339.94199999998,41.35859518260888,9.473080243456971,9.473080243456971,1289.5933461788902,35.40146200486391,18.08739138730147,18.08739138730147,1297.7965816694666,27.606698821813982,28.6626368018346,28.6626368018346,1327.6419958212198,17.146449104213524,25.0904412003759,22.172945450485457,1318.63537446366
393,49.562,1293.476,0.000872,153298.444,175016.283,255339.94199999998,40.9596321808828,9.579787948376612,9.579787948376612,1290.1370785247727,34.47767062061848,18.362988398669653,18.362988398669653,1299.366891861204,26.268645928859243,29.281040274572835,29.281040274572835,1330.897950438591,15.883901369285907,25.33158004760702,21.341409416837518,1321.7310160284035
394,49.562,1293.476,0.000872,153298.444,175016.283,255339.94199999998,40.653351256806815,9.661085223783894,9.661085223783894,1290.5603161398492,33.685647148309606,18.597163877676625,18.597163877676625,1300.7639455786355,25.031271300908077,29.82618047750868,29.82618047750868,1334.0898508112834,13.704764920886085,25.245202729876073,22.33869861055264,1324.8335057969673
395,49.562,1293.476,0.000872,153298.444,175016.283,255339.94199999998,40.41814907916757,9.723090738363824,9.723090738363824,1290.8891068452544,33.01323525616131,18.794825601081563,18.794825601081563,1301.9887584891226,23.899863218260087,30.30642509792853,30.30642509792853,1337.1768828887903,13.538350925901893,26.319376340517437,22.835894111558968,1328.1092768611068
396,49.562,1293.476,0.000872,153298.444,175016.283,255339.94199999998,40.237478006653674,9.770431747682535,9.770431747682535,1291.1440490792272,32.44693780440926,18.96077226130219,18.96077226130219,1303.0494131969047,22.87574565828015,30.729095149412295,30.729095149412295,1340.1243706082232,11.86534572025955,25.983821934151152,22.431588367678916,1331.4560103501974
397,49.562,1293.476,0.000872,153298.444,175016.283,255339.94199999998,40.0986599814761,9.806609771386494,9.806609771386494,1291.3414070627489,31.97318537109197,19.09947646894457,19.09947646894457,1303.9582754006192,21.95702931614607,31.10066928430211,31.10066928430211,1342.9046535584662,10.708516742570128,26.888186478131743,22.66331063489636,1333.5427994570653
398,49.562,1293.476,0.000872,153298.444,175016.283,255339.94199999998,39.99197700029311,9.834278540395282,9.834278540395282,1291.4939791298743,31.57908745510039,19.21497781430782,19.21497781430782,1304.7300028436398,21.139409515432103,31.426911467271328,31.426911467271328,1345.4973668334717,9.274459370116498,27.745459601332566,23.669062358025265,1336.2617716102448
399,49.562,1293.476,0.000872,153298.444,175016.283,255339.94199999998,39.90997594732846,9.85545296011876,9.85545296011876,1291.6117976359892,31.25283670415665,19.31084741555811,19.31084741555811,1305.3801191407053,20.416903637294975,31.71295918669429,31.71295918669429,1347.8892767060274,8.223142333118332,28.03135467037987,24.715858120734136,1338.4261256543864
400,49.562,1293.476,0.000872,153298.444,175016.283,255339.94199999998,39.84693775406749,9.871665661994724,9.871665661994724,1291.7026982924338,30.9838878444429,19.39019496601262,19.39019496601262,1305.9240214220856,19.782478931697966,31.963392695810477,31.963392695810477,1350.0737722329516,7.441155257634107,27.003895167888952,25.341974406958265,1340.65848680273
401,49.562,1293.476,0.000872,153298.444,175016.283,255339.94199999998,39.79847193330081,9.884084334882058,9.884084334882058,1291.7727819185473,30.762995425437484,19.455698781846117,19.455698781846117,1306.3763269960257,19.22855690135453,32.182294826578605,32.182294826578605,1352.050105165772,6.753750145991468,27.904264026331433,24.53241337831036,1343.2860688276714
402,49.562,1293.476,0.000872,153298.444,175016.283,255339.94199999998,39.76120663265033,9.893599860104631,9.893599860104631,1291.826786180812,30.582167166611825,19.50964661750709,19.50964661750709,1306.7504804580888,18.74739972084615,32.37330496326827,32.37330496326827,1353.822469899661,6.344361483594671,28.850275407764897,25.393374768866902,1344.5247880836096
403,49.562,1293.476,0.000872,153298.444,175016.283,255339.94199999998,39.73255148003645,9.900892711354844,9.900892711354844,1291.86838242177,30.434570478193866,19.553979981429656,19.553979981429656,1307.0585541030405,18.331393232653028,32.53966805063334,32.53966805063334,1355.3990103744732,7.643498960152041,27.968390615975288,25.195290581781265,1346.545095678796
404,49.562,1293.476,0.000872,153298.444,175016.283,255339.94199999998,39.71051595658771,9.906483131644539,9.906483131644539,1291.9004108973777,30.314416501648946,19.59033786118797,19.59033786118797,1307.3111855286102,17.973244124139327,32.68427860138857,32.68427860138857,1356.7908297654672,7.059634707620181,28.469034508779906,24.88173584143514,1347.541432452781
405,49.562,1293.476,0.000872,153298.444,175016.283,255339.94199999998,39.69357017998402,9.910769157161129,9.910769157161129,1291.9250660182458,30.216837042316044,19.620097711445982,19.620097711445982,1307.5176073651369,17.666108674356547,32.809719608327114,32.809719608327114,1358.011062861552,6.694509038732227,28.69594941345116,25.40471028757093,1348.8145850679964
406,49.562,1293.476,0.000872,153298.444,175016.283,255339.94199999998,39.68053811991243,9.914055501682194,9.914055501682194,1291.944041465995,30.13776374978386,19.644412708624923,19.644412708624923,1307.6857344654597,17.4036686637062,32.91829650659933,32.91829650659933,1359.0740528358224,5.8672031640970586,28.594822480925185,25.99953340537773,1349.7047396896783
407,49.562,1293.476,0.000872,153298.444,175016.283,255339.94199999998,39.670515642656156,9.916575542994936,9.916575542994936,1291.9586434080413,30.073814914045446,19.664244936979202,19.664244936979202,1307.822283019858,17.180167654718645,33.012066593756614,33.012066593756614,1359.9946562903701,4.638541125928873,28.43721078454389,25.440751074214276,1351.0041236493737
408,49.562,1293.476,0.000872,153298.444,175016.283,255339.94199999998,39.66280758224455,9.918508086483754,9.918508086483754,1291.9698785382996,30.02219264035363,19.680394537718236,19.680394537718236,1307.9329036047545,16.990418417019704,33.09286448852101,33.09286448852101,1360.7876849896754,4.66933780701362,29.099755578046526,26.265653151386054,1352.1810748563762
409,49.562,1293.476,0.000872,153298.444,175016.283,255339.94199999998,39.6568794030744,9.919990163617653,9.919990163617653,1291.9785223690333,29.980591497177198,19.693525046882574,19.693525046882574,1308.0223160988953,16.82979004571107,33.16232427366404,33.16232427366404,1361.4674806964358,5.649953779425656,29.032542688249794,25.18711753885536,1351.8081925167783
410,49.562,1293.476,0.000872,153298.444,175016.283,255339.94199999998,39.65232005980515,9.92112681354516,9.92112681354516,1291.9851721004673,29.947118694195414,19.70418524141024,19.70418524141024,1308.0944388561381,16.694181411977926,33.221898944519346,33.221898944519346,1362.0476112904073,5.178904140961202,29.14827228862582,25.873139804570442,1353.657044416614
411,49.562,1293.476,0.000872,153298.444,175016.283,255339.94199999998,39.648813454191306,9.921998565164177,9.921998565164177,1291.9902874892628,29.920225231932815,19.71282784894575,19.71282784894575,1308.1525077443507,16.579986004273945,33.27287770529037,33.27287770529037,1362.5406715881888,4.200451226494495,28.95842190424239,25.014538073993926,1353.616383910833
412,49.562,1293.476,0.000872,153298.444,175016.283,255339.94199999998,39.64611649500248,9.922667163971024,9.922667163971024,1291.9942224033643,29.898647128668095,19.719825480402847,19.719825480402847,1308.1991828987877,16.484051943240953,33.316401550925605,33.316401550925605,1362.9581703518108,4.540011604082547,28.521882792140552,25.97835052999752,1354.2244026617784
413,49.562,1293.476,0.000872,153298.444,175016.283,255339.94199999998,39.64404223117569,9.923179957656679,9.923179957656679,1291.997249163938,29.881355676212713,19.72548412964262,19.72548412964262,1308.2366425303455,16.40363994276547,33.35347746551586,33.35347746551586,1363.310485117412,6.343165389663862,29.153931200950236,26.304553220658413,1354.190540591261
414,49.562,1293.476,0.000872,153298.444,175016.283,255339.94199999998,39.64244688373207,9.923573255886891,9.923573255886891,1291.9995773102387,29.867515637714856,19.730054560403417,19.730054560403417,1308.2666640733216,16.336381199371907,33.38499147285904,33.38499147285904,1363.6068679659377,4.427296037207108,29.10230863190519,26.681295850877962,1354.445048332552
415,49.562,1293.476,0.000872,153298.444,175016.283,255339.94199999998,39.64121987444243,9.92387490498335,9.92387490498335,1292.0013680575378,29.856450332878733,19.733741871870667,19.733741871870667,1308.2906935127542,16.28023658170267,33.41172069775077,33.41172069775077,1363.8554875882678,3.2700388008034724,29.207443642923735,25.604521962218698,1354.6579489498442
416,49.562,1293.476,0.000872,153298.444,175016.283,255339.94199999998,39.640276158248234,9.924106261419245,9.924106261419245,1292.0027454321173,29.84761262874157,19.73671350402634,19.73671350402634,1308.3099040199509,16.23345802574997,33.4343445392754,33.4343445392754,1364.0634955102726,4.190990607685789,29.565516254175666,26.048742668894377,1354.3968014809595
417,49.562,1293.476,0.000872,153298.444,175016.283,255339.94199999998,39.63955032689617,9.924283704771725,9.924283704771725,1292.0038048443744,29.840560947454357,19.739105913988748,19.739105913988748,1308.325245136543,16.19455269021011,33.45345501833701,33.45345501833701,1364.2371068278446,5.023063992625389,29.185223094119632,25.737274789210208,1355.4681326091254
418,49.562,1293.476,0.000872,153298.444,175016.283,255339.94199999998,39.63899207446491,9.924419797760947,9.924419797760947,1292.0046196878816,29.83493950342562,19.741030126025688,19.741030126025688,1308.3374837471185,16.162250165615735,33.46956633775076,33.46956633775076,1364.3816880699264,4.851304787851871,28.132107416450044,25.807608877696502,1355.518930873953
419,49.562,1293.476,0.000872,153298.444,175016.283,255339.94199999998,39.638562710125186,9.92452417578688,9.92452417578688,1292.0052464180042,29.830462082585058,19.742576331416625,19.742576331416625,1308.3472380134806,16.135472841161853,33.483123680792175,33.483123680792175,1364.5018467642171,5.776452745724124,29.804183502223307,26.238821750348453,1355.8009139428377
420,99.368,1088.111,0.000873,253348.134,236549.638,136036.303,51.51168284115965,9.52705464940454,9.52705464940454,1259.5854432496042,31.093850920438232,19.91411179173745,19.91411179173745,1312.6503206771793,16.9116664643969,32.81882921736012,32.81882921736012,1341.301293717415,24.66475716727596,33.2282679528174,36.23327866308924,1348.2543329659459
421,99.368,1088.111,0.000873,253348.134,236549.638,136036.303,61.2007796089218,8.669480657010093,8.669480657010093,1235.4958762023364,34.38598954138314,20.03924936428225,20.03924936428225,1307.0112575428357,18.46168213940196,31.947030459235886,31.947030459235886,1332.29966022563,24.652409747153214,32.43260931622241,35.63212086491283,1339.0822833364468
422,99.368,1088.111,0.000873,253348.134,236549.638,136036.303,69.00543707906027,7.66145696554552,7.66145696554552,1216.874266759538,38.97775720806101,19.857414681249537,19.857414681249537,1297.3373208182848,20.644110562796385,31.20841518846104,31.20841518846104,1324.8685446078005,29.422075580937854,30.626047664332177,35.30611430149207,1332.358895661268
423,99.368,1088.111,0.000873,253348.134,236549.638,136036.303,75.23775597744547,6.659745732041534,6.659745732041534,1202.2179590566625,44.265578032890815,19.333321355749753,19.333321355749753,1286.331867672234,23.482988283456226,30.548911140558793,30.548911140558793,1316.9108847685684,30.681028542775103,31.349094410745252,34.93986747523694,1323.8990514601553
424,99.368,1088.111,0.000873,253348.134,236549.638,136036.303,80.18485036655751,5.738064133267033,5.738064133267033,1190.5830997888238,49.80143148002087,18.517830892803488,18.517830892803488,1275.2649420152256,26.929378300582915,29.87794925840863,29.87794925840863,1308.3547942697246,34.838796315570185,30.112033645733433,33.982800750352425,1315.4557731123848
425,99.368,1088.111,0.000873,253348.134,236549.638,136036.303,84.09535626299677,4.925467537387216,4.925467537387216,1181.309133162529,55.272672297149946,17.490667098255138,17.490667098255138,1264.736621026042,30.8733529983268,29.127569207260628,29.127569207260628,1299.540035184252,38.730766777496065,29.69200447720006,33.19546886533921,1306.761580814813
426,99.368,1088.111,0.000873,253348.134,236549.638,136036.303,87.17730421805034,4.227633345157962,4.227633345157962,1173.903835327687,60.47375636624669,16.334090654381733,16.334090654381733,1255.0197422256163,35.17483042392145,28.26133530102745,28.26133530102745,1290.80180014901,42.11928688201719,29.57237893341134,32.82094630374535,1298.3135552412757
427,99.368,1088.111,0.000873,253348.134,236549.638,136036.303,89.6010852080914,3.6386376514655425,3.6386376514655425,1167.9872918391957,65.28050899960499,15.120472722353597,15.120472722353597,1246.2217685172184,39.687565588333875,27.270438806828572,27.270438806828572,1282.379251358807,48.412223970730025,28.291126997815844,32.6997145157222,1289.6361966534682
428,99.368,1088.111,0.000873,253348.134,236549.638,136036.303,91.50433871169324,3.1474128589891768,3.1474128589891768,1163.2605736151972,69.62859098578924,13.907434316290242,13.907434316290242,1238.3634570909371,44.27469239001159,26.166317968865094,26.166317968865094,1274.419841570931,53.61601750878407,28.537025596937,30.771699228863902,1282.5922329975965
429,99.368,1088.111,0.000873,253348.134,236549.638,136036.303,92.99721027540484,2.7412216196787216,2.7412216196787216,1159.4860344721994,73.49609643591735,12.73722228709308,12.73722228709308,1231.4184907891488,48.81756580109508,24.973076651523982,24.973076651523982,1267.0043856756745,58.43628051343911,26.988797241398533,31.09045285584279,1275.3763926698402
430,99.368,1088.111,0.000873,253348.134,236549.638,136036.303,94.16727078457888,2.4074572269621064,2.4074572269621064,1156.473735471656,76.88989106559887,11.638258196488941,11.638258196488941,1225.3345701029625,53.2197825418003,23.72103117433697,23.72103117433697,1260.1698744223454,63.868946018688135,26.452548660546032,30.27772805315616,1269.3424501417692
431,99.368,1088.111,0.000873,253348.134,236549.638,136036.303,95.08382173923496,2.1345097117877896,2.1345097117877896,1154.0714777574965,79.8352013279179,10.627581667114692,10.627581667114692,1220.0454553212464,57.407927164162594,22.44182816387149,22.44182816387149,1253.925486119357,69.09912244445877,26.494132142578216,29.992618444132265,1262.2111214987535
432,99.368,1088.111,0.000873,253348.134,236549.638,136036.303,95.80152402013098,1.912116902215682,1.912116902215682,1152.1571814316649,82.36792653020947,9.71344887676333,9.71344887676333,1215.4783476207585,61.33024011191847,21.16512402631159,21.16512402631159,1248.262773928651,72.58641335055982,25.651716028066343,28.419322571309074,1256.7417088916138
433,99.368,1088.111,0.000873,253348.134,236549.638,136036.303,96.36338625807399,1.731438880100861,1.731438880100861,1150.6329138690635,84.52915172766158,8.897705086284427,8.897705086284427,1211.5586646335746,64.95409922767458,19.91660220713108,19.91660220713108,1243.1619430853314,78.50909366420942,24.21040568983893,27.992452079548613,1252.9369494636685
434,99.368,1088.111,0.000873,253348.134,236549.638,136036.303,96.80318869936622,1.5849912297197735,1.5849912297197735,1149.4201438988098,86.36138035818708,8.177772390680719,8.177772390680719,1208.2132101239772,68.26295316638019,18.717028762737797,18.717028762737797,1238.595770625657,80.7926851489038,23.42056651522187,27.0569424525486,1248.7902862753274
435,99.368,1088.111,0.000873,253348.134,236549.638,136036.303,97.1474289093713,1.466513340863165,1.466513340863165,1148.4559405710443,87.90606888315507,7.548220597128373,7.548220597128373,1205.3722617838578,71.25314194647618,17.58204850308799,17.58204850308799,1234.5321790511584,84.76477649671008,23.357812843820785,26.91428963765802,1244.2801503787218
436,99.368,1088.111,0.000873,253348.134,236549.638,136036.303,97.41687227844429,1.370813940627506,1.370813940627506,1147.6899160529583,89.20211770743066,7.001953545180943,7.001953545180943,1202.9708845953696,73.93088188652324,16.522463894271155,16.522463894271155,1230.9360527583563,88.60153472241363,22.931397039546116,26.366889702511102,1242.0275848001577
437,99.368,1088.111,0.000873,253348.134,236549.638,136036.303,97.62778112277996,1.2936163664177716,1.2936163664177716,1147.0817623702844,90.28504332896046,6.5310699436522635,6.5310699436522635,1200.9496740095478,76.30957384621146,15.544792893716995,15.544792893716995,1227.7706134562268,91.17878235664512,22.286824460466292,25.36261360160908,1239.1087879478507
438,99.368,1088.111,0.000873,253348.134,236549.638,136036.303,97.79288526659853,1.2314148089642856,1.2314148089642856,1146.5992654963745,91.18662003646806,6.127463604420596,6.127463604420596,1199.255078649539,78.40750886532116,14.651956074384346,14.651956074384346,1224.9985127164946,94.81027812363658,22.067271755754405,24.446511034241354,1235.7886373121542
439,99.368,1088.111,0.000873,253348.134,236549.638,136036.303,97.922146307045,1.1813463621611595,1.1813463621611595,1146.2167045903523,91.93483288771742,5.783223302560911,5.783223302560911,1197.8394185097586,80.24598768253074,13.843990781255219,13.843990781255219,1222.5827159308074,97.14956570688028,20.537792815293653,24.167919173967668,1233.1162680681005
440,99.368,1088.111,0.000873,253348.134,236549.638,136036.303,98.0233581516875,1.1410801857423154,1.1410801857423154,1145.913562517388,92.55402673912009,5.490883539395579,5.490883539395579,1196.6606902095443,81.84783419392024,13.118727994406704,13.118727994406704,1220.4872118511742,100.74217460747106,20.86445147078563,23.438818348846713,1232.4463894269106
441,99.368,1088.111,0.000873,253348.134,236549.638,136036.303,98.10261816654501,1.1087232246218075,1.1087232246218075,1145.673488061443,93.06516959081617,5.243567574596354,5.243567574596354,1195.6822313126825,83.23626225450809,12.472395913910905,12.472395913910905,1218.6775656225798,100.17793077984543,20.68226264933272,23.407592833320507,1230.4534317710104
442,99.368,1088.111,0.000873,253348.134,236549.638,136036.303,98.1646963869311,1.0827410306470622,1.0827410306470622,1145.4834615854004,93.48617385067902,5.035054864708692,5.035054864708692,1194.8722994193113,84.43404572623305,11.900134181914648,11.900134181914648,1217.121328713328,100.79699315900436,19.98213636963858,22.747101427719965,1229.2221738412536
443,99.368,1088.111,0.000873,253348.134,236549.638,136036.303,98.21332460428043,1.0618918813727773,1.0618918813727773,1145.3331250164897,93.83223783112503,4.859797164680302,4.859797164680302,1194.203608087541,85.46293962287383,11.396415755745354,11.396415755745354,1215.7883195768554,102.91343320060089,19.093358760597425,23.68435077181697,1227.3325195767782
444,99.368,1088.111,0.000873,253348.134,236549.638,136036.303,98.25142258294122,1.0451723396159345,1.0451723396159345,1145.2142444216076,94.1161833042555,4.7129011643253245,4.7129011643253245,1193.6528503735365,86.34330276041108,10.955381413082522,10.955381413082522,1214.6507906558234,104.08295633213903,19.906846347448646,22.024657959871714,1226.2213258061313
445,99.368,1088.111,0.000873,253348.134,236549.638,136036.303,98.28127500849254,1.0317725021507445,1.0317725021507445,1145.1202794395408,94.34877448698191,4.590090541206731,4.590090541206731,1193.2002316676596,87.09387742872343,10.571096177726874,10.571096177726874,1213.6834987960476,103.83801026567666,19.441826246737104,21.70928588037832,1226.0729078410593
446,99.368,1088.111,0.000873,253348.134,236549.638,136036.303,98.3046698626535,1.021039362031319,1.021039362031319,1145.0460387223352,94.53901041728118,4.487656512833088,4.487656512833088,1192.8290263089848,87.73168783545785,10.237738789706485,10.237738789706485,1212.863696668665,106.03124951352584,19.47991707461401,22.110561022776004,1224.4608712693773
447,99.368,1088.111,0.000873,253348.134,236549.638,136036.303,98.32300661840493,1.0124469092205526,1.0124469092205526,1144.9874045153242,94.69438711125963,4.402403140067902,4.402403140067902,1192.5251669192046,88.27202551187767,9.949735605650192,9.949735605650192,1212.1710623441825,106.26754521043851,18.95147223033692,21.70773004171151,1224.4239631631756
448,99.368,1088.111,0.000873,253348.134,236549.638,136036.303,98.33738083336827,1.00557179268008,1.00557179268008,1144.9411127418614,94.82112876882024,4.331591561455431,4.331591561455431,1192.2768712436723,88.72849595833479,9.701849651173244,9.701849651173244,1211.5875829063248,107.57083099789101,18.690204820714303,21.687763820331735,1223.708775901686
449,99.368,1088.111,0.000873,253348.134,236549.638,136036.303,98.34865029121974,1.0000735508404757,1.0000735508404757,1144.9045775900074,94.92438908185116,4.272885846338009,4.272885846338009,1192.0743082686429,89.11310624788256,9.489234399889197,9.489234399889197,1211.0974061989725,107.02247153844662,18.301871951118535,21.473411552462665,1223.724459091817
450,99.368,1088.111,0.000873,253348.134,236549.638,136036.303,98.35748671971753,0.9956785808190863,0.9956785808190863,1144.875751734725,95.0084247309046,4.224302098238508,4.224302098238508,1191.9093032699507,89.43637797790453,9.307460513182674,9.307460513182674,1210.6866727207762,108.5791942302139,18.343889062425575,21.214862647789325,1222.9314026862987
451,99.368,1088.111,0.000873,253348.134,236549.638,136036.303,98.36441623516221,0.99216715843435,0.99216715843435,1144.8530150611214,95.07674367934389,4.184161705192333,4.184161705192333,1191.775080039206,89.70747384805225,9.152522419677343,9.152522419677343,1210.3433375293735,108.98567657252188,18.777558297888017,20.973848161426666,1222.4754274962536
452,99.368,1088.111,0.000873,253348.134,236549.638,136036.303,98.36985097518361,0.989362941748616,0.989362941748616,1144.8350861561776,95.1322310628196,4.151049133286535,4.151049133286535,1191.6660376602204,89.93432929818414,9.020830345329951,9.020830345329951,1210.0569899451143,108.85432202784737,17.970400497082373,21.17829012224317,1222.6696452049523
453,99.368,1088.111,0.000873,253348.134,236549.638,136036.303,98.37411384366929,0.9871244924048214,0.9871244924048214,1144.8209519693287,95.17725544959058,4.123774327915887,4.123774327915887,1191.5775587319688,90.12378314449944,8.909192275330044,8.909192275330044,1209.8186769542765,107.87828239874874,18.084738472772344,21.167520998477148,1222.2391478376119
454,99.368,1088.111,0.000873,253348.134,236549.638,136036.303,98.37745787103435,0.9853384336791584,0.9853384336791584,1144.809811956268,95.21375809853576,4.1013395754442845,4.1013395754442845,1191.505845743629,90.28170309983139,8.814789356316137,8.814789356316137,1209.6207345608173,109.11973337024253,17.420744990654775,20.565631556772917,1222.219330099729
455,55.427,1315.311,0.001136,185654.248,220806.24800000002,212271.982,85.49611064429699,1.1780778228684032,1.1780778228684032,1202.688949946264,93.38171952173957,3.9075859295387283,3.9075859295387283,1196.802694516309,90.50427685157517,8.432594543666296,8.432594543666296,1212.8472652619314,81.50241133170935,7.016088776787304,2.300139875656672,1204.5197109837034
456,55.427,1315.311,0.001136,185654.248,220806.24800000002,212271.982,75.59661294836673,2.053423145730554,2.053423145730554,1241.6477589714955,88.64635993333856,4.1267690891624005,4.1267690891624005,1213.8556946810304,89.55036018024131,8.2579282519062,8.2579282519062,1218.3606658666783,80.18743544198219,7.581464602230138,3.217890951275571,1209.3702670341204
457,55.427,1315.311,0.001136,185654.248,220806.24800000002,212271.982,67.70522400086298,3.526824628024174,3.526824628024174,1265.7570547560874,82.34509140448783,5.0288779735057005,5.0288779735057005,1233.750977250092,87.06644429885273,8.471867980766778,8.471867980766778,1227.227510582206,77.0019930000384,7.375517518290244,3.32969763460062,1219.2042624274293
458,55.427,1315.311,0.001136,185654.248,220806.24800000002,212271.982,61.46886323452047,5.198705385526802,5.198705385526802,1279.655373123103,75.3434089809747,6.635097332587834,6.635097332587834,1251.5331639073104,83.09453974053638,9.255658777622335,9.255658777622335,1238.1787550090596,72.64308413326863,8.930689665374453,4.3169666019154755,1229.5299998927649
459,55.427,1315.311,0.001136,185654.248,220806.24800000002,212271.982,56.71688091426623,6.7044243149539176,6.7044243149539176,1287.5348618930022,68.33225537886585,8.702665041322847,8.702665041322847,1265.4334997556375,77.91943863562223,10.667113578441379,10.667113578441379,1249.4557354156998,67.04065904358202,9.090953678251582,5.597485975547751,1241.0243999513843
460,55.427,1315.311,0.001136,185654.248,220806.24800000002,212271.982,53.22068139643866,7.891877604905516,7.891877604905516,1292.1827902220168,61.84798469852119,10.88423119136985,10.88423119136985,1275.6887105507567,71.98183978397903,12.595715373564659,12.595715373564659,1259.8181734055588,62.321750360632485,10.85617097275284,6.534376554299384,1250.9053961271852
461,55.427,1315.311,0.001136,185654.248,220806.24800000002,212271.982,50.70768137914722,8.762894670415148,8.762894670415148,1295.1103397747015,56.207129270606195,12.905410537672623,12.905410537672623,1283.2607012496715,65.77083022970585,14.817289784728517,14.817289784728517,1268.800482525668,55.71165511680698,13.275785197792953,8.710001471655946,1259.897178234749
462,55.427,1315.311,0.001136,185654.248,220806.24800000002,212271.982,48.92476392464396,9.378031975940097,9.378031975940097,1297.0660984168185,51.51225614963192,14.627986481199262,14.627986481199262,1289.0484864343437,59.71244045680853,17.093245566356188,17.093245566356188,1276.4840794996137,48.5738106041365,15.011496371475012,10.700822590127121,1267.4567296007147
463,55.427,1315.311,0.001136,185654.248,220806.24800000002,212271.982,47.6679938059709,9.804275520102772,9.804275520102772,1298.4231766055016,47.72150063668124,16.0217974337903,16.0217974337903,1293.6487136097708,54.10489304121871,19.24207353127862,19.24207353127862,1283.1587548667478,40.96697039792378,14.99934239485001,12.303580858220966,1273.859947156663
464,55.427,1315.311,0.001136,185654.248,220806.24800000002,212271.982,46.784614327710536,10.09698355085529,10.09698355085529,1299.382831596261,44.7224780214513,17.11480954204732,17.11480954204732,1297.3977780343084,49.112178958311645,21.159675699582092,21.159675699582092,1289.0976878939343,34.23237033299348,17.780766541225326,14.021226164395998,1279.307693029403
465,55.427,1315.311,0.001136,185654.248,220806.24800000002,212271.982,46.16430244159197,10.297209229489525,10.297209229489525,1300.0661981755243,42.3822592537174,17.956306103258378,17.956306103258378,1300.4774452798772,44.7920983981715,22.80636403443801,22.80636403443801,1294.4757729616313,31.79118483433891,18.15740320831086,15.325011805209098,1284.9855526535973
466,55.427,1315.311,0.001136,185654.248,220806.24800000002,212271.982,45.728773053465574,10.433972827491585,10.433972827491585,1300.5532766148508,40.57352287802058,18.597330168785938,18.597330168785938,1302.996519813744,41.13244339629576,24.184093124886047,24.184093124886047,1299.3740554321814,29.839810047924985,20.088000832575673,16.07663627467694,1289.156279422241
467,55.427,1315.311,0.001136,185654.248,220806.24800000002,212271.982,45.42291528760449,10.527348022493811,10.527348022493811,1300.8999097371025,39.185291086188634,19.082669583366545,19.082669583366545,1305.0355401322136,38.08149610619647,25.316765756116915,25.316765756116915,1303.8141560684594,24.485000503817435,20.7462630662573,17.29528028917553,1293.921402924332
468,55.427,1315.311,0.001136,185654.248,220806.24800000002,212271.982,45.208053564361435,10.591091898877623,10.591091898877623,1301.1460381354416,38.12552803373209,19.44879359199412,19.44879359199412,1306.6653236050947,35.56934181035828,26.237024519873646,26.237024519873646,1307.7923769105312,22.219808323521466,21.681819514440733,17.340567817512962,1297.3171680828407
469,55.427,1315.311,0.001136,185654.248,220806.24800000002,212271.982,45.05706911149933,10.634601166612464,10.634601166612464,1301.3204218024991,37.32006222600172,19.724314982393494,19.724314982393494,1307.9519076024296,33.521149890594025,26.978694810094563,26.978694810094563,1311.3030968348594,20.975002559443098,22.075787567365822,18.212285863666406,1301.3834061367734
470,55.427,1315.311,0.001136,185654.248,220806.24800000002,212271.982,44.950943950327385,10.664289853481673,10.664289853481673,1301.4437473188611,36.71016544139046,19.931265145965764,19.931265145965764,1308.9562026725473,31.864703445107498,27.573056227573,27.573056227573,1314.3509058568893,17.437608938913947,23.304816680867596,18.523103271177213,1303.583698281715
471,55.427,1315.311,0.001136,185654.248,220806.24800000002,212271.982,44.87633454290225,10.684537553160844,10.684537553160844,1301.5308385149578,36.24987844812868,20.08644957519424,20.08644957519424,1309.7325467512112,30.534206659402795,28.047374894698603,28.047374894698603,1316.9543533963902,17.165453673303794,22.472675696518106,20.37383757789635,1306.9354859096059
472,55.427,1315.311,0.001136,185654.248,220806.24800000002,212271.982,44.823873568618986,10.698336418862885,10.698336418862885,1301.5922745034616,35.90353530869736,20.202627378214007,20.202627378214007,1310.3277475840732,29.47183639562355,28.424635162025215,28.424635162025215,1319.1446376436609,16.288961007907975,24.400184131218964,20.235304985455972,1308.9172297118967
473,55.427,1315.311,0.001136,185654.248,220806.24800000002,212271.982,44.78698183557708,10.707731616164393,10.707731616164393,1301.6355779810383,35.64363710496638,20.289460914008327,20.289460914008327,1310.7809230102687,28.628002515242315,28.723834385214225,28.723834385214225,1320.9619301868372,15.880894404221179,25.2518296015246,20.397594020344908,1311.1939259642859
474,55.427,1315.311,0.001136,185654.248,220806.24800000002,212271.982,44.761036570378245,10.714121313768292,10.714121313768292,1301.6660828680135,35.44909477327911,20.35425491989248,20.35425491989248,1311.1239692886725,27.960917963391385,28.96049155920905,28.96049155920905,1322.4511524813565,15.18609229297705,25.158645145300515,20.521649632294654,1312.3092734894624
475,55.427,1315.311,0.001136,185654.248,220806.24800000002,212271.982,44.74278865117471,10.718461290983392,10.718461290983392,1301.6875628508008,35.30380919122338,20.402523518629927,20.402523518629927,1311.3823902418483,27.43583897961964,29.14719438236186,29.14719438236186,1323.6582321128483,15.908680752716602,24.439516522320318,20.193378026545385,1314.0780910664203
476,55.427,1315.311,0.001136,185654.248,220806.24800000002,212271.982,44.72995390449734,10.721404693448198,10.721404693448198,1301.7026834272629,35.195540428542124,20.438422722443963,20.438422722443963,1311.5762651899702,27.024184078903392,29.294106641559882,29.294106641559882,1324.627279797987,12.319175528176064,25.14822897212917,20.42639912858771,1314.1870838957354
477,55.427,1315.311,0.001136,185654.248,220806.24800000002,212271.982,44.72092625748817,10.723397605166351,10.723397605166351,1301.7133251094474,35.11501670695508,20.46507969373966,20.46507969373966,1311.7212098467655,26.702647803942472,29.409408384491986,29.409408384491986,1325.3987539266275,12.244390912257604,24.609965002491457,20.259349166542414,1314.975635920452
478,55.427,1315.311,0.001136,185654.248,220806.24800000002,212271.982,44.71457629325944,10.724744457628761,10.724744457628761,1301.7208134688744,35.05523801966286,20.48484322651139,20.48484322651139,1311.8292501211627,26.452369996976103,29.49966533596765,29.49966533596765,1326.0084814668303,13.131032697008568,24.394170369642353,21.45084996099404,1315.9890715800043
479,55.427,1315.311,0.001136,185654.248,220806.24800000002,212271.982,44.71010971789208,10.725652814198854,10.725652814198854,1301.726082329826,35.010935601967496,20.499474179857906,20.499474179857906,1311.909574501131,26.258189017260282,29.570133900666633,29.570133900666633,1326.4873290570526,11.19852993358132,24.814350359368476,20.60026077978862,1316.771976496355
480,55.427,1315.311,0.001136,185654.248,220806.24800000002,212271.982,44.70696788725568,10.726264035566338,10.726264035566338,1301.7297892571985,34.97815484869078,20.510290122316196,20.510290122316196,1311.969158525996,26.10798878362023,29.625011075182677,29.625011075182677,1326.8613159634083,12.234345138409655,24.321024262239057,21.20326495450332,1316.1812144538653
481,55.427,1315.311,0.001136,185654.248,220806.24800000002,212271.982,44.70475787745107,10.726674273171216,10.726674273171216,1301.7323971416495,34.95393516345145,20.518275046759513,20.518275046759513,1312.01326979589,25.992139154558767,29.667638546874382,29.667638546874382,1327.1519933753752,11.582042422545898,25.91701204081654,21.230000437724467,1316.4322188434924
482,55.427,1315.311,0.001136,185654.248,220806.24800000002,212271.982,44.703203315710695,10.726948834869413,10.726948834869413,1301.734231762623,34.93606535982759,20.524162446027812,20.524162446027812,1312.0458686606526,25.903023628365816,29.700669120796846,29.700669120796846,1327.3769580738388,12.90733121851202,25.860261838959772,21.450392240462328,1316.362600001892
483,55.427,1315.311,0.001136,185654.248,220806.24800000002,212271.982,44.70210980409429,10.727132008995202,10.727132008995202,1301.7355223663417,34.92289757245806,20.528498090774132,20.528498090774132,1312.0699216008627,25.834645675760076,29.72620226287928,29.72620226287928,1327.5504098520282,12.208681968670117,25.38041565226291,21.20025708089414,1317.4523942914748
484,55.427,1315.311,0.001136,185654.248,220806.24800000002,212271.982,44.70134060282973,10.72725377719766,10.72725377719766,1301.7364302525277,34.913206222914184,20.53168736525003,20.53168736525003,1312.0876436221556,25.782304036367677,29.745894315136646,29.745894315136646,1327.6836957590415,11.43416913196966,26.133080168817276,21.552809540299467,1317.0492674578632
485,55.427,1315.311,0.001136,185654.248,220806.24800000002,212271.982,44.70079952791884,10.727334396975996,10.727334396975996,1301.7370689044578,34.90608150329773,20.534030878571908,20.534030878571908,1312.100684114039,25.74232731491098,29.761047917739234,29.761047917739234,1327.7858091453431,12.489731838823706,25.387538355630554,21.30395105499686,1317.8654326182643
486,55.427,1315.311,0.001136,185654.248,220806.24800000002,212271.982,44.70041892213858,10.727387526540548,10.727387526540548,1301.7375181596005,34.900849184189205,20.535751194429544,20.535751194429544,1312.1102683671656,25.711858773872386,29.77268435505239,29.77268435505239,1327.8638285664317,11.802567329062756,24.38780434167898,21.64690066552166,1317.3655652463283
487,55.427,1315.311,0.001136,185654.248,220806.24800000002,212271.982,44.70015119415447,10.727422353066375,10.727422353066375,1301.7378341828792,34.897010415751566,20.53701284934198,20.53701284934198,1312.1173047167536,25.688683069711956,29.781601890491473,29.781601890491473,1327.9232925110364,12.09803238753154,25.697747948388034,20.70752520511256,1316.9978794113551
488,55.427,1315.311,0.001136,185654.248,220806.24800000002,212271.982,44.69996286721816,10.72744504021978,10.72744504021978,1301.7380564847488,34.8941966569082,20.53793731207554,20.53793731207554,1312.122465280909,25.671087652208865,29.788422629175265,29.788422629175265,1327.9685123553418,11.143696794026214,25.616073689726115,21.277202721886198,1317.0871097214992
489,55.427,1315.311,0.001136,185654.248,220806.24800000002,212271.982,44.69983039301512,10.72745971122021,10.72745971122021,1301.738212859188,34.89213601267223,20.538614139436632,20.538614139436632,1312.1262465619013,25.657752537159393,29.793630016721714,29.793630016721714,1328.0028293311038,10.374295034803483,25.574121322759932,20.77075744021765,1317.5185594529235
490,82.946,1111.45,0.000925,234488.08499999996,144004.445,251499.71600000001,51.680852332632966,10.41489353809521,10.41489353809521,1264.0783676754763,35.58748273739507,20.724939567538378,20.724939567538378,1299.3838166759633,25.027563096381147,30.498418797782602,30.498418797782602,1333.4765237050044,26.20500774709785,29.748567344019026,30.857343962040567,1335.6882167385063
491,82.946,1111.45,0.000925,234488.08499999996,144004.445,251499.71600000001,57.84214771336939,9.306124162677914,9.306124162677914,1240.4444516771089,38.169078977232765,20.213440655102684,20.213440655102684,1287.3779773929816,24.90538747010714,31.057030654590633,31.057030654590633,1333.7272973555619,24.566117428206844,29.662022828293825,31.855298143779663,1336.2521093671394
492,82.946,1111.45,0.000925,234488.08499999996,144004.445,251499.71600000001,62.90219808512804,8.074249297863073,8.074249297863073,1223.701941848986,41.75816423662501,19.25513619927113,19.25513619927113,1276.1056278285048,25.606467081679995,31.26927317111884,31.26927317111884,1331.3614781536019,27.371801598176674,29.71762646156285,31.458662737384408,1333.412910151826
493,82.946,1111.45,0.000925,234488.08499999996,144004.445,251499.71600000001,66.95631221978792,6.920650211821687,6.920650211821687,1211.2567530992906,45.778650857204404,18.032820791969936,18.032820791969936,1265.6119367976269,27.111283127241286,31.121272672080647,31.121272672080647,1327.0520720886334,27.424688739568197,30.537339828065594,32.495179746423155,1329.1221438648272
494,82.946,1111.45,0.000925,234488.08499999996,144004.445,251499.71600000001,70.1655642236264,5.909047592658053,5.909047592658053,1201.7920227274526,49.86400494183083,16.677420334687188,16.677420334687188,1256.0018927872597,29.289054439810126,30.644473151042604,30.644473151042604,1321.3076392978705,29.26092231863507,29.249740316861857,31.21122335621673,1323.1667288711876
495,82.946,1111.45,0.000925,234488.08499999996,144004.445,251499.71600000001,72.68849781770184,5.051219242653703,5.051219242653703,1194.5069983452656,53.78830144107386,15.283609674882582,15.283609674882582,1247.3472236108776,31.975656151479928,29.884754293797325,29.884754293797325,1314.6772387473484,34.60862322598404,29.452562589003293,30.080593575401792,1317.0661228938236
496,82.946,1111.45,0.000925,234488.08499999996,144004.445,251499.71600000001,74.66327824908417,4.338048371544009,4.338048371544009,1188.8619407761742,57.42106217800712,13.918232862784363,13.918232862784363,1239.6666012087067,35.00556552795644,28.89542011642349,28.89542011642349,1307.6553426716887,37.97950149948774,27.135920608850704,29.76247518608607,1310.1293744107654
497,82.946,1111.45,0.000925,234488.08499999996,144004.445,251499.71600000001,76.20455536103964,3.752661998770733,3.752661998770733,1184.470657102362,60.69651404866399,12.625982057025961,12.625982057025961,1232.9348040640068,38.22741914661187,27.733193987729962,27.733193987729962,1300.6199424458414,41.3683207775294,26.59830521611755,28.788911354158312,1302.9114469031324
498,82.946,1111.45,0.000925,234488.08499999996,144004.445,251499.71600000001,77.40512736823175,3.2763450495831137,3.2763450495831137,1181.0469218059334,63.591950178927256,11.43414968455374,11.43414968455374,1227.0968680724652,41.51175151262601,26.454255007458983,26.454255007458983,1293.828684267714,43.30411193350217,26.2797670790647,28.383797916542317,1296.0990548053248
499,82.946,1111.45,0.000925,234488.08499999996,144004.445,251499.71600000001,78.33903213228852,2.8911906474075177,2.8911906474075177,1178.3740663874746,66.11232414367309,10.356832879212124,10.356832879212124,1222.0802077800665,44.75400942166072,25.110754424227217,25.110754424227217,1287.4414740774052,49.037221148081535,24.964131377034604,27.07041729077684,1290.7199325094775
